Clump Interarrival,Clump Duration,Clump Size,Clump Packets,Clump Direction
0.0,0.0,108,1,-1
-0.00047894,0.00047894,348,2,1
0.0,0.0,108,1,-1
0.0,0.0,174,1,1
0.0,0.0,108,1,-1
0.0,0.0,177,1,1
0.0,0.0,108,1,-1
0.0,0.0,172,1,1
0.0,0.0,108,1,-1
0.0,0.0,177,1,1
0.0,0.0,108,1,-1
0.0,0.0,174,1,1
0.0,0.0,108,1,-1
0.0,0.0,174,1,1
0.0,0.0,108,1,-1
0.0,0.0,177,1,1
0.0,0.0,108,1,-1
0.0,0.0,174,1,1
0.0,0.0,108,1,-1
0.0,0.0,172,1,1
0.0,0.0,108,1,-1
0.0,0.0,174,1,1
0.0,0.0,108,1,-1
0.0,0.0,177,1,1
0.0,0.0,108,1,-1
0.0,0.0,177,1,1
0.0,0.0,108,1,-1
0.0,0.0,174,1,1
0.0,0.0,108,1,-1
0.0,0.0,174,1,1
0.0,0.0,108,1,-1
0.0,0.0,172,1,1
0.0,0.0,108,1,-1
0.0,0.0,174,1,1
0.0,0.0,108,1,-1
0.0,0.0,177,1,1
0.0,0.0,108,1,-1
0.0,0.0,172,1,1
0.0,0.0,108,1,-1
0.0,0.0,174,1,1
0.0,0.0,108,1,-1
0.0,0.0,172,1,1
0.0,0.0,108,1,-1
0.0,0.0,174,1,1
0.0,0.0,108,1,-1
0.0,0.0,177,1,1
0.0,0.0,108,1,-1
0.0,0.0,174,1,1
0.0,0.0,108,1,-1
0.0,0.0,172,1,1
0.0,0.0,108,1,-1
0.0,0.0,177,1,1
0.0,0.0,108,1,-1
0.0,0.0,174,1,1
0.0,0.0,108,1,-1
0.0,0.0,177,1,1
0.0,0.0,108,1,-1
0.0,0.0,174,1,1
0.0,0.0,108,1,-1
0.0,0.0,174,1,1
0.0,0.0,108,1,-1
0.0,0.0,174,1,1
0.0,0.0,108,1,-1
0.0,0.0,174,1,1
0.0,0.0,108,1,-1
0.0,0.0,172,1,1
0.0,0.0,108,1,-1
0.0,0.0,172,1,1
0.0,0.0,108,1,-1
0.0,0.0,174,1,1
0.0,0.0,108,1,-1
0.0,0.0,172,1,1
0.0,0.0,108,1,-1
0.0,0.0,174,1,1
0.0,0.0,108,1,-1
0.0,0.0,172,1,1
0.0,0.0,108,1,-1
0.0,0.0,177,1,1
0.0,0.0,108,1,-1
0.0,0.0,174,1,1
0.0,0.0,108,1,-1
0.0,0.0,172,1,1
0.0,0.0,108,1,-1
0.0,0.0,177,1,1
0.0,0.0,108,1,-1
0.0,0.0,177,1,1
0.0,0.0,108,1,-1
0.0,0.0,177,1,1
0.0,0.0,108,1,-1
0.0,0.0,177,1,1
0.0,0.0,108,1,-1
0.0,0.0,174,1,1
0.0,0.0,108,1,-1
0.0,0.0,177,1,1
0.0,0.0,108,1,-1
0.0,0.0,177,1,1
0.0,0.0,108,1,-1
0.0,0.0,174,1,1
0.0,0.0,108,1,-1
0.0,0.0,172,1,1
0.0,0.0,108,1,-1
0.0,0.0,177,1,1
0.0,0.0,108,1,-1
0.0,0.0,177,1,1
0.0,0.0,108,1,-1
0.0,0.0,174,1,1
0.0,0.0,108,1,-1
0.0,0.0,177,1,1
0.0,0.0,108,1,-1
0.0,0.0,172,1,1
0.0,0.0,108,1,-1
0.0,0.0,177,1,1
0.0,0.0,108,1,-1
0.0,0.0,177,1,1
0.0,0.0,108,1,-1
0.0,0.0,174,1,1
0.0,0.0,108,1,-1
0.0,0.0,177,1,1
0.0,0.0,108,1,-1
0.0,0.0,177,1,1
0.0,0.0,108,1,-1
0.0,0.0,174,1,1
0.0,0.0,108,1,-1
0.0,0.0,174,1,1
0.0,0.0,108,1,-1
0.0,0.0,172,1,1
0.0,0.0,108,1,-1
0.0,0.0,172,1,1
0.0,0.0,108,1,-1
0.0,0.0,177,1,1
0.0,0.0,108,1,-1
0.0,0.0,177,1,1
0.0,0.0,108,1,-1
0.0,0.0,174,1,1
0.0,0.0,108,1,-1
0.0,0.0,174,1,1
0.0,0.0,108,1,-1
0.0,0.0,177,1,1
0.0,0.0,108,1,-1
0.0,0.0,177,1,1
0.0,0.0,108,1,-1
0.0,0.0,172,1,1
0.0,0.0,108,1,-1
0.0,0.0,174,1,1
0.0,0.0,108,1,-1
0.0,0.0,177,1,1
0.0,0.0,108,1,-1
0.0,0.0,172,1,1
0.0,0.0,108,1,-1
0.0,0.0,172,1,1
0.0,0.0,108,1,-1
0.0,0.0,177,1,1
0.0,0.0,108,1,-1
0.0,0.0,174,1,1
0.0,0.0,108,1,-1
0.0,0.0,174,1,1
0.0,0.0,108,1,-1
0.0,0.0,172,1,1
0.0,0.0,108,1,-1
0.0,0.0,174,1,1
0.0,0.0,108,1,-1
0.0,0.0,177,1,1
0.0,0.0,108,1,-1
0.0,0.0,177,1,1
0.0,0.0,108,1,-1
0.0,0.0,177,1,1
0.0,0.0,108,1,-1
0.0,0.0,177,1,1
0.0,0.0,108,1,-1
0.0,0.0,177,1,1
0.0,0.0,108,1,-1
0.0,0.0,177,1,1
0.0,0.0,108,1,-1
0.0,0.0,172,1,1
0.0,0.0,108,1,-1
0.0,0.0,174,1,1
0.0,0.0,108,1,-1
0.0,0.0,174,1,1
0.0,0.0,108,1,-1
0.0,0.0,177,1,1
0.0,0.0,108,1,-1
0.0,0.0,172,1,1
0.0,0.0,108,1,-1
0.0,0.0,177,1,1
0.0,0.0,108,1,-1
0.0,0.0,172,1,1
0.0,0.0,108,1,-1
0.0,0.0,172,1,1
0.0,0.0,108,1,-1
0.0,0.0,172,1,1
0.0,0.0,108,1,-1
0.0,0.0,177,1,1
0.0,0.0,108,1,-1
0.0,0.0,172,1,1
0.0,0.0,108,1,-1
0.0,0.0,177,1,1
0.0,0.0,108,1,-1
0.0,0.0,172,1,1
0.0,0.0,108,1,-1
0.0,0.0,177,1,1
0.0,0.0,108,1,-1
0.0,0.0,172,1,1
0.0,0.0,108,1,-1
0.0,0.0,177,1,1
0.0,0.0,108,1,-1
0.0,0.0,177,1,1
0.0,0.0,108,1,-1
0.0,0.0,177,1,1
0.0,0.0,108,1,-1
0.0,0.0,177,1,1
0.0,0.0,108,1,-1
0.0,0.0,177,1,1
0.0,0.0,108,1,-1
0.0,0.0,174,1,1
0.0,0.0,108,1,-1
0.0,0.0,177,1,1
0.0,0.0,108,1,-1
0.0,0.0,174,1,1
0.0,0.0,108,1,-1
0.0,0.0,172,1,1
0.0,0.0,108,1,-1
0.0,0.0,174,1,1
0.0,0.0,108,1,-1
0.0,0.0,172,1,1
0.0,0.0,108,1,-1
0.0,0.0,172,1,1
0.0,0.0,108,1,-1
0.0,0.0,177,1,1
0.0,0.0,108,1,-1
0.0,0.0,177,1,1
0.0,0.0,108,1,-1
0.0,0.0,172,1,1
0.0,0.0,108,1,-1
0.0,0.0,174,1,1
0.0,0.0,108,1,-1
0.0,0.0,174,1,1
0.0,0.0,108,1,-1
0.0,0.0,172,1,1
0.0,0.0,108,1,-1
0.0,0.0,174,1,1
0.0,0.0,108,1,-1
0.0,0.0,174,1,1
0.0,0.0,108,1,-1
0.0,0.0,177,1,1
0.0,0.0,108,1,-1
0.0,0.0,177,1,1
0.0,0.0,108,1,-1
0.0,0.0,174,1,1
0.0,0.0,108,1,-1
0.0,0.0,172,1,1
0.0,0.0,108,1,-1
0.0,0.0,172,1,1
0.0,0.0,108,1,-1
0.0,0.0,174,1,1
0.0,0.0,108,1,-1
0.0,0.0,172,1,1
0.0,0.0,108,1,-1
0.0,0.0,172,1,1
0.0,0.0,108,1,-1
0.0,0.0,174,1,1
0.0,0.0,108,1,-1
0.0,0.0,177,1,1
0.0,0.0,108,1,-1
0.0,0.0,172,1,1
0.0,0.0,108,1,-1
0.0,0.0,172,1,1
0.0,0.0,108,1,-1
0.0,0.0,177,1,1
0.0,0.0,108,1,-1
0.0,0.0,177,1,1
0.0,0.0,108,1,-1
0.0,0.0,174,1,1
0.0,0.0,108,1,-1
0.0,0.0,177,1,1
0.0,0.0,108,1,-1
0.0,0.0,177,1,1
0.0,0.0,108,1,-1
0.0,0.0,172,1,1
0.0,0.0,108,1,-1
0.0,0.0,172,1,1
0.0,0.0,108,1,-1
0.0,0.0,172,1,1
0.0,0.0,108,1,-1
0.0,0.0,172,1,1
0.0,0.0,108,1,-1
0.0,0.0,174,1,1
0.0,0.0,108,1,-1
0.0,0.0,174,1,1
0.0,0.0,108,1,-1
0.0,0.0,174,1,1
0.0,0.0,108,1,-1
0.0,0.0,177,1,1
0.0,0.0,108,1,-1
0.0,0.0,172,1,1
0.0,0.0,108,1,-1
0.0,0.0,177,1,1
0.0,0.0,108,1,-1
0.0,0.0,177,1,1
0.0,0.0,108,1,-1
0.0,0.0,172,1,1
0.0,0.0,108,1,-1
0.0,0.0,172,1,1
0.0,0.0,108,1,-1
0.0,0.0,174,1,1
0.0,0.0,108,1,-1
0.0,0.0,172,1,1
0.0,0.0,108,1,-1
0.0,0.0,174,1,1
0.0,0.0,108,1,-1
0.0,0.0,172,1,1
0.0,0.0,108,1,-1
0.0,0.0,172,1,1
0.0,0.0,108,1,-1
0.0,0.0,174,1,1
0.0,0.0,108,1,-1
0.0,0.0,177,1,1
0.0,0.0,108,1,-1
0.0,0.0,177,1,1
0.0,0.0,108,1,-1
0.0,0.0,174,1,1
0.0,0.0,108,1,-1
0.0,0.0,174,1,1
0.0,0.0,108,1,-1
0.0,0.0,174,1,1
0.0,0.0,108,1,-1
0.0,0.0,177,1,1
0.0,0.0,108,1,-1
0.0,0.0,172,1,1
0.0,0.0,108,1,-1
0.0,0.0,172,1,1
0.0,0.0,108,1,-1
0.0,0.0,174,1,1
0.0,0.0,108,1,-1
0.0,0.0,172,1,1
0.0,0.0,108,1,-1
0.0,0.0,172,1,1
0.0,0.0,108,1,-1
0.0,0.0,177,1,1
0.0,0.0,108,1,-1
0.0,0.0,174,1,1
0.0,0.0,108,1,-1
0.0,0.0,172,1,1
0.0,0.0,108,1,-1
0.0,0.0,172,1,1
0.0,0.0,108,1,-1
0.0,0.0,174,1,1
0.0,0.0,108,1,-1
0.0,0.0,177,1,1
0.0,0.0,108,1,-1
0.0,0.0,174,1,1
0.0,0.0,108,1,-1
0.0,0.0,177,1,1
0.0,0.0,108,1,-1
0.0,0.0,172,1,1
0.0,0.0,108,1,-1
0.0,0.0,177,1,1
0.0,0.0,108,1,-1
0.0,0.0,177,1,1
0.0,0.0,108,1,-1
0.0,0.0,172,1,1
0.0,0.0,108,1,-1
0.0,0.0,177,1,1
0.0,0.0,108,1,-1
0.0,0.0,172,1,1
0.0,0.0,108,1,-1
0.0,0.0,177,1,1
0.0,0.0,108,1,-1
0.0,0.0,174,1,1
0.0,0.0,108,1,-1
0.0,0.0,172,1,1
0.0,0.0,108,1,-1
0.0,0.0,177,1,1
0.0,0.0,108,1,-1
0.0,0.0,177,1,1
0.0,0.0,108,1,-1
0.0,0.0,174,1,1
0.0,0.0,108,1,-1
0.0,0.0,172,1,1
0.0,0.0,108,1,-1
0.0,0.0,174,1,1
0.0,0.0,108,1,-1
0.0,0.0,174,1,1
0.0,0.0,108,1,-1
0.0,0.0,174,1,1
0.0,0.0,108,1,-1
0.0,0.0,174,1,1
0.0,0.0,108,1,-1
0.0,0.0,177,1,1
0.0,0.0,108,1,-1
0.0,0.0,177,1,1
0.0,0.0,108,1,-1
0.0,0.0,177,1,1
0.0,0.0,108,1,-1
0.0,0.0,177,1,1
0.0,0.0,108,1,-1
0.0,0.0,174,1,1
0.0,0.0,108,1,-1
0.0,0.0,177,1,1
0.0,0.0,108,1,-1
0.0,0.0,177,1,1
0.0,0.0,108,1,-1
0.0,0.0,174,1,1
0.0,0.0,108,1,-1
0.0,0.0,172,1,1
0.0,0.0,108,1,-1
0.0,0.0,172,1,1
0.0,0.0,108,1,-1
0.0,0.0,174,1,1
0.0,0.0,108,1,-1
0.0,0.0,174,1,1
0.0,0.0,108,1,-1
0.0,0.0,174,1,1
0.0,0.0,108,1,-1
0.0,0.0,172,1,1
0.0,0.0,108,1,-1
0.0,0.0,174,1,1
0.0,0.0,108,1,-1
0.0,0.0,177,1,1
0.0,0.0,108,1,-1
0.0,0.0,172,1,1
0.0,0.0,108,1,-1
0.0,0.0,172,1,1
0.0,0.0,108,1,-1
0.0,0.0,172,1,1
0.0,0.0,108,1,-1
0.0,0.0,174,1,1
0.0,0.0,108,1,-1
0.0,0.0,174,1,1
0.0,0.0,108,1,-1
0.0,0.0,174,1,1
0.0,0.0,108,1,-1
0.0,0.0,174,1,1
0.0,0.0,108,1,-1
0.0,0.0,177,1,1
0.0,0.0,108,1,-1
0.0,0.0,174,1,1
0.0,0.0,108,1,-1
0.0,0.0,174,1,1
0.0,0.0,108,1,-1
0.0,0.0,174,1,1
0.0,0.0,108,1,-1
0.0,0.0,177,1,1
0.0,0.0,108,1,-1
0.0,0.0,174,1,1
0.0,0.0,108,1,-1
0.0,0.0,177,1,1
0.0,0.0,108,1,-1
0.0,0.0,172,1,1
0.0,0.0,108,1,-1
0.0,0.0,174,1,1
0.0,0.0,108,1,-1
0.0,0.0,177,1,1
0.0,0.0,108,1,-1
0.0,0.0,174,1,1
0.0,0.0,108,1,-1
0.0,0.0,172,1,1
0.0,0.0,108,1,-1
0.0,0.0,177,1,1
0.0,0.0,108,1,-1
0.0,0.0,174,1,1
0.0,0.0,108,1,-1
0.0,0.0,172,1,1
0.0,0.0,108,1,-1
0.0,0.0,172,1,1
0.0,0.0,108,1,-1
0.0,0.0,174,1,1
0.0,0.0,108,1,-1
0.0,0.0,174,1,1
0.0,0.0,108,1,-1
0.0,0.0,172,1,1
0.0,0.0,108,1,-1
0.0,0.0,172,1,1
0.0,0.0,108,1,-1
0.0,0.0,174,1,1
0.0,0.0,108,1,-1
0.0,0.0,177,1,1
0.0,0.0,108,1,-1
0.0,0.0,174,1,1
0.0,0.0,108,1,-1
0.0,0.0,172,1,1
0.0,0.0,108,1,-1
0.0,0.0,177,1,1
0.0,0.0,108,1,-1
0.0,0.0,172,1,1
0.0,0.0,108,1,-1
0.0,0.0,177,1,1
0.0,0.0,108,1,-1
0.0,0.0,172,1,1
0.0,0.0,108,1,-1
0.0,0.0,174,1,1
0.0,0.0,108,1,-1
0.0,0.0,177,1,1
0.0,0.0,108,1,-1
0.0,0.0,172,1,1
0.0,0.0,108,1,-1
0.0,0.0,172,1,1
0.0,0.0,108,1,-1
0.0,0.0,172,1,1
0.0,0.0,108,1,-1
0.0,0.0,172,1,1
0.0,0.0,108,1,-1
0.0,0.0,172,1,1
0.0,0.0,108,1,-1
0.0,0.0,177,1,1
0.0,0.0,108,1,-1
0.0,0.0,177,1,1
0.0,0.0,108,1,-1
0.0,0.0,174,1,1
0.0,0.0,108,1,-1
0.0,0.0,172,1,1
0.0,0.0,108,1,-1
0.0,0.0,172,1,1
0.0,0.0,108,1,-1
0.0,0.0,172,1,1
0.0,0.0,108,1,-1
0.0,0.0,174,1,1
0.0,0.0,108,1,-1
0.0,0.0,177,1,1
0.0,0.0,108,1,-1
0.0,0.0,177,1,1
0.0,0.0,108,1,-1
0.0,0.0,174,1,1
0.0,0.0,108,1,-1
0.0,0.0,172,1,1
0.0,0.0,108,1,-1
0.0,0.0,174,1,1
0.0,0.0,108,1,-1
0.0,0.0,172,1,1
0.0,0.0,108,1,-1
0.0,0.0,174,1,1
0.0,0.0,108,1,-1
0.0,0.0,177,1,1
0.0,0.0,108,1,-1
0.0,0.0,172,1,1
0.0,0.0,108,1,-1
0.0,0.0,172,1,1
0.0,0.0,108,1,-1
0.0,0.0,172,1,1
0.0,0.0,108,1,-1
0.0,0.0,174,1,1
0.0,0.0,108,1,-1
0.0,0.0,177,1,1
0.0,0.0,108,1,-1
0.0,0.0,174,1,1
0.0,0.0,108,1,-1
0.0,0.0,177,1,1
0.0,0.0,108,1,-1
0.0,0.0,177,1,1
0.0,0.0,108,1,-1
0.0,0.0,177,1,1
0.0,0.0,108,1,-1
0.0,0.0,172,1,1
0.0,0.0,108,1,-1
0.0,0.0,174,1,1
0.0,0.0,108,1,-1
0.0,0.0,174,1,1
0.0,0.0,108,1,-1
0.0,0.0,172,1,1
0.0,0.0,108,1,-1
0.0,0.0,174,1,1
0.0,0.0,108,1,-1
0.0,0.0,177,1,1
0.0,0.0,108,1,-1
0.0,0.0,174,1,1
0.0,0.0,108,1,-1
0.0,0.0,172,1,1
0.0,0.0,108,1,-1
0.0,0.0,177,1,1
0.0,0.0,108,1,-1
0.0,0.0,172,1,1
0.0,0.0,108,1,-1
0.0,0.0,177,1,1
0.0,0.0,108,1,-1
0.0,0.0,174,1,1
0.0,0.0,108,1,-1
0.0,0.0,177,1,1
0.0,0.0,108,1,-1
0.0,0.0,174,1,1
0.0,0.0,108,1,-1
0.0,0.0,172,1,1
0.0,0.0,108,1,-1
0.0,0.0,177,1,1
0.0,0.0,108,1,-1
0.0,0.0,177,1,1
0.0,0.0,108,1,-1
0.0,0.0,177,1,1
0.0,0.0,108,1,-1
0.0,0.0,172,1,1
0.0,0.0,108,1,-1
0.0,0.0,172,1,1
0.0,0.0,108,1,-1
0.0,0.0,177,1,1
0.0,0.0,108,1,-1
0.0,0.0,172,1,1
0.0,0.0,108,1,-1
0.0,0.0,174,1,1
0.0,0.0,108,1,-1
0.0,0.0,177,1,1
0.0,0.0,108,1,-1
0.0,0.0,174,1,1
0.0,0.0,108,1,-1
0.0,0.0,177,1,1
0.0,0.0,108,1,-1
0.0,0.0,172,1,1
0.0,0.0,108,1,-1
0.0,0.0,177,1,1
0.0,0.0,108,1,-1
0.0,0.0,172,1,1
0.0,0.0,108,1,-1
0.0,0.0,177,1,1
0.0,0.0,108,1,-1
0.0,0.0,177,1,1
0.0,0.0,108,1,-1
0.0,0.0,177,1,1
0.0,0.0,108,1,-1
0.0,0.0,172,1,1
0.0,0.0,108,1,-1
0.0,0.0,151,1,1
0.0,0.0,108,1,-1
0.0,0.0,125,1,1
0.0,0.0,108,1,-1
0.0,0.0,125,1,1
0.0,0.0,108,1,-1
0.0,0.0,125,1,1
0.0,0.0,108,1,-1
0.0,0.0,125,1,1
0.0,0.0,108,1,-1
0.0,0.0,125,1,1
0.0,0.0,73,1,-1
0.0,0.0,90,1,1
0.0,0.0,73,1,-1
0.0,0.0,222,1,-1
0.0,0.0,421,1,1
0.0,0.0,173,1,-1
0.0,0.0,324,1,1
0.0,0.0,90,1,1
0.0,0.0,153,1,-1
0.0,0.0,240,1,1
0.0,0.0,108,1,-1
0.0,0.0,177,1,1
0.0,0.0,108,1,-1
0.0,0.0,177,1,1
0.0,0.0,108,1,-1
0.0,0.0,174,1,1
0.0,0.0,108,1,-1
0.0,0.0,177,1,1
0.0,0.0,108,1,-1
0.0,0.0,177,1,1
0.0,0.0,73,1,-1
0.0,0.0,90,1,1
0.0,0.0,108,1,-1
0.0,0.0,177,1,1
0.0,0.0,108,1,-1
0.0,0.0,177,1,1
0.0,0.0,108,1,-1
0.0,0.0,172,1,1
0.0,0.0,108,1,-1
0.0,0.0,172,1,1
0.0,0.0,108,1,-1
0.0,0.0,172,1,1
0.0,0.0,108,1,-1
0.0,0.0,177,1,1
0.0,0.0,108,1,-1
0.0,0.0,177,1,1
0.0,0.0,108,1,-1
0.0,0.0,172,1,1
0.0,0.0,108,1,-1
0.0,0.0,172,1,1
0.0,0.0,108,1,-1
0.0,0.0,172,1,1
0.0,0.0,108,1,-1
0.0,0.0,174,1,1
0.0,0.0,108,1,-1
0.0,0.0,174,1,1
0.0,0.0,108,1,-1
0.0,0.0,174,1,1
0.0,0.0,108,1,-1
0.0,0.0,174,1,1
0.0,0.0,108,1,-1
0.0,0.0,172,1,1
0.0,0.0,108,1,-1
0.0,0.0,172,1,1
0.0,0.0,108,1,-1
0.0,0.0,172,1,1
0.0,0.0,108,1,-1
0.0,0.0,172,1,1
0.0,0.0,108,1,-1
0.0,0.0,172,1,1
0.0,0.0,108,1,-1
0.0,0.0,177,1,1
0.0,0.0,108,1,-1
0.0,0.0,172,1,1
0.0,0.0,108,1,-1
0.0,0.0,177,1,1
0.0,0.0,108,1,-1
0.0,0.0,172,1,1
0.0,0.0,108,1,-1
0.0,0.0,174,1,1
0.0,0.0,108,1,-1
0.0,0.0,377,1,1
0.0,0.0,108,1,-1
0.0,0.0,377,1,1
0.0,0.0,108,1,-1
0.0,0.0,317,1,1
0.0,0.0,283,1,-1
0.0,0.0,368,1,1
0.0,0.0,283,1,-1
0.0,0.0,368,1,1
0.0,0.0,283,1,-1
0.0,0.0,370,1,1
0.0,0.0,122,1,-1
0.0,0.0,191,1,1
0.0,0.0,108,1,-1
0.0,0.0,177,1,1
0.0,0.0,108,1,-1
0.0,0.0,177,1,1
0.0,0.0,108,1,-1
0.0,0.0,177,1,1
0.0,0.0,108,1,-1
0.0,0.0,177,1,1
0.0,0.0,108,1,-1
0.0,0.0,177,1,1
0.0,0.0,108,1,-1
0.0,0.0,172,1,1
0.0,0.0,108,1,-1
0.0,0.0,174,1,1
0.0,0.0,108,1,-1
0.0,0.0,172,1,1
0.0,0.0,108,1,-1
0.0,0.0,174,1,1
0.0,0.0,108,1,-1
0.0,0.0,177,1,1
0.0,0.0,108,1,-1
0.0,0.0,177,1,1
0.0,0.0,108,1,-1
0.0,0.0,172,1,1
0.0,0.0,108,1,-1
0.0,0.0,174,1,1
0.0,0.0,108,1,-1
0.0,0.0,177,1,1
0.0,0.0,108,1,-1
0.0,0.0,172,1,1
0.0,0.0,108,1,-1
0.0,0.0,177,1,1
0.0,0.0,108,1,-1
0.0,0.0,174,1,1
0.0,0.0,108,1,-1
0.0,0.0,177,1,1
0.0,0.0,108,1,-1
0.0,0.0,174,1,1
0.0,0.0,108,1,-1
0.0,0.0,174,1,1
-0.00059973,0.00059973,164,2,-1
0.0,0.0,124,1,1
0.0,0.0,108,1,-1
0.0,0.0,172,1,1
0.0,0.0,108,1,-1
0.0,0.0,174,1,1
0.0,0.0,108,1,-1
0.0,0.0,174,1,1
0.0,0.0,108,1,-1
0.0,0.0,174,1,1
0.0,0.0,108,1,-1
0.0,0.0,177,1,1
0.0,0.0,108,1,-1
0.0,0.0,172,1,1
0.0,0.0,108,1,-1
0.0,0.0,177,1,1
0.0,0.0,108,1,-1
0.0,0.0,177,1,1
0.0,0.0,108,1,-1
0.0,0.0,177,1,1
0.0,0.0,108,1,-1
0.0,0.0,174,1,1
0.0,0.0,108,1,-1
0.0,0.0,172,1,1
0.0,0.0,108,1,-1
0.0,0.0,177,1,1
0.0,0.0,108,1,-1
0.0,0.0,174,1,1
0.0,0.0,108,1,-1
0.0,0.0,172,1,1
0.0,0.0,108,1,-1
0.0,0.0,172,1,1
0.0,0.0,108,1,-1
0.0,0.0,172,1,1
0.0,0.0,108,1,-1
0.0,0.0,172,1,1
0.0,0.0,108,1,-1
0.0,0.0,174,1,1
0.0,0.0,108,1,-1
0.0,0.0,174,1,1
0.0,0.0,108,1,-1
0.0,0.0,177,1,1
0.0,0.0,108,1,-1
0.0,0.0,172,1,1
0.0,0.0,108,1,-1
0.0,0.0,172,1,1
0.0,0.0,108,1,-1
0.0,0.0,172,1,1
0.0,0.0,108,1,-1
0.0,0.0,177,1,1
0.0,0.0,108,1,-1
0.0,0.0,174,1,1
0.0,0.0,108,1,-1
0.0,0.0,172,1,1
0.0,0.0,108,1,-1
0.0,0.0,174,1,1
0.0,0.0,108,1,-1
0.0,0.0,172,1,1
0.0,0.0,108,1,-1
0.0,0.0,172,1,1
0.0,0.0,108,1,-1
0.0,0.0,172,1,1
0.0,0.0,108,1,-1
0.0,0.0,174,1,1
0.0,0.0,108,1,-1
0.0,0.0,172,1,1
0.0,0.0,108,1,-1
0.0,0.0,172,1,1
0.0,0.0,108,1,-1
0.0,0.0,174,1,1
0.0,0.0,108,1,-1
0.0,0.0,172,1,1
0.0,0.0,108,1,-1
0.0,0.0,174,1,1
0.0,0.0,108,1,-1
0.0,0.0,177,1,1
0.0,0.0,108,1,-1
0.0,0.0,174,1,1
-0.000164004,0.000164004,144,2,-1
0.0,0.0,145,1,1
0.0,0.0,201,1,1
0.0,0.0,108,1,-1
0.0,0.0,177,1,1
0.0,0.0,108,1,-1
0.0,0.0,174,1,1
0.0,0.0,108,1,-1
0.0,0.0,177,1,1
0.0,0.0,108,1,-1
0.0,0.0,172,1,1
0.0,0.0,108,1,-1
0.0,0.0,172,1,1
0.0,0.0,108,1,-1
0.0,0.0,174,1,1
0.0,0.0,108,1,-1
0.0,0.0,177,1,1
0.0,0.0,108,1,-1
0.0,0.0,172,1,1
0.0,0.0,108,1,-1
0.0,0.0,177,1,1
0.0,0.0,108,1,-1
0.0,0.0,172,1,1
0.0,0.0,108,1,-1
0.0,0.0,177,1,1
0.0,0.0,108,1,-1
0.0,0.0,172,1,1
0.0,0.0,108,1,-1
0.0,0.0,177,1,1
0.0,0.0,108,1,-1
0.0,0.0,174,1,1
0.0,0.0,108,1,-1
0.0,0.0,177,1,1
0.0,0.0,108,1,-1
0.0,0.0,177,1,1
0.0,0.0,108,1,-1
0.0,0.0,174,1,1
0.0,0.0,108,1,-1
0.0,0.0,177,1,1
0.0,0.0,108,1,-1
0.0,0.0,172,1,1
0.0,0.0,108,1,-1
0.0,0.0,172,1,1
0.0,0.0,108,1,-1
0.0,0.0,177,1,1
0.0,0.0,108,1,-1
0.0,0.0,177,1,1
0.0,0.0,108,1,-1
0.0,0.0,174,1,1
0.0,0.0,108,1,-1
0.0,0.0,174,1,1
0.0,0.0,108,1,-1
0.0,0.0,177,1,1
0.0,0.0,108,1,-1
0.0,0.0,177,1,1
0.0,0.0,108,1,-1
0.0,0.0,174,1,1
0.0,0.0,108,1,-1
0.0,0.0,177,1,1
0.0,0.0,108,1,-1
0.0,0.0,177,1,1
0.0,0.0,108,1,-1
0.0,0.0,177,1,1
0.0,0.0,108,1,-1
0.0,0.0,174,1,1
0.0,0.0,108,1,-1
0.0,0.0,177,1,1
0.0,0.0,108,1,-1
0.0,0.0,174,1,1
0.0,0.0,108,1,-1
0.0,0.0,174,1,1
0.0,0.0,108,1,-1
0.0,0.0,172,1,1
0.0,0.0,108,1,-1
0.0,0.0,177,1,1
0.0,0.0,108,1,-1
0.0,0.0,172,1,1
0.0,0.0,108,1,-1
0.0,0.0,174,1,1
0.0,0.0,108,1,-1
0.0,0.0,172,1,1
0.0,0.0,108,1,-1
0.0,0.0,174,1,1
0.0,0.0,108,1,-1
0.0,0.0,177,1,1
0.0,0.0,108,1,-1
0.0,0.0,172,1,1
0.0,0.0,108,1,-1
0.0,0.0,177,1,1
0.0,0.0,108,1,-1
0.0,0.0,172,1,1
0.0,0.0,108,1,-1
0.0,0.0,174,1,1
0.0,0.0,108,1,-1
0.0,0.0,174,1,1
0.0,0.0,108,1,-1
0.0,0.0,174,1,1
0.0,0.0,108,1,-1
0.0,0.0,174,1,1
0.0,0.0,108,1,-1
0.0,0.0,174,1,1
0.0,0.0,108,1,-1
0.0,0.0,177,1,1
0.0,0.0,108,1,-1
0.0,0.0,174,1,1
0.0,0.0,108,1,-1
0.0,0.0,172,1,1
0.0,0.0,108,1,-1
0.0,0.0,172,1,1
0.0,0.0,108,1,-1
0.0,0.0,177,1,1
0.0,0.0,108,1,-1
0.0,0.0,172,1,1
0.0,0.0,108,1,-1
0.0,0.0,177,1,1
0.0,0.0,108,1,-1
0.0,0.0,174,1,1
0.0,0.0,108,1,-1
0.0,0.0,271,1,1
0.0,0.0,222,1,-1
0.0,0.0,128,1,-1
-2.7e-07,2.7e-07,596,2,1
0.0,0.0,108,1,-1
0.0,0.0,174,1,1
0.0,0.0,173,1,-1
0.0,0.0,324,1,1
0.0,0.0,108,1,-1
0.0,0.0,177,1,1
0.0,0.0,167,1,-1
0.0,0.0,251,1,1
0.0,0.0,175,1,-1
0.0,0.0,261,1,1
0.0,0.0,128,1,-1
0.0,0.0,254,1,1
0.0,0.0,108,1,-1
0.0,0.0,172,1,1
0.0,0.0,108,1,-1
0.0,0.0,177,1,1
0.0,0.0,108,1,-1
0.0,0.0,177,1,1
0.0,0.0,108,1,-1
0.0,0.0,177,1,1
0.0,0.0,108,1,-1
0.0,0.0,174,1,1
0.0,0.0,108,1,-1
0.0,0.0,174,1,1
0.0,0.0,108,1,-1
0.0,0.0,174,1,1
0.0,0.0,108,1,-1
0.0,0.0,177,1,1
0.0,0.0,108,1,-1
0.0,0.0,172,1,1
0.0,0.0,108,1,-1
0.0,0.0,174,1,1
0.0,0.0,108,1,-1
0.0,0.0,174,1,1
0.0,0.0,108,1,-1
0.0,0.0,177,1,1
0.0,0.0,108,1,-1
0.0,0.0,174,1,1
0.0,0.0,108,1,-1
0.0,0.0,172,1,1
0.0,0.0,108,1,-1
0.0,0.0,177,1,1
0.0,0.0,108,1,-1
0.0,0.0,174,1,1
0.0,0.0,108,1,-1
0.0,0.0,174,1,1
0.0,0.0,108,1,-1
0.0,0.0,172,1,1
0.0,0.0,108,1,-1
0.0,0.0,172,1,1
0.0,0.0,108,1,-1
0.0,0.0,172,1,1
0.0,0.0,108,1,-1
0.0,0.0,172,1,1
0.0,0.0,108,1,-1
0.0,0.0,172,1,1
0.0,0.0,108,1,-1
0.0,0.0,174,1,1
0.0,0.0,108,1,-1
0.0,0.0,172,1,1
0.0,0.0,108,1,-1
0.0,0.0,177,1,1
0.0,0.0,108,1,-1
0.0,0.0,172,1,1
0.0,0.0,108,1,-1
0.0,0.0,174,1,1
0.0,0.0,108,1,-1
0.0,0.0,177,1,1
0.0,0.0,108,1,-1
0.0,0.0,174,1,1
0.0,0.0,108,1,-1
0.0,0.0,174,1,1
0.0,0.0,108,1,-1
0.0,0.0,172,1,1
0.0,0.0,108,1,-1
0.0,0.0,177,1,1
0.0,0.0,108,1,-1
0.0,0.0,177,1,1
0.0,0.0,108,1,-1
0.0,0.0,177,1,1
0.0,0.0,108,1,-1
0.0,0.0,174,1,1
0.0,0.0,108,1,-1
0.0,0.0,174,1,1
0.0,0.0,108,1,-1
0.0,0.0,177,1,1
0.0,0.0,108,1,-1
0.0,0.0,177,1,1
0.0,0.0,108,1,-1
0.0,0.0,174,1,1
0.0,0.0,108,1,-1
0.0,0.0,172,1,1
0.0,0.0,108,1,-1
0.0,0.0,177,1,1
0.0,0.0,108,1,-1
0.0,0.0,172,1,1
0.0,0.0,108,1,-1
0.0,0.0,177,1,1
0.0,0.0,108,1,-1
0.0,0.0,177,1,1
0.0,0.0,108,1,-1
0.0,0.0,174,1,1
0.0,0.0,108,1,-1
0.0,0.0,172,1,1
0.0,0.0,108,1,-1
0.0,0.0,174,1,1
0.0,0.0,71,1,-1
0.0,0.0,153,1,1
0.0,0.0,108,1,-1
0.0,0.0,177,1,1
0.0,0.0,108,1,-1
0.0,0.0,177,1,1
0.0,0.0,108,1,-1
0.0,0.0,172,1,1
0.0,0.0,108,1,-1
0.0,0.0,172,1,1
0.0,0.0,108,1,-1
0.0,0.0,172,1,1
0.0,0.0,108,1,-1
0.0,0.0,177,1,1
0.0,0.0,108,1,-1
0.0,0.0,177,1,1
0.0,0.0,108,1,-1
0.0,0.0,177,1,1
0.0,0.0,108,1,-1
0.0,0.0,172,1,1
0.0,0.0,108,1,-1
0.0,0.0,172,1,1
0.0,0.0,108,1,-1
0.0,0.0,177,1,1
0.0,0.0,108,1,-1
0.0,0.0,177,1,1
0.0,0.0,108,1,-1
0.0,0.0,177,1,1
0.0,0.0,108,1,-1
0.0,0.0,174,1,1
0.0,0.0,108,1,-1
0.0,0.0,172,1,1
0.0,0.0,108,1,-1
0.0,0.0,177,1,1
0.0,0.0,108,1,-1
0.0,0.0,177,1,1
0.0,0.0,108,1,-1
0.0,0.0,174,1,1
0.0,0.0,108,1,-1
0.0,0.0,172,1,1
0.0,0.0,108,1,-1
0.0,0.0,177,1,1
0.0,0.0,108,1,-1
0.0,0.0,177,1,1
0.0,0.0,108,1,-1
0.0,0.0,172,1,1
0.0,0.0,108,1,-1
0.0,0.0,177,1,1
0.0,0.0,108,1,-1
0.0,0.0,172,1,1
0.0,0.0,108,1,-1
0.0,0.0,174,1,1
0.0,0.0,108,1,-1
0.0,0.0,172,1,1
0.0,0.0,108,1,-1
0.0,0.0,172,1,1
0.0,0.0,108,1,-1
0.0,0.0,174,1,1
0.0,0.0,108,1,-1
0.0,0.0,174,1,1
0.0,0.0,108,1,-1
0.0,0.0,172,1,1
0.0,0.0,108,1,-1
0.0,0.0,177,1,1
0.0,0.0,108,1,-1
0.0,0.0,177,1,1
0.0,0.0,108,1,-1
0.0,0.0,172,1,1
0.0,0.0,108,1,-1
0.0,0.0,172,1,1
0.0,0.0,108,1,-1
0.0,0.0,177,1,1
0.0,0.0,108,1,-1
0.0,0.0,172,1,1
0.0,0.0,108,1,-1
0.0,0.0,174,1,1
0.0,0.0,108,1,-1
0.0,0.0,174,1,1
0.0,0.0,108,1,-1
0.0,0.0,177,1,1
0.0,0.0,108,1,-1
0.0,0.0,172,1,1
0.0,0.0,108,1,-1
0.0,0.0,172,1,1
0.0,0.0,108,1,-1
0.0,0.0,174,1,1
0.0,0.0,108,1,-1
0.0,0.0,172,1,1
0.0,0.0,108,1,-1
0.0,0.0,172,1,1
0.0,0.0,108,1,-1
0.0,0.0,177,1,1
0.0,0.0,108,1,-1
0.0,0.0,174,1,1
0.0,0.0,108,1,-1
0.0,0.0,174,1,1
0.0,0.0,108,1,-1
0.0,0.0,177,1,1
0.0,0.0,108,1,-1
0.0,0.0,235,1,1
0.0,0.0,222,1,-1
0.0,0.0,128,1,-1
0.0,0.0,421,1,1
0.0,0.0,108,1,-1
0.0,0.0,177,1,1
0.0,0.0,173,1,-1
0.0,0.0,323,1,1
0.0,0.0,108,1,-1
0.0,0.0,177,1,1
0.0,0.0,149,1,-1
0.0,0.0,233,1,1
0.0,0.0,283,1,-1
0.0,0.0,370,1,1
0.0,0.0,120,1,-1
0.0,0.0,187,1,1
0.0,0.0,108,1,-1
0.0,0.0,177,1,1
0.0,0.0,108,1,-1
0.0,0.0,172,1,1
0.0,0.0,108,1,-1
0.0,0.0,177,1,1
0.0,0.0,108,1,-1
0.0,0.0,174,1,1
0.0,0.0,108,1,-1
0.0,0.0,177,1,1
0.0,0.0,108,1,-1
0.0,0.0,172,1,1
0.0,0.0,108,1,-1
0.0,0.0,172,1,1
0.0,0.0,108,1,-1
0.0,0.0,177,1,1
0.0,0.0,108,1,-1
0.0,0.0,172,1,1
0.0,0.0,108,1,-1
0.0,0.0,172,1,1
0.0,0.0,108,1,-1
0.0,0.0,177,1,1
0.0,0.0,108,1,-1
0.0,0.0,174,1,1
0.0,0.0,108,1,-1
0.0,0.0,172,1,1
0.0,0.0,108,1,-1
0.0,0.0,174,1,1
0.0,0.0,108,1,-1
0.0,0.0,172,1,1
0.0,0.0,108,1,-1
0.0,0.0,177,1,1
0.0,0.0,108,1,-1
0.0,0.0,177,1,1
0.0,0.0,108,1,-1
0.0,0.0,177,1,1
0.0,0.0,108,1,-1
0.0,0.0,172,1,1
0.0,0.0,108,1,-1
0.0,0.0,174,1,1
0.0,0.0,108,1,-1
0.0,0.0,174,1,1
0.0,0.0,108,1,-1
0.0,0.0,172,1,1
0.0,0.0,108,1,-1
0.0,0.0,174,1,1
0.0,0.0,108,1,-1
0.0,0.0,174,1,1
0.0,0.0,108,1,-1
0.0,0.0,177,1,1
0.0,0.0,108,1,-1
0.0,0.0,172,1,1
0.0,0.0,108,1,-1
0.0,0.0,172,1,1
0.0,0.0,108,1,-1
0.0,0.0,177,1,1
0.0,0.0,108,1,-1
0.0,0.0,174,1,1
0.0,0.0,108,1,-1
0.0,0.0,177,1,1
0.0,0.0,108,1,-1
0.0,0.0,174,1,1
0.0,0.0,108,1,-1
0.0,0.0,177,1,1
0.0,0.0,108,1,-1
0.0,0.0,177,1,1
0.0,0.0,108,1,-1
0.0,0.0,172,1,1
0.0,0.0,108,1,-1
0.0,0.0,177,1,1
0.0,0.0,108,1,-1
0.0,0.0,177,1,1
0.0,0.0,108,1,-1
0.0,0.0,177,1,1
0.0,0.0,108,1,-1
0.0,0.0,174,1,1
0.0,0.0,108,1,-1
0.0,0.0,172,1,1
0.0,0.0,108,1,-1
0.0,0.0,177,1,1
0.0,0.0,108,1,-1
0.0,0.0,177,1,1
0.0,0.0,108,1,-1
0.0,0.0,174,1,1
0.0,0.0,108,1,-1
0.0,0.0,172,1,1
0.0,0.0,108,1,-1
0.0,0.0,174,1,1
0.0,0.0,108,1,-1
0.0,0.0,172,1,1
0.0,0.0,108,1,-1
0.0,0.0,177,1,1
0.0,0.0,108,1,-1
0.0,0.0,172,1,1
0.0,0.0,108,1,-1
0.0,0.0,177,1,1
0.0,0.0,108,1,-1
0.0,0.0,177,1,1
0.0,0.0,108,1,-1
0.0,0.0,177,1,1
0.0,0.0,108,1,-1
0.0,0.0,177,1,1
0.0,0.0,108,1,-1
0.0,0.0,172,1,1
0.0,0.0,108,1,-1
0.0,0.0,174,1,1
0.0,0.0,108,1,-1
0.0,0.0,172,1,1
0.0,0.0,108,1,-1
0.0,0.0,172,1,1
0.0,0.0,108,1,-1
0.0,0.0,174,1,1
0.0,0.0,108,1,-1
0.0,0.0,174,1,1
0.0,0.0,108,1,-1
0.0,0.0,177,1,1
0.0,0.0,108,1,-1
0.0,0.0,174,1,1
0.0,0.0,108,1,-1
0.0,0.0,174,1,1
0.0,0.0,108,1,-1
0.0,0.0,172,1,1
0.0,0.0,108,1,-1
0.0,0.0,172,1,1
0.0,0.0,108,1,-1
0.0,0.0,172,1,1
0.0,0.0,108,1,-1
0.0,0.0,172,1,1
0.0,0.0,108,1,-1
0.0,0.0,172,1,1
0.0,0.0,108,1,-1
0.0,0.0,174,1,1
0.0,0.0,108,1,-1
0.0,0.0,172,1,1
0.0,0.0,108,1,-1
0.0,0.0,172,1,1
0.0,0.0,108,1,-1
0.0,0.0,174,1,1
0.0,0.0,108,1,-1
0.0,0.0,177,1,1
0.0,0.0,108,1,-1
0.0,0.0,174,1,1
0.0,0.0,108,1,-1
0.0,0.0,177,1,1
0.0,0.0,108,1,-1
0.0,0.0,172,1,1
0.0,0.0,108,1,-1
0.0,0.0,172,1,1
0.0,0.0,108,1,-1
0.0,0.0,172,1,1
0.0,0.0,108,1,-1
0.0,0.0,174,1,1
0.0,0.0,108,1,-1
0.0,0.0,177,1,1
0.0,0.0,108,1,-1
0.0,0.0,177,1,1
0.0,0.0,108,1,-1
0.0,0.0,174,1,1
0.0,0.0,108,1,-1
0.0,0.0,174,1,1
0.0,0.0,108,1,-1
0.0,0.0,174,1,1
0.0,0.0,108,1,-1
0.0,0.0,177,1,1
0.0,0.0,108,1,-1
0.0,0.0,172,1,1
0.0,0.0,108,1,-1
0.0,0.0,177,1,1
0.0,0.0,108,1,-1
0.0,0.0,174,1,1
0.0,0.0,108,1,-1
0.0,0.0,174,1,1
0.0,0.0,108,1,-1
0.0,0.0,174,1,1
0.0,0.0,108,1,-1
0.0,0.0,177,1,1
0.0,0.0,108,1,-1
0.0,0.0,174,1,1
0.0,0.0,108,1,-1
0.0,0.0,172,1,1
0.0,0.0,108,1,-1
0.0,0.0,177,1,1
0.0,0.0,108,1,-1
0.0,0.0,172,1,1
0.0,0.0,108,1,-1
0.0,0.0,174,1,1
0.0,0.0,108,1,-1
0.0,0.0,174,1,1
0.0,0.0,108,1,-1
0.0,0.0,177,1,1
0.0,0.0,108,1,-1
0.0,0.0,177,1,1
0.0,0.0,108,1,-1
0.0,0.0,174,1,1
0.0,0.0,108,1,-1
0.0,0.0,172,1,1
0.0,0.0,108,1,-1
0.0,0.0,177,1,1
0.0,0.0,108,1,-1
0.0,0.0,174,1,1
0.0,0.0,108,1,-1
0.0,0.0,172,1,1
0.0,0.0,108,1,-1
0.0,0.0,177,1,1
0.0,0.0,108,1,-1
0.0,0.0,174,1,1
0.0,0.0,108,1,-1
0.0,0.0,174,1,1
0.0,0.0,108,1,-1
0.0,0.0,172,1,1
0.0,0.0,108,1,-1
0.0,0.0,174,1,1
0.0,0.0,108,1,-1
0.0,0.0,174,1,1
0.0,0.0,108,1,-1
0.0,0.0,177,1,1
0.0,0.0,108,1,-1
0.0,0.0,174,1,1
0.0,0.0,108,1,-1
0.0,0.0,177,1,1
0.0,0.0,108,1,-1
0.0,0.0,177,1,1
0.0,0.0,108,1,-1
0.0,0.0,177,1,1
0.0,0.0,108,1,-1
0.0,0.0,174,1,1
0.0,0.0,108,1,-1
0.0,0.0,177,1,1
0.0,0.0,108,1,-1
0.0,0.0,172,1,1
0.0,0.0,108,1,-1
0.0,0.0,172,1,1
0.0,0.0,108,1,-1
0.0,0.0,174,1,1
0.0,0.0,108,1,-1
0.0,0.0,174,1,1
0.0,0.0,108,1,-1
0.0,0.0,174,1,1
0.0,0.0,108,1,-1
0.0,0.0,172,1,1
0.0,0.0,108,1,-1
0.0,0.0,172,1,1
0.0,0.0,108,1,-1
0.0,0.0,177,1,1
0.0,0.0,108,1,-1
0.0,0.0,174,1,1
0.0,0.0,108,1,-1
0.0,0.0,174,1,1
0.0,0.0,108,1,-1
0.0,0.0,172,1,1
0.0,0.0,108,1,-1
0.0,0.0,174,1,1
0.0,0.0,108,1,-1
0.0,0.0,177,1,1
0.0,0.0,108,1,-1
0.0,0.0,174,1,1
0.0,0.0,108,1,-1
0.0,0.0,172,1,1
0.0,0.0,108,1,-1
0.0,0.0,174,1,1
0.0,0.0,108,1,-1
0.0,0.0,177,1,1
0.0,0.0,108,1,-1
0.0,0.0,177,1,1
0.0,0.0,108,1,-1
0.0,0.0,174,1,1
0.0,0.0,108,1,-1
0.0,0.0,177,1,1
0.0,0.0,108,1,-1
0.0,0.0,172,1,1
0.0,0.0,108,1,-1
0.0,0.0,174,1,1
0.0,0.0,108,1,-1
0.0,0.0,174,1,1
0.0,0.0,74,1,-1
0.0,0.0,108,1,-1
0.0,0.0,172,1,1
-0.000303455,0.000303455,404,2,1
0.0,0.0,108,1,-1
0.0,0.0,177,1,1
0.0,0.0,108,1,-1
0.0,0.0,177,1,1
0.0,0.0,108,1,-1
0.0,0.0,177,1,1
0.0,0.0,108,1,-1
0.0,0.0,177,1,1
0.0,0.0,108,1,-1
0.0,0.0,177,1,1
0.0,0.0,108,1,-1
0.0,0.0,233,1,1
0.0,0.0,222,1,-1
0.0,0.0,128,1,-1
0.0,0.0,423,1,1
0.0,0.0,108,1,-1
0.0,0.0,172,1,1
0.0,0.0,173,1,-1
0.0,0.0,323,1,1
0.0,0.0,108,1,-1
0.0,0.0,172,1,1
0.0,0.0,149,1,-1
0.0,0.0,213,1,1
0.0,0.0,283,1,-1
0.0,0.0,368,1,1
0.0,0.0,120,1,-1
0.0,0.0,184,1,1
0.0,0.0,108,1,-1
0.0,0.0,177,1,1
0.0,0.0,108,1,-1
0.0,0.0,172,1,1
0.0,0.0,108,1,-1
0.0,0.0,177,1,1
0.0,0.0,108,1,-1
0.0,0.0,177,1,1
0.0,0.0,108,1,-1
0.0,0.0,174,1,1
0.0,0.0,108,1,-1
0.0,0.0,177,1,1
0.0,0.0,108,1,-1
0.0,0.0,174,1,1
0.0,0.0,108,1,-1
0.0,0.0,174,1,1
0.0,0.0,108,1,-1
0.0,0.0,172,1,1
0.0,0.0,108,1,-1
0.0,0.0,174,1,1
0.0,0.0,108,1,-1
0.0,0.0,177,1,1
0.0,0.0,108,1,-1
0.0,0.0,172,1,1
0.0,0.0,108,1,-1
0.0,0.0,177,1,1
0.0,0.0,108,1,-1
0.0,0.0,177,1,1
0.0,0.0,108,1,-1
0.0,0.0,174,1,1
0.0,0.0,108,1,-1
0.0,0.0,174,1,1
0.0,0.0,108,1,-1
0.0,0.0,172,1,1
0.0,0.0,108,1,-1
0.0,0.0,177,1,1
0.0,0.0,108,1,-1
0.0,0.0,174,1,1
0.0,0.0,108,1,-1
0.0,0.0,177,1,1
0.0,0.0,108,1,-1
0.0,0.0,174,1,1
0.0,0.0,108,1,-1
0.0,0.0,172,1,1
0.0,0.0,108,1,-1
0.0,0.0,177,1,1
0.0,0.0,108,1,-1
0.0,0.0,172,1,1
0.0,0.0,108,1,-1
0.0,0.0,174,1,1
0.0,0.0,108,1,-1
0.0,0.0,177,1,1
0.0,0.0,108,1,-1
0.0,0.0,108,1,-1
0.0,0.0,172,1,1
0.0,0.0,177,1,1
0.0,0.0,108,1,-1
0.0,0.0,172,1,1
0.0,0.0,108,1,-1
0.0,0.0,174,1,1
0.0,0.0,108,1,-1
0.0,0.0,177,1,1
0.0,0.0,108,1,-1
0.0,0.0,174,1,1
0.0,0.0,108,1,-1
0.0,0.0,174,1,1
0.0,0.0,108,1,-1
0.0,0.0,172,1,1
Clump Interarrival,Clump Duration,Clump Size,Clump Packets,Clump Direction
0.0,0.0,53,1,-1
0.0,0.0,250,1,1
Clump Interarrival,Clump Duration,Clump Size,Clump Packets,Clump Direction
0.0,0.0,53,1,-1
0.0,0.0,250,1,1
Clump Interarrival,Clump Duration,Clump Size,Clump Packets,Clump Direction
0.0,0.0,53,1,-1
0.0,0.0,250,1,1
Clump Interarrival,Clump Duration,Clump Size,Clump Packets,Clump Direction
0.0,0.0,53,1,-1
0.0,0.0,250,1,1
Clump Interarrival,Clump Duration,Clump Size,Clump Packets,Clump Direction
0.0,0.0,53,1,-1
0.0,0.0,87,1,-1
-0.000431429,0.000431429,179,2,-1
0.0,0.0,154,1,-1
0.0,0.0,250,1,1
0.0,0.0,146,1,1
Clump Interarrival,Clump Duration,Clump Size,Clump Packets,Clump Direction
0.0,0.0,53,1,-1
0.0,0.0,87,1,-1
-0.000808681,0.000808681,179,2,-1
0.0,0.0,154,1,-1
0.0,0.0,250,1,1
0.0,0.0,131,1,1
-0.000437769,0.000437769,412,4,-1
0.0,0.0,103,1,1
-0.000173547,0.000173547,108,2,-1
0.0,0.0,154,1,-1
0.0,0.0,167,1,1
-0.000107131,0.000107131,262,3,-1
0.0,0.0,103,1,1
-0.000214598,0.000214598,256,3,-1
0.0,0.0,103,1,1
-0.000633192,0.000633192,102,2,-1
0.0,0.0,154,1,-1
0.0,0.0,109,1,1
0.0,0.0,153,1,1
Clump Interarrival,Clump Duration,Clump Size,Clump Packets,Clump Direction
-0.000963763,0.000963763,418,4,-1
0.0,0.0,250,1,1
Clump Interarrival,Clump Duration,Clump Size,Clump Packets,Clump Direction
-0.000697802,0.000697802,473,5,-1
0.0,0.0,250,1,1
0.0,0.0,196,1,1
-0.000200358,0.000200358,205,2,-1
0.0,0.0,347,1,1
Clump Interarrival,Clump Duration,Clump Size,Clump Packets,Clump Direction
-0.001152169,0.001152169,627,6,-1
0.0,0.0,250,1,1
-0.000132541,0.000132541,256,3,-1
0.0,0.0,116,1,1
Clump Interarrival,Clump Duration,Clump Size,Clump Packets,Clump Direction
-0.000547645,0.000547645,627,6,-1
0.0,0.0,250,1,1
0.0,0.0,146,1,1
Clump Interarrival,Clump Duration,Clump Size,Clump Packets,Clump Direction
-0.000560349,0.000560349,473,5,-1
0.0,0.0,250,1,1
0.0,0.0,144,1,1
Clump Interarrival,Clump Duration,Clump Size,Clump Packets,Clump Direction
0.0,0.0,222,1,-1
0.0,0.0,421,1,1
0.0,0.0,173,1,-1
0.0,0.0,302,1,1
0.0,0.0,153,1,-1
0.0,0.0,240,1,1
0.0,0.0,108,1,-1
0.0,0.0,172,1,1
0.0,0.0,108,1,-1
0.0,0.0,177,1,1
0.0,0.0,108,1,-1
0.0,0.0,177,1,1
0.0,0.0,108,1,-1
0.0,0.0,177,1,1
0.0,0.0,108,1,-1
0.0,0.0,172,1,1
0.0,0.0,108,1,-1
0.0,0.0,177,1,1
0.0,0.0,108,1,-1
0.0,0.0,177,1,1
0.0,0.0,108,1,-1
0.0,0.0,174,1,1
0.0,0.0,108,1,-1
0.0,0.0,177,1,1
0.0,0.0,108,1,-1
0.0,0.0,174,1,1
0.0,0.0,108,1,-1
0.0,0.0,172,1,1
0.0,0.0,108,1,-1
0.0,0.0,177,1,1
0.0,0.0,108,1,-1
0.0,0.0,174,1,1
0.0,0.0,108,1,-1
0.0,0.0,177,1,1
0.0,0.0,108,1,-1
0.0,0.0,174,1,1
0.0,0.0,108,1,-1
0.0,0.0,362,1,1
0.0,0.0,108,1,-1
0.0,0.0,362,1,1
0.0,0.0,108,1,-1
0.0,0.0,371,1,1
0.0,0.0,283,1,-1
0.0,0.0,348,1,1
0.0,0.0,283,1,-1
0.0,0.0,370,1,1
0.0,0.0,283,1,-1
0.0,0.0,348,1,1
0.0,0.0,122,1,-1
0.0,0.0,189,1,1
0.0,0.0,108,1,-1
0.0,0.0,177,1,1
0.0,0.0,108,1,-1
0.0,0.0,174,1,1
0.0,0.0,108,1,-1
0.0,0.0,172,1,1
0.0,0.0,108,1,-1
0.0,0.0,177,1,1
0.0,0.0,108,1,-1
0.0,0.0,174,1,1
0.0,0.0,108,1,-1
0.0,0.0,172,1,1
0.0,0.0,108,1,-1
0.0,0.0,172,1,1
0.0,0.0,108,1,-1
0.0,0.0,174,1,1
0.0,0.0,108,1,-1
0.0,0.0,177,1,1
0.0,0.0,108,1,-1
0.0,0.0,172,1,1
0.0,0.0,108,1,-1
0.0,0.0,177,1,1
0.0,0.0,108,1,-1
0.0,0.0,235,1,1
0.0,0.0,222,1,-1
0.0,0.0,128,1,-1
0.0,0.0,399,1,1
0.0,0.0,194,1,1
0.0,0.0,108,1,-1
0.0,0.0,177,1,1
0.0,0.0,173,1,-1
0.0,0.0,302,1,1
0.0,0.0,108,1,-1
0.0,0.0,177,1,1
0.0,0.0,149,1,-1
0.0,0.0,235,1,1
0.0,0.0,283,1,-1
0.0,0.0,368,1,1
0.0,0.0,120,1,-1
0.0,0.0,189,1,1
0.0,0.0,108,1,-1
0.0,0.0,108,1,-1
0.0,0.0,174,1,1
0.0,0.0,177,1,1
0.0,0.0,108,1,-1
0.0,0.0,108,1,-1
0.0,0.0,172,1,1
0.0,0.0,177,1,1
0.0,0.0,108,1,-1
0.0,0.0,172,1,1
0.0,0.0,108,1,-1
0.0,0.0,174,1,1
0.0,0.0,108,1,-1
0.0,0.0,108,1,-1
0.0,0.0,172,1,1
0.0,0.0,174,1,1
0.0,0.0,108,1,-1
0.0,0.0,108,1,-1
0.0,0.0,174,1,1
0.0,0.0,172,1,1
0.0,0.0,108,1,-1
0.0,0.0,174,1,1
0.0,0.0,108,1,-1
0.0,0.0,174,1,1
0.0,0.0,108,1,-1
0.0,0.0,177,1,1
0.0,0.0,108,1,-1
0.0,0.0,172,1,1
0.0,0.0,108,1,-1
0.0,0.0,172,1,1
0.0,0.0,108,1,-1
0.0,0.0,172,1,1
0.0,0.0,108,1,-1
0.0,0.0,174,1,1
0.0,0.0,108,1,-1
0.0,0.0,172,1,1
0.0,0.0,108,1,-1
0.0,0.0,177,1,1
0.0,0.0,108,1,-1
0.0,0.0,174,1,1
0.0,0.0,108,1,-1
0.0,0.0,177,1,1
0.0,0.0,108,1,-1
0.0,0.0,174,1,1
0.0,0.0,108,1,-1
0.0,0.0,172,1,1
0.0,0.0,108,1,-1
0.0,0.0,174,1,1
0.0,0.0,108,1,-1
0.0,0.0,172,1,1
0.0,0.0,108,1,-1
0.0,0.0,172,1,1
0.0,0.0,108,1,-1
0.0,0.0,172,1,1
0.0,0.0,108,1,-1
0.0,0.0,172,1,1
0.0,0.0,108,1,-1
0.0,0.0,174,1,1
0.0,0.0,108,1,-1
0.0,0.0,177,1,1
0.0,0.0,108,1,-1
0.0,0.0,177,1,1
0.0,0.0,108,1,-1
0.0,0.0,172,1,1
0.0,0.0,108,1,-1
0.0,0.0,177,1,1
0.0,0.0,108,1,-1
0.0,0.0,172,1,1
0.0,0.0,108,1,-1
0.0,0.0,172,1,1
0.0,0.0,108,1,-1
0.0,0.0,177,1,1
0.0,0.0,108,1,-1
0.0,0.0,108,1,-1
0.0,0.0,174,1,1
0.0,0.0,174,1,1
0.0,0.0,108,1,-1
0.0,0.0,108,1,-1
0.0,0.0,174,1,1
0.0,0.0,174,1,1
0.0,0.0,108,1,-1
0.0,0.0,174,1,1
0.0,0.0,108,1,-1
0.0,0.0,177,1,1
0.0,0.0,108,1,-1
0.0,0.0,177,1,1
0.0,0.0,108,1,-1
0.0,0.0,177,1,1
0.0,0.0,108,1,-1
0.0,0.0,177,1,1
0.0,0.0,108,1,-1
0.0,0.0,172,1,1
0.0,0.0,108,1,-1
0.0,0.0,172,1,1
0.0,0.0,108,1,-1
0.0,0.0,177,1,1
0.0,0.0,108,1,-1
0.0,0.0,174,1,1
0.0,0.0,108,1,-1
0.0,0.0,172,1,1
0.0,0.0,108,1,-1
0.0,0.0,174,1,1
0.0,0.0,108,1,-1
0.0,0.0,172,1,1
0.0,0.0,108,1,-1
0.0,0.0,177,1,1
0.0,0.0,108,1,-1
0.0,0.0,172,1,1
0.0,0.0,108,1,-1
0.0,0.0,174,1,1
0.0,0.0,108,1,-1
0.0,0.0,172,1,1
0.0,0.0,108,1,-1
0.0,0.0,172,1,1
0.0,0.0,108,1,-1
0.0,0.0,177,1,1
0.0,0.0,108,1,-1
0.0,0.0,174,1,1
0.0,0.0,108,1,-1
0.0,0.0,177,1,1
0.0,0.0,108,1,-1
0.0,0.0,174,1,1
0.0,0.0,108,1,-1
0.0,0.0,172,1,1
0.0,0.0,108,1,-1
0.0,0.0,172,1,1
0.0,0.0,108,1,-1
0.0,0.0,174,1,1
0.0,0.0,108,1,-1
0.0,0.0,177,1,1
0.0,0.0,108,1,-1
0.0,0.0,174,1,1
0.0,0.0,108,1,-1
0.0,0.0,172,1,1
0.0,0.0,108,1,-1
0.0,0.0,174,1,1
0.0,0.0,108,1,-1
0.0,0.0,172,1,1
0.0,0.0,108,1,-1
0.0,0.0,172,1,1
0.0,0.0,108,1,-1
0.0,0.0,174,1,1
0.0,0.0,108,1,-1
0.0,0.0,172,1,1
0.0,0.0,108,1,-1
0.0,0.0,174,1,1
0.0,0.0,108,1,-1
0.0,0.0,177,1,1
0.0,0.0,108,1,-1
0.0,0.0,177,1,1
0.0,0.0,108,1,-1
0.0,0.0,177,1,1
0.0,0.0,108,1,-1
0.0,0.0,172,1,1
0.0,0.0,108,1,-1
0.0,0.0,174,1,1
0.0,0.0,108,1,-1
0.0,0.0,177,1,1
0.0,0.0,108,1,-1
0.0,0.0,172,1,1
0.0,0.0,108,1,-1
0.0,0.0,174,1,1
0.0,0.0,108,1,-1
0.0,0.0,177,1,1
0.0,0.0,108,1,-1
0.0,0.0,177,1,1
0.0,0.0,108,1,-1
0.0,0.0,172,1,1
0.0,0.0,108,1,-1
0.0,0.0,177,1,1
0.0,0.0,108,1,-1
0.0,0.0,177,1,1
0.0,0.0,108,1,-1
0.0,0.0,172,1,1
0.0,0.0,108,1,-1
0.0,0.0,177,1,1
0.0,0.0,108,1,-1
0.0,0.0,177,1,1
0.0,0.0,108,1,-1
0.0,0.0,172,1,1
0.0,0.0,108,1,-1
0.0,0.0,108,1,-1
0.0,0.0,177,1,1
0.0,0.0,172,1,1
0.0,0.0,108,1,-1
0.0,0.0,174,1,1
0.0,0.0,108,1,-1
0.0,0.0,172,1,1
0.0,0.0,108,1,-1
0.0,0.0,108,1,-1
0.0,0.0,174,1,1
0.0,0.0,172,1,1
0.0,0.0,108,1,-1
0.0,0.0,108,1,-1
0.0,0.0,172,1,1
0.0,0.0,172,1,1
0.0,0.0,108,1,-1
0.0,0.0,108,1,-1
0.0,0.0,177,1,1
0.0,0.0,172,1,1
0.0,0.0,108,1,-1
0.0,0.0,108,1,-1
0.0,0.0,177,1,1
0.0,0.0,177,1,1
0.0,0.0,108,1,-1
0.0,0.0,108,1,-1
0.0,0.0,174,1,1
0.0,0.0,172,1,1
0.0,0.0,108,1,-1
0.0,0.0,108,1,-1
0.0,0.0,172,1,1
0.0,0.0,172,1,1
0.0,0.0,108,1,-1
0.0,0.0,108,1,-1
0.0,0.0,172,1,1
0.0,0.0,174,1,1
0.0,0.0,108,1,-1
0.0,0.0,172,1,1
0.0,0.0,108,1,-1
0.0,0.0,172,1,1
0.0,0.0,108,1,-1
0.0,0.0,172,1,1
0.0,0.0,108,1,-1
0.0,0.0,174,1,1
0.0,0.0,108,1,-1
0.0,0.0,172,1,1
0.0,0.0,108,1,-1
0.0,0.0,174,1,1
0.0,0.0,108,1,-1
0.0,0.0,174,1,1
0.0,0.0,108,1,-1
0.0,0.0,172,1,1
0.0,0.0,108,1,-1
0.0,0.0,174,1,1
0.0,0.0,108,1,-1
0.0,0.0,172,1,1
0.0,0.0,108,1,-1
0.0,0.0,174,1,1
0.0,0.0,108,1,-1
0.0,0.0,174,1,1
0.0,0.0,108,1,-1
0.0,0.0,172,1,1
0.0,0.0,108,1,-1
0.0,0.0,177,1,1
0.0,0.0,108,1,-1
0.0,0.0,108,1,-1
-4.71e-07,4.71e-07,346,2,1
0.0,0.0,108,1,-1
0.0,0.0,108,1,-1
0.0,0.0,108,1,-1
0.0,0.0,108,1,-1
0.0,0.0,108,1,-1
0.0,0.0,108,1,-1
0.0,0.0,108,1,-1
0.0,0.0,108,1,-1
0.0,0.0,108,1,-1
0.0,0.0,108,1,-1
-3.91e-07,3.91e-07,349,2,1
-0.000146762,0.000146762,518,3,1
0.0,0.0,172,1,1
0.0,0.0,108,1,-1
0.0,0.0,177,1,1
0.0,0.0,108,1,-1
0.0,0.0,174,1,1
0.0,0.0,108,1,-1
0.0,0.0,108,1,-1
0.0,0.0,174,1,1
0.0,0.0,108,1,-1
0.0,0.0,174,1,1
0.0,0.0,108,1,-1
0.0,0.0,177,1,1
0.0,0.0,108,1,-1
0.0,0.0,108,1,-1
0.0,0.0,174,1,1
0.0,0.0,174,1,1
0.0,0.0,108,1,-1
0.0,0.0,108,1,-1
0.0,0.0,174,1,1
0.0,0.0,172,1,1
0.0,0.0,108,1,-1
0.0,0.0,108,1,-1
0.0,0.0,172,1,1
0.0,0.0,172,1,1
0.0,0.0,108,1,-1
0.0,0.0,172,1,1
0.0,0.0,108,1,-1
0.0,0.0,177,1,1
0.0,0.0,108,1,-1
0.0,0.0,174,1,1
0.0,0.0,108,1,-1
0.0,0.0,172,1,1
0.0,0.0,108,1,-1
0.0,0.0,108,1,-1
0.0,0.0,177,1,1
0.0,0.0,174,1,1
0.0,0.0,108,1,-1
0.0,0.0,108,1,-1
0.0,0.0,174,1,1
0.0,0.0,172,1,1
0.0,0.0,108,1,-1
0.0,0.0,108,1,-1
0.0,0.0,177,1,1
0.0,0.0,172,1,1
0.0,0.0,108,1,-1
0.0,0.0,108,1,-1
0.0,0.0,174,1,1
0.0,0.0,177,1,1
0.0,0.0,108,1,-1
0.0,0.0,108,1,-1
0.0,0.0,172,1,1
0.0,0.0,172,1,1
0.0,0.0,108,1,-1
0.0,0.0,108,1,-1
0.0,0.0,177,1,1
0.0,0.0,177,1,1
0.0,0.0,108,1,-1
0.0,0.0,108,1,-1
0.0,0.0,229,1,1
0.0,0.0,128,1,-1
0.0,0.0,174,1,1
0.0,0.0,222,1,-1
0.0,0.0,197,1,1
0.0,0.0,108,1,-1
0.0,0.0,399,1,1
0.0,0.0,108,1,-1
0.0,0.0,177,1,1
0.0,0.0,173,1,-1
0.0,0.0,302,1,1
0.0,0.0,108,1,-1
0.0,0.0,174,1,1
0.0,0.0,108,1,-1
0.0,0.0,177,1,1
0.0,0.0,157,1,-1
0.0,0.0,242,1,1
0.0,0.0,108,1,-1
0.0,0.0,108,1,-1
0.0,0.0,172,1,1
0.0,0.0,172,1,1
0.0,0.0,108,1,-1
0.0,0.0,172,1,1
0.0,0.0,108,1,-1
0.0,0.0,108,1,-1
0.0,0.0,174,1,1
0.0,0.0,174,1,1
0.0,0.0,108,1,-1
0.0,0.0,174,1,1
0.0,0.0,108,1,-1
0.0,0.0,108,1,-1
0.0,0.0,177,1,1
0.0,0.0,177,1,1
0.0,0.0,108,1,-1
0.0,0.0,177,1,1
0.0,0.0,108,1,-1
0.0,0.0,108,1,-1
0.0,0.0,177,1,1
0.0,0.0,177,1,1
0.0,0.0,108,1,-1
0.0,0.0,177,1,1
0.0,0.0,108,1,-1
0.0,0.0,108,1,-1
0.0,0.0,172,1,1
0.0,0.0,174,1,1
0.0,0.0,108,1,-1
0.0,0.0,108,1,-1
0.0,0.0,177,1,1
0.0,0.0,177,1,1
0.0,0.0,108,1,-1
0.0,0.0,172,1,1
0.0,0.0,108,1,-1
0.0,0.0,108,1,-1
0.0,0.0,172,1,1
0.0,0.0,174,1,1
0.0,0.0,108,1,-1
0.0,0.0,174,1,1
0.0,0.0,108,1,-1
0.0,0.0,108,1,-1
0.0,0.0,177,1,1
0.0,0.0,177,1,1
0.0,0.0,108,1,-1
0.0,0.0,174,1,1
0.0,0.0,108,1,-1
0.0,0.0,108,1,-1
0.0,0.0,174,1,1
0.0,0.0,177,1,1
0.0,0.0,108,1,-1
0.0,0.0,172,1,1
0.0,0.0,108,1,-1
0.0,0.0,108,1,-1
0.0,0.0,172,1,1
0.0,0.0,177,1,1
0.0,0.0,108,1,-1
0.0,0.0,172,1,1
0.0,0.0,108,1,-1
0.0,0.0,108,1,-1
0.0,0.0,177,1,1
0.0,0.0,172,1,1
0.0,0.0,108,1,-1
0.0,0.0,174,1,1
0.0,0.0,108,1,-1
0.0,0.0,108,1,-1
0.0,0.0,174,1,1
0.0,0.0,177,1,1
0.0,0.0,108,1,-1
0.0,0.0,177,1,1
0.0,0.0,108,1,-1
0.0,0.0,108,1,-1
0.0,0.0,177,1,1
0.0,0.0,174,1,1
0.0,0.0,108,1,-1
0.0,0.0,174,1,1
0.0,0.0,108,1,-1
0.0,0.0,108,1,-1
0.0,0.0,177,1,1
0.0,0.0,177,1,1
0.0,0.0,108,1,-1
0.0,0.0,177,1,1
0.0,0.0,108,1,-1
0.0,0.0,108,1,-1
0.0,0.0,177,1,1
0.0,0.0,172,1,1
0.0,0.0,108,1,-1
0.0,0.0,172,1,1
0.0,0.0,108,1,-1
0.0,0.0,108,1,-1
0.0,0.0,172,1,1
0.0,0.0,174,1,1
0.0,0.0,108,1,-1
0.0,0.0,174,1,1
0.0,0.0,108,1,-1
0.0,0.0,108,1,-1
0.0,0.0,174,1,1
0.0,0.0,172,1,1
0.0,0.0,108,1,-1
0.0,0.0,172,1,1
0.0,0.0,108,1,-1
0.0,0.0,108,1,-1
0.0,0.0,177,1,1
0.0,0.0,174,1,1
0.0,0.0,108,1,-1
0.0,0.0,174,1,1
0.0,0.0,108,1,-1
0.0,0.0,108,1,-1
0.0,0.0,174,1,1
0.0,0.0,177,1,1
0.0,0.0,108,1,-1
0.0,0.0,174,1,1
0.0,0.0,108,1,-1
0.0,0.0,177,1,1
0.0,0.0,108,1,-1
0.0,0.0,177,1,1
0.0,0.0,108,1,-1
0.0,0.0,174,1,1
0.0,0.0,108,1,-1
0.0,0.0,174,1,1
0.0,0.0,108,1,-1
0.0,0.0,238,1,1
0.0,0.0,222,1,-1
0.0,0.0,108,1,-1
0.0,0.0,128,1,-1
-5.01e-07,5.01e-07,598,2,1
0.0,0.0,108,1,-1
0.0,0.0,177,1,1
0.0,0.0,108,1,-1
0.0,0.0,173,1,-1
0.0,0.0,172,1,1
0.0,0.0,108,1,-1
0.0,0.0,302,1,1
0.0,0.0,177,1,1
0.0,0.0,108,1,-1
0.0,0.0,174,1,1
0.0,0.0,108,1,-1
0.0,0.0,174,1,1
0.0,0.0,151,1,-1
0.0,0.0,108,1,-1
0.0,0.0,215,1,1
0.0,0.0,174,1,1
0.0,0.0,159,1,-1
0.0,0.0,243,1,1
0.0,0.0,128,1,-1
0.0,0.0,254,1,1
0.0,0.0,108,1,-1
0.0,0.0,172,1,1
0.0,0.0,108,1,-1
0.0,0.0,172,1,1
0.0,0.0,108,1,-1
0.0,0.0,172,1,1
0.0,0.0,108,1,-1
0.0,0.0,177,1,1
0.0,0.0,108,1,-1
0.0,0.0,172,1,1
0.0,0.0,108,1,-1
0.0,0.0,174,1,1
0.0,0.0,108,1,-1
0.0,0.0,177,1,1
0.0,0.0,108,1,-1
0.0,0.0,177,1,1
0.0,0.0,108,1,-1
0.0,0.0,174,1,1
0.0,0.0,108,1,-1
0.0,0.0,174,1,1
0.0,0.0,108,1,-1
0.0,0.0,172,1,1
0.0,0.0,108,1,-1
0.0,0.0,174,1,1
0.0,0.0,108,1,-1
0.0,0.0,174,1,1
0.0,0.0,108,1,-1
0.0,0.0,174,1,1
0.0,0.0,108,1,-1
0.0,0.0,174,1,1
0.0,0.0,108,1,-1
0.0,0.0,174,1,1
0.0,0.0,108,1,-1
0.0,0.0,172,1,1
0.0,0.0,108,1,-1
0.0,0.0,177,1,1
0.0,0.0,108,1,-1
0.0,0.0,174,1,1
0.0,0.0,108,1,-1
0.0,0.0,172,1,1
0.0,0.0,108,1,-1
0.0,0.0,177,1,1
0.0,0.0,108,1,-1
0.0,0.0,172,1,1
0.0,0.0,108,1,-1
0.0,0.0,177,1,1
0.0,0.0,108,1,-1
0.0,0.0,174,1,1
0.0,0.0,108,1,-1
0.0,0.0,177,1,1
0.0,0.0,108,1,-1
0.0,0.0,174,1,1
0.0,0.0,108,1,-1
0.0,0.0,177,1,1
0.0,0.0,108,1,-1
0.0,0.0,174,1,1
0.0,0.0,108,1,-1
0.0,0.0,174,1,1
0.0,0.0,108,1,-1
0.0,0.0,174,1,1
0.0,0.0,108,1,-1
0.0,0.0,177,1,1
0.0,0.0,108,1,-1
0.0,0.0,172,1,1
0.0,0.0,108,1,-1
0.0,0.0,174,1,1
0.0,0.0,108,1,-1
0.0,0.0,177,1,1
0.0,0.0,108,1,-1
0.0,0.0,172,1,1
0.0,0.0,108,1,-1
0.0,0.0,172,1,1
0.0,0.0,108,1,-1
0.0,0.0,172,1,1
0.0,0.0,108,1,-1
0.0,0.0,177,1,1
0.0,0.0,108,1,-1
0.0,0.0,174,1,1
0.0,0.0,108,1,-1
0.0,0.0,174,1,1
0.0,0.0,108,1,-1
0.0,0.0,172,1,1
0.0,0.0,108,1,-1
0.0,0.0,174,1,1
0.0,0.0,108,1,-1
0.0,0.0,177,1,1
0.0,0.0,108,1,-1
0.0,0.0,177,1,1
0.0,0.0,108,1,-1
0.0,0.0,177,1,1
0.0,0.0,108,1,-1
0.0,0.0,174,1,1
0.0,0.0,108,1,-1
0.0,0.0,177,1,1
0.0,0.0,108,1,-1
0.0,0.0,172,1,1
0.0,0.0,108,1,-1
0.0,0.0,177,1,1
0.0,0.0,108,1,-1
0.0,0.0,177,1,1
0.0,0.0,108,1,-1
0.0,0.0,174,1,1
0.0,0.0,108,1,-1
0.0,0.0,172,1,1
0.0,0.0,108,1,-1
0.0,0.0,177,1,1
0.0,0.0,108,1,-1
0.0,0.0,172,1,1
0.0,0.0,108,1,-1
0.0,0.0,172,1,1
0.0,0.0,108,1,-1
0.0,0.0,174,1,1
0.0,0.0,108,1,-1
0.0,0.0,177,1,1
0.0,0.0,108,1,-1
0.0,0.0,174,1,1
0.0,0.0,108,1,-1
0.0,0.0,177,1,1
0.0,0.0,108,1,-1
0.0,0.0,174,1,1
0.0,0.0,108,1,-1
0.0,0.0,172,1,1
0.0,0.0,108,1,-1
0.0,0.0,174,1,1
0.0,0.0,108,1,-1
0.0,0.0,177,1,1
0.0,0.0,108,1,-1
0.0,0.0,172,1,1
0.0,0.0,108,1,-1
0.0,0.0,177,1,1
0.0,0.0,108,1,-1
0.0,0.0,174,1,1
0.0,0.0,108,1,-1
0.0,0.0,174,1,1
0.0,0.0,108,1,-1
0.0,0.0,172,1,1
0.0,0.0,108,1,-1
0.0,0.0,177,1,1
0.0,0.0,108,1,-1
0.0,0.0,174,1,1
0.0,0.0,108,1,-1
0.0,0.0,172,1,1
0.0,0.0,108,1,-1
0.0,0.0,172,1,1
0.0,0.0,108,1,-1
0.0,0.0,177,1,1
0.0,0.0,108,1,-1
0.0,0.0,172,1,1
0.0,0.0,108,1,-1
0.0,0.0,172,1,1
0.0,0.0,108,1,-1
0.0,0.0,177,1,1
0.0,0.0,108,1,-1
0.0,0.0,172,1,1
0.0,0.0,108,1,-1
0.0,0.0,177,1,1
0.0,0.0,108,1,-1
0.0,0.0,177,1,1
0.0,0.0,108,1,-1
0.0,0.0,177,1,1
0.0,0.0,108,1,-1
0.0,0.0,174,1,1
0.0,0.0,108,1,-1
0.0,0.0,172,1,1
0.0,0.0,108,1,-1
0.0,0.0,174,1,1
0.0,0.0,108,1,-1
0.0,0.0,172,1,1
0.0,0.0,108,1,-1
0.0,0.0,177,1,1
0.0,0.0,108,1,-1
0.0,0.0,172,1,1
0.0,0.0,108,1,-1
0.0,0.0,174,1,1
0.0,0.0,108,1,-1
0.0,0.0,172,1,1
0.0,0.0,108,1,-1
0.0,0.0,172,1,1
0.0,0.0,108,1,-1
0.0,0.0,172,1,1
0.0,0.0,108,1,-1
0.0,0.0,177,1,1
0.0,0.0,108,1,-1
0.0,0.0,172,1,1
0.0,0.0,108,1,-1
0.0,0.0,177,1,1
0.0,0.0,108,1,-1
0.0,0.0,177,1,1
0.0,0.0,108,1,-1
0.0,0.0,177,1,1
0.0,0.0,108,1,-1
0.0,0.0,174,1,1
0.0,0.0,108,1,-1
0.0,0.0,177,1,1
0.0,0.0,108,1,-1
0.0,0.0,177,1,1
0.0,0.0,108,1,-1
0.0,0.0,177,1,1
0.0,0.0,108,1,-1
0.0,0.0,172,1,1
0.0,0.0,108,1,-1
0.0,0.0,172,1,1
0.0,0.0,108,1,-1
0.0,0.0,172,1,1
0.0,0.0,108,1,-1
0.0,0.0,174,1,1
0.0,0.0,108,1,-1
0.0,0.0,172,1,1
0.0,0.0,108,1,-1
0.0,0.0,174,1,1
0.0,0.0,108,1,-1
0.0,0.0,177,1,1
0.0,0.0,108,1,-1
0.0,0.0,177,1,1
0.0,0.0,108,1,-1
0.0,0.0,174,1,1
0.0,0.0,108,1,-1
0.0,0.0,177,1,1
0.0,0.0,108,1,-1
0.0,0.0,174,1,1
0.0,0.0,108,1,-1
0.0,0.0,177,1,1
0.0,0.0,108,1,-1
0.0,0.0,177,1,1
0.0,0.0,108,1,-1
0.0,0.0,174,1,1
0.0,0.0,108,1,-1
0.0,0.0,177,1,1
0.0,0.0,108,1,-1
0.0,0.0,174,1,1
0.0,0.0,108,1,-1
0.0,0.0,174,1,1
0.0,0.0,108,1,-1
0.0,0.0,172,1,1
0.0,0.0,108,1,-1
0.0,0.0,177,1,1
0.0,0.0,108,1,-1
0.0,0.0,177,1,1
0.0,0.0,108,1,-1
0.0,0.0,172,1,1
0.0,0.0,108,1,-1
0.0,0.0,177,1,1
0.0,0.0,108,1,-1
0.0,0.0,177,1,1
0.0,0.0,108,1,-1
0.0,0.0,177,1,1
0.0,0.0,108,1,-1
0.0,0.0,174,1,1
0.0,0.0,108,1,-1
0.0,0.0,172,1,1
0.0,0.0,108,1,-1
0.0,0.0,177,1,1
0.0,0.0,108,1,-1
0.0,0.0,174,1,1
0.0,0.0,108,1,-1
0.0,0.0,172,1,1
0.0,0.0,108,1,-1
0.0,0.0,174,1,1
0.0,0.0,108,1,-1
0.0,0.0,174,1,1
0.0,0.0,108,1,-1
0.0,0.0,172,1,1
0.0,0.0,108,1,-1
0.0,0.0,172,1,1
0.0,0.0,108,1,-1
0.0,0.0,108,1,-1
0.0,0.0,172,1,1
0.0,0.0,108,1,-1
0.0,0.0,172,1,1
0.0,0.0,108,1,-1
0.0,0.0,177,1,1
0.0,0.0,108,1,-1
0.0,0.0,177,1,1
0.0,0.0,108,1,-1
0.0,0.0,174,1,1
0.0,0.0,108,1,-1
0.0,0.0,174,1,1
0.0,0.0,108,1,-1
0.0,0.0,174,1,1
0.0,0.0,108,1,-1
0.0,0.0,172,1,1
0.0,0.0,108,1,-1
0.0,0.0,174,1,1
0.0,0.0,108,1,-1
0.0,0.0,174,1,1
0.0,0.0,108,1,-1
0.0,0.0,174,1,1
0.0,0.0,108,1,-1
0.0,0.0,177,1,1
0.0,0.0,108,1,-1
0.0,0.0,177,1,1
0.0,0.0,108,1,-1
0.0,0.0,177,1,1
0.0,0.0,108,1,-1
0.0,0.0,174,1,1
0.0,0.0,108,1,-1
0.0,0.0,172,1,1
0.0,0.0,108,1,-1
0.0,0.0,177,1,1
0.0,0.0,108,1,-1
0.0,0.0,172,1,1
0.0,0.0,108,1,-1
0.0,0.0,174,1,1
0.0,0.0,108,1,-1
0.0,0.0,174,1,1
0.0,0.0,108,1,-1
0.0,0.0,177,1,1
0.0,0.0,108,1,-1
0.0,0.0,177,1,1
0.0,0.0,108,1,-1
0.0,0.0,172,1,1
0.0,0.0,108,1,-1
0.0,0.0,174,1,1
0.0,0.0,108,1,-1
0.0,0.0,172,1,1
0.0,0.0,108,1,-1
0.0,0.0,177,1,1
0.0,0.0,108,1,-1
0.0,0.0,174,1,1
0.0,0.0,108,1,-1
0.0,0.0,172,1,1
0.0,0.0,108,1,-1
0.0,0.0,172,1,1
0.0,0.0,108,1,-1
0.0,0.0,172,1,1
0.0,0.0,108,1,-1
0.0,0.0,177,1,1
0.0,0.0,108,1,-1
0.0,0.0,172,1,1
0.0,0.0,108,1,-1
0.0,0.0,177,1,1
0.0,0.0,108,1,-1
0.0,0.0,177,1,1
0.0,0.0,108,1,-1
0.0,0.0,174,1,1
0.0,0.0,108,1,-1
0.0,0.0,177,1,1
0.0,0.0,108,1,-1
0.0,0.0,172,1,1
0.0,0.0,108,1,-1
0.0,0.0,172,1,1
0.0,0.0,108,1,-1
0.0,0.0,177,1,1
0.0,0.0,108,1,-1
0.0,0.0,172,1,1
0.0,0.0,108,1,-1
0.0,0.0,172,1,1
0.0,0.0,108,1,-1
0.0,0.0,177,1,1
0.0,0.0,108,1,-1
0.0,0.0,174,1,1
0.0,0.0,108,1,-1
0.0,0.0,172,1,1
0.0,0.0,108,1,-1
0.0,0.0,172,1,1
0.0,0.0,108,1,-1
0.0,0.0,174,1,1
0.0,0.0,108,1,-1
0.0,0.0,177,1,1
0.0,0.0,108,1,-1
0.0,0.0,174,1,1
0.0,0.0,108,1,-1
0.0,0.0,172,1,1
0.0,0.0,108,1,-1
0.0,0.0,174,1,1
0.0,0.0,108,1,-1
0.0,0.0,172,1,1
0.0,0.0,108,1,-1
0.0,0.0,174,1,1
0.0,0.0,108,1,-1
0.0,0.0,174,1,1
0.0,0.0,108,1,-1
0.0,0.0,174,1,1
0.0,0.0,108,1,-1
0.0,0.0,172,1,1
0.0,0.0,108,1,-1
0.0,0.0,174,1,1
0.0,0.0,108,1,-1
0.0,0.0,174,1,1
0.0,0.0,108,1,-1
0.0,0.0,172,1,1
0.0,0.0,108,1,-1
0.0,0.0,177,1,1
0.0,0.0,108,1,-1
0.0,0.0,177,1,1
0.0,0.0,108,1,-1
0.0,0.0,172,1,1
0.0,0.0,108,1,-1
0.0,0.0,172,1,1
0.0,0.0,108,1,-1
0.0,0.0,174,1,1
0.0,0.0,108,1,-1
0.0,0.0,172,1,1
0.0,0.0,108,1,-1
0.0,0.0,177,1,1
0.0,0.0,108,1,-1
0.0,0.0,174,1,1
0.0,0.0,108,1,-1
0.0,0.0,172,1,1
0.0,0.0,108,1,-1
0.0,0.0,177,1,1
0.0,0.0,108,1,-1
0.0,0.0,177,1,1
0.0,0.0,108,1,-1
0.0,0.0,177,1,1
0.0,0.0,108,1,-1
0.0,0.0,174,1,1
0.0,0.0,108,1,-1
0.0,0.0,174,1,1
0.0,0.0,108,1,-1
0.0,0.0,172,1,1
0.0,0.0,108,1,-1
0.0,0.0,174,1,1
0.0,0.0,108,1,-1
0.0,0.0,174,1,1
0.0,0.0,108,1,-1
0.0,0.0,174,1,1
0.0,0.0,108,1,-1
0.0,0.0,174,1,1
0.0,0.0,108,1,-1
0.0,0.0,177,1,1
0.0,0.0,108,1,-1
0.0,0.0,174,1,1
0.0,0.0,108,1,-1
0.0,0.0,172,1,1
0.0,0.0,108,1,-1
0.0,0.0,177,1,1
0.0,0.0,108,1,-1
0.0,0.0,174,1,1
0.0,0.0,108,1,-1
0.0,0.0,177,1,1
0.0,0.0,108,1,-1
0.0,0.0,172,1,1
0.0,0.0,108,1,-1
0.0,0.0,172,1,1
0.0,0.0,108,1,-1
0.0,0.0,172,1,1
0.0,0.0,108,1,-1
0.0,0.0,174,1,1
0.0,0.0,108,1,-1
0.0,0.0,172,1,1
0.0,0.0,108,1,-1
0.0,0.0,174,1,1
0.0,0.0,108,1,-1
0.0,0.0,172,1,1
0.0,0.0,108,1,-1
0.0,0.0,174,1,1
0.0,0.0,108,1,-1
0.0,0.0,174,1,1
0.0,0.0,108,1,-1
0.0,0.0,172,1,1
0.0,0.0,108,1,-1
0.0,0.0,177,1,1
0.0,0.0,108,1,-1
0.0,0.0,177,1,1
0.0,0.0,108,1,-1
0.0,0.0,177,1,1
0.0,0.0,108,1,-1
0.0,0.0,174,1,1
0.0,0.0,108,1,-1
0.0,0.0,177,1,1
0.0,0.0,108,1,-1
0.0,0.0,174,1,1
0.0,0.0,108,1,-1
0.0,0.0,174,1,1
0.0,0.0,108,1,-1
0.0,0.0,177,1,1
0.0,0.0,108,1,-1
0.0,0.0,177,1,1
0.0,0.0,108,1,-1
0.0,0.0,177,1,1
0.0,0.0,108,1,-1
0.0,0.0,172,1,1
0.0,0.0,108,1,-1
0.0,0.0,177,1,1
0.0,0.0,108,1,-1
0.0,0.0,172,1,1
0.0,0.0,108,1,-1
0.0,0.0,174,1,1
0.0,0.0,108,1,-1
0.0,0.0,177,1,1
0.0,0.0,108,1,-1
0.0,0.0,174,1,1
0.0,0.0,108,1,-1
0.0,0.0,172,1,1
0.0,0.0,108,1,-1
0.0,0.0,177,1,1
0.0,0.0,108,1,-1
0.0,0.0,174,1,1
0.0,0.0,108,1,-1
0.0,0.0,174,1,1
0.0,0.0,108,1,-1
0.0,0.0,172,1,1
0.0,0.0,108,1,-1
0.0,0.0,172,1,1
0.0,0.0,108,1,-1
0.0,0.0,177,1,1
0.0,0.0,108,1,-1
0.0,0.0,177,1,1
0.0,0.0,108,1,-1
0.0,0.0,174,1,1
0.0,0.0,108,1,-1
0.0,0.0,174,1,1
0.0,0.0,108,1,-1
0.0,0.0,108,1,-1
0.0,0.0,108,1,-1
0.0,0.0,108,1,-1
0.0,0.0,172,1,1
0.0,0.0,177,1,1
0.0,0.0,172,1,1
0.0,0.0,108,1,-1
0.0,0.0,172,1,1
0.0,0.0,108,1,-1
0.0,0.0,177,1,1
0.0,0.0,108,1,-1
0.0,0.0,172,1,1
0.0,0.0,108,1,-1
0.0,0.0,174,1,1
0.0,0.0,108,1,-1
0.0,0.0,174,1,1
0.0,0.0,108,1,-1
0.0,0.0,174,1,1
0.0,0.0,108,1,-1
0.0,0.0,177,1,1
0.0,0.0,108,1,-1
0.0,0.0,172,1,1
0.0,0.0,108,1,-1
0.0,0.0,177,1,1
0.0,0.0,108,1,-1
0.0,0.0,174,1,1
0.0,0.0,108,1,-1
0.0,0.0,172,1,1
0.0,0.0,108,1,-1
0.0,0.0,174,1,1
0.0,0.0,108,1,-1
0.0,0.0,177,1,1
0.0,0.0,108,1,-1
0.0,0.0,177,1,1
0.0,0.0,108,1,-1
0.0,0.0,172,1,1
0.0,0.0,108,1,-1
0.0,0.0,177,1,1
0.0,0.0,108,1,-1
0.0,0.0,172,1,1
0.0,0.0,108,1,-1
0.0,0.0,177,1,1
0.0,0.0,108,1,-1
0.0,0.0,177,1,1
0.0,0.0,108,1,-1
0.0,0.0,177,1,1
0.0,0.0,108,1,-1
0.0,0.0,172,1,1
0.0,0.0,108,1,-1
0.0,0.0,174,1,1
0.0,0.0,108,1,-1
0.0,0.0,172,1,1
0.0,0.0,108,1,-1
0.0,0.0,177,1,1
0.0,0.0,108,1,-1
0.0,0.0,172,1,1
0.0,0.0,108,1,-1
0.0,0.0,177,1,1
0.0,0.0,108,1,-1
0.0,0.0,172,1,1
0.0,0.0,108,1,-1
0.0,0.0,177,1,1
0.0,0.0,108,1,-1
0.0,0.0,177,1,1
0.0,0.0,108,1,-1
0.0,0.0,174,1,1
0.0,0.0,108,1,-1
0.0,0.0,174,1,1
0.0,0.0,108,1,-1
0.0,0.0,174,1,1
0.0,0.0,108,1,-1
0.0,0.0,174,1,1
0.0,0.0,108,1,-1
0.0,0.0,177,1,1
0.0,0.0,108,1,-1
0.0,0.0,172,1,1
0.0,0.0,108,1,-1
0.0,0.0,174,1,1
0.0,0.0,108,1,-1
0.0,0.0,174,1,1
0.0,0.0,108,1,-1
0.0,0.0,177,1,1
0.0,0.0,108,1,-1
0.0,0.0,174,1,1
0.0,0.0,108,1,-1
0.0,0.0,177,1,1
0.0,0.0,108,1,-1
0.0,0.0,177,1,1
0.0,0.0,108,1,-1
0.0,0.0,172,1,1
0.0,0.0,108,1,-1
0.0,0.0,177,1,1
0.0,0.0,108,1,-1
0.0,0.0,172,1,1
0.0,0.0,108,1,-1
0.0,0.0,172,1,1
0.0,0.0,108,1,-1
0.0,0.0,177,1,1
0.0,0.0,108,1,-1
0.0,0.0,172,1,1
0.0,0.0,108,1,-1
0.0,0.0,172,1,1
0.0,0.0,108,1,-1
0.0,0.0,174,1,1
0.0,0.0,108,1,-1
0.0,0.0,177,1,1
0.0,0.0,108,1,-1
0.0,0.0,172,1,1
0.0,0.0,108,1,-1
0.0,0.0,172,1,1
0.0,0.0,108,1,-1
0.0,0.0,172,1,1
0.0,0.0,108,1,-1
0.0,0.0,172,1,1
0.0,0.0,108,1,-1
0.0,0.0,172,1,1
0.0,0.0,108,1,-1
0.0,0.0,174,1,1
0.0,0.0,108,1,-1
0.0,0.0,174,1,1
0.0,0.0,108,1,-1
0.0,0.0,174,1,1
0.0,0.0,108,1,-1
0.0,0.0,177,1,1
0.0,0.0,108,1,-1
0.0,0.0,174,1,1
0.0,0.0,108,1,-1
0.0,0.0,174,1,1
0.0,0.0,108,1,-1
0.0,0.0,177,1,1
0.0,0.0,108,1,-1
0.0,0.0,174,1,1
0.0,0.0,108,1,-1
0.0,0.0,172,1,1
0.0,0.0,108,1,-1
0.0,0.0,177,1,1
0.0,0.0,108,1,-1
0.0,0.0,174,1,1
0.0,0.0,108,1,-1
0.0,0.0,172,1,1
0.0,0.0,108,1,-1
0.0,0.0,172,1,1
0.0,0.0,108,1,-1
0.0,0.0,172,1,1
0.0,0.0,108,1,-1
0.0,0.0,174,1,1
0.0,0.0,108,1,-1
0.0,0.0,172,1,1
0.0,0.0,108,1,-1
0.0,0.0,174,1,1
0.0,0.0,108,1,-1
0.0,0.0,177,1,1
0.0,0.0,108,1,-1
0.0,0.0,174,1,1
0.0,0.0,108,1,-1
0.0,0.0,172,1,1
0.0,0.0,108,1,-1
0.0,0.0,172,1,1
0.0,0.0,108,1,-1
0.0,0.0,174,1,1
0.0,0.0,108,1,-1
0.0,0.0,209,1,1
0.0,0.0,128,1,-1
0.0,0.0,222,1,-1
0.0,0.0,197,1,1
0.0,0.0,108,1,-1
0.0,0.0,423,1,1
0.0,0.0,108,1,-1
0.0,0.0,177,1,1
0.0,0.0,108,1,-1
0.0,0.0,173,1,-1
0.0,0.0,172,1,1
0.0,0.0,302,1,1
0.0,0.0,108,1,-1
0.0,0.0,177,1,1
0.0,0.0,108,1,-1
0.0,0.0,147,1,-1
0.0,0.0,172,1,1
0.0,0.0,212,1,1
0.0,0.0,155,1,-1
0.0,0.0,240,1,1
0.0,0.0,128,1,-1
0.0,0.0,275,1,1
0.0,0.0,108,1,-1
0.0,0.0,172,1,1
0.0,0.0,108,1,-1
0.0,0.0,177,1,1
0.0,0.0,108,1,-1
0.0,0.0,172,1,1
0.0,0.0,108,1,-1
0.0,0.0,174,1,1
0.0,0.0,108,1,-1
0.0,0.0,172,1,1
0.0,0.0,108,1,-1
0.0,0.0,174,1,1
0.0,0.0,108,1,-1
0.0,0.0,177,1,1
0.0,0.0,108,1,-1
0.0,0.0,174,1,1
0.0,0.0,108,1,-1
0.0,0.0,174,1,1
0.0,0.0,108,1,-1
0.0,0.0,172,1,1
0.0,0.0,108,1,-1
0.0,0.0,174,1,1
0.0,0.0,108,1,-1
0.0,0.0,177,1,1
0.0,0.0,108,1,-1
0.0,0.0,177,1,1
0.0,0.0,108,1,-1
0.0,0.0,177,1,1
0.0,0.0,108,1,-1
0.0,0.0,177,1,1
0.0,0.0,108,1,-1
0.0,0.0,172,1,1
0.0,0.0,108,1,-1
0.0,0.0,177,1,1
0.0,0.0,108,1,-1
0.0,0.0,172,1,1
0.0,0.0,108,1,-1
0.0,0.0,177,1,1
0.0,0.0,108,1,-1
0.0,0.0,174,1,1
0.0,0.0,108,1,-1
0.0,0.0,174,1,1
0.0,0.0,108,1,-1
0.0,0.0,177,1,1
0.0,0.0,108,1,-1
0.0,0.0,172,1,1
0.0,0.0,108,1,-1
0.0,0.0,174,1,1
0.0,0.0,108,1,-1
0.0,0.0,174,1,1
0.0,0.0,108,1,-1
0.0,0.0,174,1,1
0.0,0.0,108,1,-1
0.0,0.0,151,1,1
0.0,0.0,108,1,-1
0.0,0.0,125,1,1
0.0,0.0,108,1,-1
0.0,0.0,125,1,1
0.0,0.0,108,1,-1
0.0,0.0,125,1,1
0.0,0.0,108,1,-1
0.0,0.0,125,1,1
0.0,0.0,108,1,-1
0.0,0.0,125,1,1
Clump Interarrival,Clump Duration,Clump Size,Clump Packets,Clump Direction
0.0,0.0,108,1,-1
0.0,0.0,174,1,1
0.0,0.0,108,1,-1
0.0,0.0,172,1,1
0.0,0.0,108,1,-1
0.0,0.0,85,1,-1
0.0,0.0,174,1,1
0.0,0.0,246,1,1
0.0,0.0,178,1,1
0.0,0.0,108,1,-1
0.0,0.0,172,1,1
0.0,0.0,108,1,-1
0.0,0.0,172,1,1
0.0,0.0,108,1,-1
0.0,0.0,174,1,1
0.0,0.0,108,1,-1
0.0,0.0,177,1,1
0.0,0.0,108,1,-1
0.0,0.0,174,1,1
0.0,0.0,108,1,-1
0.0,0.0,174,1,1
0.0,0.0,108,1,-1
0.0,0.0,177,1,1
0.0,0.0,108,1,-1
0.0,0.0,174,1,1
0.0,0.0,108,1,-1
0.0,0.0,177,1,1
0.0,0.0,108,1,-1
0.0,0.0,174,1,1
0.0,0.0,108,1,-1
0.0,0.0,174,1,1
0.0,0.0,108,1,-1
0.0,0.0,172,1,1
0.0,0.0,108,1,-1
0.0,0.0,174,1,1
0.0,0.0,108,1,-1
0.0,0.0,174,1,1
0.0,0.0,108,1,-1
0.0,0.0,177,1,1
0.0,0.0,108,1,-1
0.0,0.0,177,1,1
0.0,0.0,108,1,-1
0.0,0.0,174,1,1
0.0,0.0,108,1,-1
0.0,0.0,174,1,1
0.0,0.0,108,1,-1
0.0,0.0,174,1,1
0.0,0.0,108,1,-1
0.0,0.0,177,1,1
0.0,0.0,108,1,-1
0.0,0.0,174,1,1
0.0,0.0,108,1,-1
0.0,0.0,172,1,1
0.0,0.0,108,1,-1
0.0,0.0,174,1,1
0.0,0.0,108,1,-1
0.0,0.0,177,1,1
0.0,0.0,108,1,-1
0.0,0.0,172,1,1
0.0,0.0,108,1,-1
0.0,0.0,362,1,1
0.0,0.0,108,1,-1
0.0,0.0,363,1,1
0.0,0.0,108,1,-1
0.0,0.0,363,1,1
0.0,0.0,108,1,-1
0.0,0.0,228,1,1
0.0,0.0,283,1,-1
0.0,0.0,368,1,1
0.0,0.0,283,1,-1
0.0,0.0,368,1,1
0.0,0.0,283,1,-1
0.0,0.0,368,1,1
0.0,0.0,122,1,-1
0.0,0.0,191,1,1
0.0,0.0,108,1,-1
0.0,0.0,174,1,1
0.0,0.0,108,1,-1
0.0,0.0,172,1,1
0.0,0.0,108,1,-1
0.0,0.0,177,1,1
0.0,0.0,108,1,-1
0.0,0.0,172,1,1
0.0,0.0,108,1,-1
0.0,0.0,172,1,1
0.0,0.0,108,1,-1
0.0,0.0,177,1,1
0.0,0.0,108,1,-1
0.0,0.0,172,1,1
0.0,0.0,108,1,-1
0.0,0.0,174,1,1
0.0,0.0,108,1,-1
0.0,0.0,177,1,1
0.0,0.0,108,1,-1
0.0,0.0,174,1,1
0.0,0.0,108,1,-1
0.0,0.0,174,1,1
0.0,0.0,108,1,-1
0.0,0.0,172,1,1
0.0,0.0,108,1,-1
0.0,0.0,174,1,1
0.0,0.0,108,1,-1
0.0,0.0,217,1,1
0.0,0.0,222,1,-1
0.0,0.0,128,1,-1
-3.71e-07,3.71e-07,593,2,1
0.0,0.0,108,1,-1
0.0,0.0,174,1,1
0.0,0.0,173,1,-1
0.0,0.0,302,1,1
0.0,0.0,108,1,-1
0.0,0.0,172,1,1
0.0,0.0,151,1,-1
0.0,0.0,235,1,1
0.0,0.0,108,1,-1
0.0,0.0,174,1,1
0.0,0.0,108,1,-1
0.0,0.0,177,1,1
0.0,0.0,108,1,-1
0.0,0.0,177,1,1
0.0,0.0,108,1,-1
0.0,0.0,172,1,1
0.0,0.0,108,1,-1
0.0,0.0,172,1,1
0.0,0.0,108,1,-1
0.0,0.0,177,1,1
0.0,0.0,108,1,-1
0.0,0.0,177,1,1
0.0,0.0,108,1,-1
0.0,0.0,172,1,1
0.0,0.0,108,1,-1
0.0,0.0,172,1,1
0.0,0.0,108,1,-1
0.0,0.0,172,1,1
0.0,0.0,108,1,-1
0.0,0.0,177,1,1
0.0,0.0,108,1,-1
0.0,0.0,172,1,1
0.0,0.0,108,1,-1
0.0,0.0,174,1,1
0.0,0.0,108,1,-1
0.0,0.0,172,1,1
0.0,0.0,108,1,-1
0.0,0.0,172,1,1
0.0,0.0,108,1,-1
0.0,0.0,172,1,1
0.0,0.0,108,1,-1
0.0,0.0,172,1,1
0.0,0.0,108,1,-1
0.0,0.0,172,1,1
0.0,0.0,108,1,-1
0.0,0.0,172,1,1
0.0,0.0,108,1,-1
0.0,0.0,177,1,1
0.0,0.0,108,1,-1
0.0,0.0,172,1,1
0.0,0.0,108,1,-1
0.0,0.0,174,1,1
0.0,0.0,108,1,-1
0.0,0.0,108,1,-1
0.0,0.0,172,1,1
0.0,0.0,172,1,1
0.0,0.0,108,1,-1
0.0,0.0,108,1,-1
0.0,0.0,172,1,1
0.0,0.0,174,1,1
0.0,0.0,108,1,-1
0.0,0.0,108,1,-1
0.0,0.0,177,1,1
0.0,0.0,177,1,1
0.0,0.0,108,1,-1
0.0,0.0,108,1,-1
0.0,0.0,174,1,1
0.0,0.0,174,1,1
0.0,0.0,108,1,-1
0.0,0.0,108,1,-1
0.0,0.0,174,1,1
0.0,0.0,172,1,1
0.0,0.0,108,1,-1
0.0,0.0,177,1,1
0.0,0.0,108,1,-1
0.0,0.0,174,1,1
0.0,0.0,108,1,-1
0.0,0.0,174,1,1
0.0,0.0,108,1,-1
0.0,0.0,177,1,1
0.0,0.0,108,1,-1
0.0,0.0,172,1,1
0.0,0.0,108,1,-1
0.0,0.0,174,1,1
0.0,0.0,108,1,-1
0.0,0.0,172,1,1
0.0,0.0,108,1,-1
0.0,0.0,177,1,1
0.0,0.0,108,1,-1
0.0,0.0,174,1,1
0.0,0.0,108,1,-1
0.0,0.0,174,1,1
0.0,0.0,108,1,-1
0.0,0.0,174,1,1
0.0,0.0,108,1,-1
0.0,0.0,174,1,1
0.0,0.0,108,1,-1
0.0,0.0,174,1,1
0.0,0.0,108,1,-1
0.0,0.0,177,1,1
0.0,0.0,108,1,-1
0.0,0.0,174,1,1
0.0,0.0,108,1,-1
0.0,0.0,172,1,1
0.0,0.0,108,1,-1
0.0,0.0,177,1,1
0.0,0.0,108,1,-1
0.0,0.0,174,1,1
0.0,0.0,108,1,-1
0.0,0.0,177,1,1
0.0,0.0,108,1,-1
0.0,0.0,213,1,1
0.0,0.0,222,1,-1
0.0,0.0,128,1,-1
-4.81e-07,4.81e-07,614,2,1
0.0,0.0,108,1,-1
0.0,0.0,172,1,1
0.0,0.0,108,1,-1
0.0,0.0,172,1,1
0.0,0.0,173,1,-1
0.0,0.0,323,1,1
0.0,0.0,108,1,-1
0.0,0.0,174,1,1
0.0,0.0,108,1,-1
0.0,0.0,177,1,1
0.0,0.0,149,1,-1
0.0,0.0,235,1,1
0.0,0.0,157,1,-1
0.0,0.0,242,1,1
0.0,0.0,128,1,-1
0.0,0.0,254,1,1
0.0,0.0,108,1,-1
0.0,0.0,177,1,1
0.0,0.0,108,1,-1
0.0,0.0,174,1,1
0.0,0.0,108,1,-1
0.0,0.0,174,1,1
0.0,0.0,108,1,-1
0.0,0.0,172,1,1
0.0,0.0,108,1,-1
0.0,0.0,177,1,1
0.0,0.0,108,1,-1
0.0,0.0,174,1,1
0.0,0.0,108,1,-1
0.0,0.0,172,1,1
0.0,0.0,108,1,-1
0.0,0.0,172,1,1
0.0,0.0,108,1,-1
0.0,0.0,172,1,1
0.0,0.0,108,1,-1
0.0,0.0,174,1,1
0.0,0.0,108,1,-1
0.0,0.0,177,1,1
0.0,0.0,108,1,-1
0.0,0.0,174,1,1
0.0,0.0,108,1,-1
0.0,0.0,172,1,1
0.0,0.0,108,1,-1
0.0,0.0,177,1,1
0.0,0.0,108,1,-1
0.0,0.0,174,1,1
0.0,0.0,108,1,-1
0.0,0.0,174,1,1
0.0,0.0,108,1,-1
0.0,0.0,174,1,1
0.0,0.0,108,1,-1
0.0,0.0,177,1,1
0.0,0.0,108,1,-1
0.0,0.0,172,1,1
0.0,0.0,108,1,-1
0.0,0.0,172,1,1
0.0,0.0,108,1,-1
0.0,0.0,172,1,1
0.0,0.0,108,1,-1
0.0,0.0,174,1,1
0.0,0.0,108,1,-1
0.0,0.0,174,1,1
0.0,0.0,108,1,-1
0.0,0.0,172,1,1
0.0,0.0,108,1,-1
0.0,0.0,177,1,1
0.0,0.0,108,1,-1
0.0,0.0,174,1,1
0.0,0.0,108,1,-1
0.0,0.0,177,1,1
0.0,0.0,108,1,-1
0.0,0.0,172,1,1
0.0,0.0,108,1,-1
0.0,0.0,174,1,1
0.0,0.0,108,1,-1
0.0,0.0,172,1,1
0.0,0.0,108,1,-1
0.0,0.0,172,1,1
0.0,0.0,108,1,-1
0.0,0.0,177,1,1
0.0,0.0,108,1,-1
0.0,0.0,174,1,1
0.0,0.0,108,1,-1
0.0,0.0,172,1,1
0.0,0.0,108,1,-1
0.0,0.0,172,1,1
0.0,0.0,108,1,-1
0.0,0.0,177,1,1
0.0,0.0,108,1,-1
0.0,0.0,108,1,-1
0.0,0.0,177,1,1
0.0,0.0,174,1,1
0.0,0.0,108,1,-1
0.0,0.0,108,1,-1
0.0,0.0,172,1,1
0.0,0.0,172,1,1
0.0,0.0,108,1,-1
0.0,0.0,108,1,-1
0.0,0.0,172,1,1
0.0,0.0,172,1,1
0.0,0.0,108,1,-1
0.0,0.0,177,1,1
0.0,0.0,108,1,-1
0.0,0.0,172,1,1
0.0,0.0,108,1,-1
0.0,0.0,177,1,1
0.0,0.0,108,1,-1
0.0,0.0,177,1,1
0.0,0.0,108,1,-1
0.0,0.0,172,1,1
0.0,0.0,108,1,-1
0.0,0.0,177,1,1
0.0,0.0,108,1,-1
0.0,0.0,177,1,1
0.0,0.0,108,1,-1
0.0,0.0,177,1,1
0.0,0.0,108,1,-1
0.0,0.0,177,1,1
0.0,0.0,108,1,-1
0.0,0.0,174,1,1
0.0,0.0,108,1,-1
0.0,0.0,174,1,1
0.0,0.0,108,1,-1
0.0,0.0,177,1,1
0.0,0.0,108,1,-1
0.0,0.0,177,1,1
0.0,0.0,108,1,-1
0.0,0.0,177,1,1
0.0,0.0,108,1,-1
0.0,0.0,177,1,1
0.0,0.0,108,1,-1
0.0,0.0,174,1,1
0.0,0.0,108,1,-1
0.0,0.0,177,1,1
0.0,0.0,108,1,-1
0.0,0.0,177,1,1
0.0,0.0,108,1,-1
0.0,0.0,174,1,1
0.0,0.0,108,1,-1
0.0,0.0,174,1,1
0.0,0.0,108,1,-1
0.0,0.0,172,1,1
0.0,0.0,108,1,-1
0.0,0.0,177,1,1
0.0,0.0,108,1,-1
0.0,0.0,174,1,1
0.0,0.0,108,1,-1
0.0,0.0,172,1,1
0.0,0.0,108,1,-1
0.0,0.0,172,1,1
0.0,0.0,108,1,-1
0.0,0.0,172,1,1
0.0,0.0,108,1,-1
0.0,0.0,174,1,1
0.0,0.0,108,1,-1
0.0,0.0,172,1,1
0.0,0.0,108,1,-1
0.0,0.0,174,1,1
0.0,0.0,108,1,-1
0.0,0.0,172,1,1
0.0,0.0,108,1,-1
0.0,0.0,172,1,1
0.0,0.0,108,1,-1
0.0,0.0,174,1,1
0.0,0.0,108,1,-1
0.0,0.0,172,1,1
0.0,0.0,108,1,-1
0.0,0.0,172,1,1
0.0,0.0,108,1,-1
0.0,0.0,172,1,1
0.0,0.0,108,1,-1
0.0,0.0,174,1,1
0.0,0.0,108,1,-1
0.0,0.0,177,1,1
0.0,0.0,108,1,-1
0.0,0.0,177,1,1
0.0,0.0,108,1,-1
0.0,0.0,172,1,1
0.0,0.0,108,1,-1
0.0,0.0,177,1,1
0.0,0.0,108,1,-1
0.0,0.0,243,1,1
0.0,0.0,128,1,-1
0.0,0.0,222,1,-1
0.0,0.0,194,1,1
0.0,0.0,108,1,-1
0.0,0.0,108,1,-1
0.0,0.0,421,1,1
0.0,0.0,177,1,1
0.0,0.0,173,1,-1
0.0,0.0,324,1,1
0.0,0.0,108,1,-1
0.0,0.0,172,1,1
0.0,0.0,108,1,-1
0.0,0.0,177,1,1
0.0,0.0,79,1,-1
0.0,0.0,211,1,1
-0.000234169,0.000234169,184,2,-1
0.0,0.0,73,1,-1
0.0,0.0,70,1,-1
0.0,0.0,287,1,1
0.0,0.0,276,1,1
0.0,0.0,198,1,1
0.0,0.0,213,1,1
0.0,0.0,153,1,-1
-0.000844355,0.000844355,180,2,-1
-0.000534733,0.000534733,198,2,-1
0.0,0.0,240,1,1
0.0,0.0,108,1,-1
0.0,0.0,280,1,1
0.0,0.0,71,1,-1
0.0,0.0,283,1,-1
-4e-08,4e-08,525,2,1
0.0,0.0,69,1,-1
-3.4e-07,3.4e-07,669,2,1
0.0,0.0,69,1,-1
0.0,0.0,260,1,1
0.0,0.0,237,1,1
0.0,0.0,157,1,1
0.0,0.0,261,1,1
0.0,0.0,348,1,1
0.0,0.0,203,1,1
0.0,0.0,193,1,1
0.0,0.0,206,1,-1
0.0,0.0,108,1,-1
0.0,0.0,293,1,1
0.0,0.0,174,1,1
0.0,0.0,108,1,-1
0.0,0.0,177,1,1
0.0,0.0,80,1,-1
0.0,0.0,113,1,1
0.0,0.0,85,1,-1
0.0,0.0,178,1,1
0.0,0.0,246,1,1
0.0,0.0,108,1,-1
0.0,0.0,172,1,1
0.0,0.0,108,1,-1
0.0,0.0,172,1,1
0.0,0.0,108,1,-1
0.0,0.0,172,1,1
0.0,0.0,108,1,-1
0.0,0.0,177,1,1
0.0,0.0,108,1,-1
0.0,0.0,177,1,1
0.0,0.0,108,1,-1
0.0,0.0,177,1,1
0.0,0.0,108,1,-1
0.0,0.0,108,1,-1
0.0,0.0,174,1,1
0.0,0.0,172,1,1
0.0,0.0,108,1,-1
0.0,0.0,172,1,1
0.0,0.0,108,1,-1
0.0,0.0,174,1,1
0.0,0.0,108,1,-1
0.0,0.0,172,1,1
0.0,0.0,108,1,-1
0.0,0.0,174,1,1
0.0,0.0,108,1,-1
0.0,0.0,108,1,-1
0.0,0.0,174,1,1
0.0,0.0,177,1,1
0.0,0.0,108,1,-1
0.0,0.0,174,1,1
0.0,0.0,108,1,-1
0.0,0.0,177,1,1
0.0,0.0,108,1,-1
0.0,0.0,177,1,1
0.0,0.0,108,1,-1
0.0,0.0,174,1,1
0.0,0.0,108,1,-1
0.0,0.0,174,1,1
0.0,0.0,108,1,-1
0.0,0.0,174,1,1
0.0,0.0,108,1,-1
0.0,0.0,174,1,1
0.0,0.0,108,1,-1
0.0,0.0,108,1,-1
0.0,0.0,172,1,1
0.0,0.0,177,1,1
0.0,0.0,108,1,-1
0.0,0.0,172,1,1
0.0,0.0,108,1,-1
0.0,0.0,172,1,1
0.0,0.0,108,1,-1
0.0,0.0,177,1,1
0.0,0.0,108,1,-1
0.0,0.0,174,1,1
0.0,0.0,108,1,-1
0.0,0.0,174,1,1
0.0,0.0,108,1,-1
0.0,0.0,174,1,1
0.0,0.0,108,1,-1
0.0,0.0,172,1,1
0.0,0.0,108,1,-1
0.0,0.0,174,1,1
0.0,0.0,108,1,-1
0.0,0.0,174,1,1
0.0,0.0,108,1,-1
0.0,0.0,177,1,1
0.0,0.0,108,1,-1
0.0,0.0,177,1,1
0.0,0.0,108,1,-1
0.0,0.0,174,1,1
0.0,0.0,108,1,-1
0.0,0.0,174,1,1
0.0,0.0,108,1,-1
0.0,0.0,174,1,1
0.0,0.0,108,1,-1
0.0,0.0,177,1,1
0.0,0.0,108,1,-1
0.0,0.0,172,1,1
0.0,0.0,108,1,-1
0.0,0.0,174,1,1
0.0,0.0,108,1,-1
0.0,0.0,172,1,1
0.0,0.0,108,1,-1
0.0,0.0,172,1,1
0.0,0.0,108,1,-1
0.0,0.0,177,1,1
0.0,0.0,108,1,-1
0.0,0.0,174,1,1
0.0,0.0,108,1,-1
0.0,0.0,174,1,1
0.0,0.0,108,1,-1
0.0,0.0,177,1,1
0.0,0.0,108,1,-1
0.0,0.0,174,1,1
0.0,0.0,108,1,-1
0.0,0.0,174,1,1
0.0,0.0,108,1,-1
0.0,0.0,172,1,1
0.0,0.0,108,1,-1
0.0,0.0,172,1,1
0.0,0.0,108,1,-1
0.0,0.0,172,1,1
0.0,0.0,108,1,-1
0.0,0.0,174,1,1
0.0,0.0,108,1,-1
0.0,0.0,177,1,1
0.0,0.0,108,1,-1
0.0,0.0,172,1,1
0.0,0.0,108,1,-1
0.0,0.0,174,1,1
0.0,0.0,108,1,-1
0.0,0.0,177,1,1
0.0,0.0,108,1,-1
0.0,0.0,177,1,1
0.0,0.0,108,1,-1
0.0,0.0,174,1,1
0.0,0.0,108,1,-1
0.0,0.0,177,1,1
0.0,0.0,108,1,-1
0.0,0.0,174,1,1
0.0,0.0,108,1,-1
0.0,0.0,172,1,1
0.0,0.0,108,1,-1
0.0,0.0,172,1,1
0.0,0.0,108,1,-1
0.0,0.0,177,1,1
0.0,0.0,108,1,-1
0.0,0.0,177,1,1
0.0,0.0,108,1,-1
0.0,0.0,177,1,1
0.0,0.0,108,1,-1
0.0,0.0,172,1,1
0.0,0.0,108,1,-1
0.0,0.0,177,1,1
0.0,0.0,108,1,-1
0.0,0.0,172,1,1
0.0,0.0,108,1,-1
0.0,0.0,177,1,1
0.0,0.0,108,1,-1
0.0,0.0,177,1,1
0.0,0.0,108,1,-1
0.0,0.0,108,1,-1
0.0,0.0,174,1,1
0.0,0.0,174,1,1
0.0,0.0,108,1,-1
0.0,0.0,174,1,1
0.0,0.0,108,1,-1
0.0,0.0,177,1,1
0.0,0.0,108,1,-1
0.0,0.0,174,1,1
0.0,0.0,108,1,-1
0.0,0.0,174,1,1
0.0,0.0,108,1,-1
0.0,0.0,108,1,-1
0.0,0.0,172,1,1
0.0,0.0,174,1,1
0.0,0.0,108,1,-1
0.0,0.0,172,1,1
0.0,0.0,108,1,-1
0.0,0.0,177,1,1
0.0,0.0,108,1,-1
0.0,0.0,172,1,1
0.0,0.0,108,1,-1
0.0,0.0,177,1,1
0.0,0.0,108,1,-1
0.0,0.0,174,1,1
0.0,0.0,108,1,-1
0.0,0.0,177,1,1
0.0,0.0,108,1,-1
0.0,0.0,174,1,1
0.0,0.0,108,1,-1
0.0,0.0,108,1,-1
0.0,0.0,177,1,1
0.0,0.0,177,1,1
0.0,0.0,108,1,-1
0.0,0.0,177,1,1
0.0,0.0,108,1,-1
0.0,0.0,177,1,1
0.0,0.0,108,1,-1
0.0,0.0,177,1,1
0.0,0.0,108,1,-1
0.0,0.0,174,1,1
0.0,0.0,108,1,-1
0.0,0.0,172,1,1
0.0,0.0,108,1,-1
0.0,0.0,108,1,-1
0.0,0.0,174,1,1
0.0,0.0,172,1,1
0.0,0.0,108,1,-1
0.0,0.0,174,1,1
0.0,0.0,108,1,-1
0.0,0.0,108,1,-1
0.0,0.0,174,1,1
0.0,0.0,174,1,1
0.0,0.0,108,1,-1
0.0,0.0,177,1,1
0.0,0.0,108,1,-1
0.0,0.0,177,1,1
0.0,0.0,108,1,-1
0.0,0.0,174,1,1
0.0,0.0,108,1,-1
0.0,0.0,172,1,1
0.0,0.0,108,1,-1
0.0,0.0,177,1,1
0.0,0.0,108,1,-1
0.0,0.0,177,1,1
0.0,0.0,82,1,-1
0.0,0.0,115,1,1
-6.0243e-05,6.0243e-05,130,2,-1
0.0,0.0,302,1,1
0.0,0.0,108,1,-1
0.0,0.0,177,1,1
0.0,0.0,108,1,-1
0.0,0.0,172,1,1
0.0,0.0,108,1,-1
0.0,0.0,177,1,1
0.0,0.0,108,1,-1
0.0,0.0,174,1,1
0.0,0.0,108,1,-1
0.0,0.0,172,1,1
0.0,0.0,108,1,-1
0.0,0.0,177,1,1
0.0,0.0,108,1,-1
0.0,0.0,174,1,1
0.0,0.0,108,1,-1
0.0,0.0,108,1,-1
0.0,0.0,172,1,1
0.0,0.0,172,1,1
0.0,0.0,108,1,-1
0.0,0.0,177,1,1
0.0,0.0,108,1,-1
0.0,0.0,108,1,-1
0.0,0.0,172,1,1
0.0,0.0,174,1,1
0.0,0.0,108,1,-1
0.0,0.0,177,1,1
0.0,0.0,108,1,-1
0.0,0.0,108,1,-1
0.0,0.0,172,1,1
0.0,0.0,172,1,1
0.0,0.0,108,1,-1
0.0,0.0,174,1,1
0.0,0.0,108,1,-1
0.0,0.0,108,1,-1
0.0,0.0,172,1,1
0.0,0.0,174,1,1
0.0,0.0,108,1,-1
0.0,0.0,177,1,1
0.0,0.0,108,1,-1
0.0,0.0,108,1,-1
0.0,0.0,177,1,1
0.0,0.0,174,1,1
0.0,0.0,108,1,-1
0.0,0.0,174,1,1
0.0,0.0,108,1,-1
0.0,0.0,172,1,1
0.0,0.0,108,1,-1
0.0,0.0,177,1,1
0.0,0.0,108,1,-1
0.0,0.0,172,1,1
0.0,0.0,108,1,-1
0.0,0.0,177,1,1
0.0,0.0,108,1,-1
0.0,0.0,177,1,1
0.0,0.0,108,1,-1
0.0,0.0,172,1,1
0.0,0.0,108,1,-1
0.0,0.0,172,1,1
0.0,0.0,108,1,-1
0.0,0.0,172,1,1
0.0,0.0,108,1,-1
0.0,0.0,172,1,1
0.0,0.0,108,1,-1
0.0,0.0,174,1,1
0.0,0.0,108,1,-1
0.0,0.0,177,1,1
0.0,0.0,108,1,-1
0.0,0.0,174,1,1
0.0,0.0,108,1,-1
0.0,0.0,177,1,1
0.0,0.0,108,1,-1
0.0,0.0,174,1,1
0.0,0.0,108,1,-1
0.0,0.0,172,1,1
0.0,0.0,108,1,-1
0.0,0.0,172,1,1
0.0,0.0,108,1,-1
0.0,0.0,174,1,1
0.0,0.0,108,1,-1
0.0,0.0,177,1,1
0.0,0.0,108,1,-1
0.0,0.0,177,1,1
0.0,0.0,108,1,-1
0.0,0.0,174,1,1
0.0,0.0,108,1,-1
0.0,0.0,177,1,1
0.0,0.0,108,1,-1
0.0,0.0,174,1,1
0.0,0.0,108,1,-1
0.0,0.0,172,1,1
0.0,0.0,108,1,-1
0.0,0.0,177,1,1
0.0,0.0,108,1,-1
0.0,0.0,174,1,1
0.0,0.0,108,1,-1
0.0,0.0,177,1,1
0.0,0.0,108,1,-1
0.0,0.0,174,1,1
0.0,0.0,108,1,-1
0.0,0.0,174,1,1
0.0,0.0,108,1,-1
0.0,0.0,237,1,1
0.0,0.0,222,1,-1
0.0,0.0,108,1,-1
0.0,0.0,128,1,-1
0.0,0.0,421,1,1
0.0,0.0,108,1,-1
0.0,0.0,108,1,-1
0.0,0.0,177,1,1
0.0,0.0,177,1,1
0.0,0.0,173,1,-1
0.0,0.0,324,1,1
0.0,0.0,108,1,-1
0.0,0.0,174,1,1
0.0,0.0,108,1,-1
0.0,0.0,174,1,1
0.0,0.0,108,1,-1
0.0,0.0,172,1,1
0.0,0.0,79,1,-1
0.0,0.0,161,1,-1
0.0,0.0,79,1,-1
0.0,0.0,225,1,1
0.0,0.0,211,1,1
0.0,0.0,108,1,-1
0.0,0.0,174,1,1
0.0,0.0,108,1,-1
0.0,0.0,174,1,1
0.0,0.0,108,1,-1
0.0,0.0,172,1,1
0.0,0.0,108,1,-1
0.0,0.0,174,1,1
0.0,0.0,108,1,-1
0.0,0.0,172,1,1
0.0,0.0,108,1,-1
0.0,0.0,177,1,1
0.0,0.0,108,1,-1
0.0,0.0,174,1,1
0.0,0.0,108,1,-1
0.0,0.0,174,1,1
0.0,0.0,108,1,-1
0.0,0.0,172,1,1
0.0,0.0,108,1,-1
0.0,0.0,174,1,1
0.0,0.0,108,1,-1
0.0,0.0,177,1,1
0.0,0.0,108,1,-1
0.0,0.0,172,1,1
0.0,0.0,108,1,-1
0.0,0.0,174,1,1
0.0,0.0,108,1,-1
0.0,0.0,174,1,1
0.0,0.0,108,1,-1
0.0,0.0,172,1,1
0.0,0.0,108,1,-1
0.0,0.0,172,1,1
0.0,0.0,108,1,-1
0.0,0.0,174,1,1
0.0,0.0,108,1,-1
0.0,0.0,172,1,1
0.0,0.0,108,1,-1
0.0,0.0,174,1,1
0.0,0.0,108,1,-1
0.0,0.0,174,1,1
0.0,0.0,108,1,-1
0.0,0.0,177,1,1
0.0,0.0,108,1,-1
0.0,0.0,172,1,1
0.0,0.0,108,1,-1
0.0,0.0,174,1,1
0.0,0.0,108,1,-1
0.0,0.0,174,1,1
0.0,0.0,108,1,-1
0.0,0.0,172,1,1
0.0,0.0,108,1,-1
0.0,0.0,177,1,1
0.0,0.0,108,1,-1
0.0,0.0,174,1,1
0.0,0.0,108,1,-1
0.0,0.0,172,1,1
0.0,0.0,108,1,-1
0.0,0.0,174,1,1
0.0,0.0,108,1,-1
0.0,0.0,172,1,1
0.0,0.0,108,1,-1
0.0,0.0,177,1,1
0.0,0.0,108,1,-1
0.0,0.0,177,1,1
0.0,0.0,108,1,-1
0.0,0.0,174,1,1
0.0,0.0,108,1,-1
0.0,0.0,174,1,1
0.0,0.0,108,1,-1
0.0,0.0,172,1,1
0.0,0.0,108,1,-1
0.0,0.0,177,1,1
0.0,0.0,108,1,-1
0.0,0.0,174,1,1
0.0,0.0,108,1,-1
0.0,0.0,174,1,1
0.0,0.0,108,1,-1
0.0,0.0,177,1,1
0.0,0.0,108,1,-1
0.0,0.0,172,1,1
0.0,0.0,108,1,-1
0.0,0.0,177,1,1
0.0,0.0,108,1,-1
0.0,0.0,174,1,1
0.0,0.0,108,1,-1
0.0,0.0,174,1,1
0.0,0.0,108,1,-1
0.0,0.0,172,1,1
0.0,0.0,108,1,-1
0.0,0.0,177,1,1
0.0,0.0,108,1,-1
0.0,0.0,174,1,1
0.0,0.0,108,1,-1
0.0,0.0,177,1,1
0.0,0.0,108,1,-1
0.0,0.0,172,1,1
0.0,0.0,108,1,-1
0.0,0.0,174,1,1
0.0,0.0,108,1,-1
0.0,0.0,174,1,1
0.0,0.0,108,1,-1
0.0,0.0,174,1,1
0.0,0.0,108,1,-1
0.0,0.0,174,1,1
0.0,0.0,108,1,-1
0.0,0.0,177,1,1
0.0,0.0,108,1,-1
0.0,0.0,174,1,1
0.0,0.0,108,1,-1
0.0,0.0,177,1,1
0.0,0.0,108,1,-1
0.0,0.0,177,1,1
0.0,0.0,108,1,-1
0.0,0.0,172,1,1
0.0,0.0,108,1,-1
0.0,0.0,172,1,1
0.0,0.0,108,1,-1
0.0,0.0,172,1,1
0.0,0.0,108,1,-1
0.0,0.0,174,1,1
0.0,0.0,108,1,-1
0.0,0.0,172,1,1
0.0,0.0,108,1,-1
0.0,0.0,177,1,1
0.0,0.0,108,1,-1
0.0,0.0,174,1,1
0.0,0.0,108,1,-1
0.0,0.0,177,1,1
0.0,0.0,108,1,-1
0.0,0.0,172,1,1
0.0,0.0,108,1,-1
0.0,0.0,108,1,-1
0.0,0.0,172,1,1
0.0,0.0,177,1,1
0.0,0.0,108,1,-1
0.0,0.0,174,1,1
0.0,0.0,108,1,-1
0.0,0.0,177,1,1
0.0,0.0,108,1,-1
0.0,0.0,172,1,1
0.0,0.0,108,1,-1
0.0,0.0,177,1,1
0.0,0.0,108,1,-1
0.0,0.0,172,1,1
0.0,0.0,108,1,-1
0.0,0.0,174,1,1
0.0,0.0,108,1,-1
0.0,0.0,174,1,1
0.0,0.0,108,1,-1
0.0,0.0,174,1,1
0.0,0.0,108,1,-1
0.0,0.0,172,1,1
0.0,0.0,108,1,-1
0.0,0.0,174,1,1
0.0,0.0,108,1,-1
0.0,0.0,174,1,1
0.0,0.0,108,1,-1
0.0,0.0,174,1,1
0.0,0.0,108,1,-1
0.0,0.0,174,1,1
0.0,0.0,108,1,-1
0.0,0.0,174,1,1
0.0,0.0,108,1,-1
0.0,0.0,177,1,1
0.0,0.0,108,1,-1
0.0,0.0,177,1,1
0.0,0.0,108,1,-1
0.0,0.0,174,1,1
0.0,0.0,108,1,-1
0.0,0.0,174,1,1
0.0,0.0,108,1,-1
0.0,0.0,177,1,1
0.0,0.0,108,1,-1
0.0,0.0,174,1,1
0.0,0.0,108,1,-1
0.0,0.0,172,1,1
0.0,0.0,108,1,-1
0.0,0.0,172,1,1
0.0,0.0,108,1,-1
0.0,0.0,174,1,1
0.0,0.0,108,1,-1
0.0,0.0,174,1,1
0.0,0.0,108,1,-1
0.0,0.0,172,1,1
0.0,0.0,108,1,-1
0.0,0.0,177,1,1
0.0,0.0,108,1,-1
0.0,0.0,108,1,-1
0.0,0.0,177,1,1
0.0,0.0,172,1,1
0.0,0.0,108,1,-1
0.0,0.0,174,1,1
0.0,0.0,108,1,-1
0.0,0.0,177,1,1
0.0,0.0,108,1,-1
0.0,0.0,108,1,-1
0.0,0.0,172,1,1
0.0,0.0,108,1,-1
0.0,0.0,177,1,1
0.0,0.0,108,1,-1
0.0,0.0,172,1,1
0.0,0.0,108,1,-1
0.0,0.0,108,1,-1
0.0,0.0,177,1,1
0.0,0.0,172,1,1
0.0,0.0,108,1,-1
0.0,0.0,177,1,1
0.0,0.0,108,1,-1
0.0,0.0,177,1,1
0.0,0.0,108,1,-1
0.0,0.0,108,1,-1
0.0,0.0,172,1,1
0.0,0.0,174,1,1
0.0,0.0,108,1,-1
0.0,0.0,177,1,1
0.0,0.0,108,1,-1
0.0,0.0,177,1,1
0.0,0.0,108,1,-1
0.0,0.0,172,1,1
0.0,0.0,108,1,-1
0.0,0.0,177,1,1
0.0,0.0,108,1,-1
0.0,0.0,172,1,1
0.0,0.0,108,1,-1
0.0,0.0,174,1,1
0.0,0.0,108,1,-1
0.0,0.0,177,1,1
0.0,0.0,108,1,-1
0.0,0.0,108,1,-1
0.0,0.0,172,1,1
0.0,0.0,174,1,1
0.0,0.0,108,1,-1
0.0,0.0,172,1,1
0.0,0.0,108,1,-1
0.0,0.0,174,1,1
0.0,0.0,108,1,-1
0.0,0.0,108,1,-1
0.0,0.0,174,1,1
0.0,0.0,177,1,1
0.0,0.0,108,1,-1
0.0,0.0,172,1,1
0.0,0.0,108,1,-1
0.0,0.0,177,1,1
0.0,0.0,108,1,-1
0.0,0.0,108,1,-1
0.0,0.0,177,1,1
0.0,0.0,174,1,1
0.0,0.0,108,1,-1
0.0,0.0,177,1,1
0.0,0.0,108,1,-1
0.0,0.0,269,1,1
0.0,0.0,108,1,-1
0.0,0.0,108,1,-1
0.0,0.0,172,1,1
0.0,0.0,128,1,-1
0.0,0.0,177,1,1
0.0,0.0,193,1,1
0.0,0.0,222,1,-1
0.0,0.0,108,1,-1
0.0,0.0,108,1,-1
-2.51e-07,2.51e-07,571,2,1
0.0,0.0,108,1,-1
0.0,0.0,174,1,1
0.0,0.0,108,1,-1
0.0,0.0,174,1,1
0.0,0.0,108,1,-1
0.0,0.0,108,1,-1
0.0,0.0,174,1,1
0.0,0.0,177,1,1
0.0,0.0,108,1,-1
0.0,0.0,177,1,1
0.0,0.0,108,1,-1
0.0,0.0,174,1,1
0.0,0.0,108,1,-1
0.0,0.0,108,1,-1
0.0,0.0,177,1,1
0.0,0.0,172,1,1
0.0,0.0,108,1,-1
0.0,0.0,177,1,1
0.0,0.0,108,1,-1
0.0,0.0,172,1,1
0.0,0.0,108,1,-1
0.0,0.0,174,1,1
0.0,0.0,108,1,-1
0.0,0.0,174,1,1
0.0,0.0,108,1,-1
0.0,0.0,172,1,1
0.0,0.0,108,1,-1
0.0,0.0,177,1,1
0.0,0.0,108,1,-1
0.0,0.0,174,1,1
0.0,0.0,108,1,-1
0.0,0.0,177,1,1
0.0,0.0,108,1,-1
0.0,0.0,172,1,1
0.0,0.0,108,1,-1
0.0,0.0,174,1,1
0.0,0.0,108,1,-1
0.0,0.0,177,1,1
0.0,0.0,108,1,-1
0.0,0.0,177,1,1
0.0,0.0,108,1,-1
0.0,0.0,174,1,1
0.0,0.0,108,1,-1
0.0,0.0,172,1,1
0.0,0.0,108,1,-1
0.0,0.0,177,1,1
0.0,0.0,108,1,-1
0.0,0.0,177,1,1
0.0,0.0,108,1,-1
0.0,0.0,174,1,1
0.0,0.0,108,1,-1
0.0,0.0,177,1,1
0.0,0.0,108,1,-1
0.0,0.0,177,1,1
0.0,0.0,108,1,-1
0.0,0.0,177,1,1
0.0,0.0,108,1,-1
0.0,0.0,174,1,1
0.0,0.0,108,1,-1
0.0,0.0,172,1,1
0.0,0.0,108,1,-1
0.0,0.0,177,1,1
0.0,0.0,108,1,-1
0.0,0.0,177,1,1
0.0,0.0,108,1,-1
0.0,0.0,177,1,1
0.0,0.0,108,1,-1
0.0,0.0,172,1,1
0.0,0.0,108,1,-1
0.0,0.0,172,1,1
0.0,0.0,108,1,-1
0.0,0.0,177,1,1
0.0,0.0,108,1,-1
0.0,0.0,172,1,1
0.0,0.0,108,1,-1
0.0,0.0,177,1,1
0.0,0.0,108,1,-1
0.0,0.0,174,1,1
0.0,0.0,108,1,-1
0.0,0.0,174,1,1
0.0,0.0,108,1,-1
0.0,0.0,177,1,1
0.0,0.0,108,1,-1
0.0,0.0,174,1,1
0.0,0.0,108,1,-1
0.0,0.0,177,1,1
0.0,0.0,108,1,-1
0.0,0.0,172,1,1
0.0,0.0,108,1,-1
0.0,0.0,172,1,1
0.0,0.0,108,1,-1
0.0,0.0,172,1,1
0.0,0.0,108,1,-1
0.0,0.0,174,1,1
0.0,0.0,108,1,-1
0.0,0.0,177,1,1
0.0,0.0,108,1,-1
0.0,0.0,177,1,1
0.0,0.0,108,1,-1
0.0,0.0,172,1,1
0.0,0.0,108,1,-1
0.0,0.0,174,1,1
0.0,0.0,108,1,-1
0.0,0.0,177,1,1
0.0,0.0,108,1,-1
0.0,0.0,174,1,1
0.0,0.0,108,1,-1
0.0,0.0,172,1,1
0.0,0.0,108,1,-1
0.0,0.0,174,1,1
0.0,0.0,108,1,-1
0.0,0.0,172,1,1
0.0,0.0,108,1,-1
0.0,0.0,174,1,1
0.0,0.0,108,1,-1
0.0,0.0,174,1,1
0.0,0.0,108,1,-1
0.0,0.0,174,1,1
0.0,0.0,108,1,-1
0.0,0.0,177,1,1
Clump Interarrival,Clump Duration,Clump Size,Clump Packets,Clump Direction
0.0,0.0,222,1,-1
0.0,0.0,399,1,1
0.0,0.0,173,1,-1
0.0,0.0,302,1,1
0.0,0.0,153,1,-1
0.0,0.0,218,1,1
0.0,0.0,108,1,-1
0.0,0.0,177,1,1
0.0,0.0,108,1,-1
0.0,0.0,177,1,1
0.0,0.0,108,1,-1
0.0,0.0,172,1,1
0.0,0.0,108,1,-1
0.0,0.0,172,1,1
0.0,0.0,108,1,-1
0.0,0.0,174,1,1
0.0,0.0,108,1,-1
0.0,0.0,177,1,1
0.0,0.0,108,1,-1
0.0,0.0,172,1,1
0.0,0.0,108,1,-1
0.0,0.0,172,1,1
0.0,0.0,108,1,-1
0.0,0.0,174,1,1
0.0,0.0,108,1,-1
0.0,0.0,177,1,1
0.0,0.0,108,1,-1
0.0,0.0,172,1,1
0.0,0.0,108,1,-1
0.0,0.0,174,1,1
0.0,0.0,108,1,-1
0.0,0.0,172,1,1
0.0,0.0,108,1,-1
0.0,0.0,362,1,1
0.0,0.0,108,1,-1
0.0,0.0,363,1,1
0.0,0.0,108,1,-1
0.0,0.0,362,1,1
0.0,0.0,108,1,-1
0.0,0.0,228,1,1
0.0,0.0,283,1,-1
0.0,0.0,370,1,1
0.0,0.0,283,1,-1
0.0,0.0,368,1,1
0.0,0.0,283,1,-1
0.0,0.0,348,1,1
0.0,0.0,122,1,-1
0.0,0.0,189,1,1
0.0,0.0,108,1,-1
0.0,0.0,174,1,1
0.0,0.0,108,1,-1
0.0,0.0,177,1,1
0.0,0.0,108,1,-1
0.0,0.0,172,1,1
0.0,0.0,108,1,-1
0.0,0.0,172,1,1
0.0,0.0,108,1,-1
0.0,0.0,177,1,1
0.0,0.0,108,1,-1
0.0,0.0,172,1,1
0.0,0.0,108,1,-1
0.0,0.0,172,1,1
0.0,0.0,108,1,-1
0.0,0.0,172,1,1
0.0,0.0,108,1,-1
0.0,0.0,172,1,1
0.0,0.0,108,1,-1
0.0,0.0,177,1,1
0.0,0.0,108,1,-1
0.0,0.0,174,1,1
0.0,0.0,108,1,-1
0.0,0.0,177,1,1
0.0,0.0,108,1,-1
0.0,0.0,177,1,1
0.0,0.0,108,1,-1
0.0,0.0,174,1,1
0.0,0.0,108,1,-1
0.0,0.0,177,1,1
0.0,0.0,108,1,-1
0.0,0.0,172,1,1
0.0,0.0,108,1,-1
0.0,0.0,201,1,1
0.0,0.0,222,1,-1
0.0,0.0,128,1,-1
-4.1e-07,4.1e-07,617,2,1
0.0,0.0,108,1,-1
0.0,0.0,177,1,1
0.0,0.0,173,1,-1
0.0,0.0,323,1,1
0.0,0.0,108,1,-1
0.0,0.0,172,1,1
0.0,0.0,143,1,-1
0.0,0.0,228,1,1
0.0,0.0,283,1,-1
0.0,0.0,348,1,1
0.0,0.0,139,1,-1
0.0,0.0,203,1,1
0.0,0.0,128,1,-1
0.0,0.0,254,1,1
0.0,0.0,108,1,-1
0.0,0.0,172,1,1
0.0,0.0,108,1,-1
0.0,0.0,172,1,1
0.0,0.0,108,1,-1
0.0,0.0,174,1,1
0.0,0.0,108,1,-1
0.0,0.0,177,1,1
0.0,0.0,108,1,-1
0.0,0.0,174,1,1
0.0,0.0,108,1,-1
0.0,0.0,172,1,1
0.0,0.0,108,1,-1
0.0,0.0,174,1,1
0.0,0.0,108,1,-1
0.0,0.0,177,1,1
0.0,0.0,108,1,-1
0.0,0.0,172,1,1
0.0,0.0,108,1,-1
0.0,0.0,174,1,1
0.0,0.0,108,1,-1
0.0,0.0,172,1,1
0.0,0.0,108,1,-1
0.0,0.0,172,1,1
0.0,0.0,108,1,-1
0.0,0.0,174,1,1
0.0,0.0,108,1,-1
0.0,0.0,174,1,1
0.0,0.0,108,1,-1
0.0,0.0,177,1,1
0.0,0.0,108,1,-1
0.0,0.0,177,1,1
0.0,0.0,108,1,-1
0.0,0.0,172,1,1
0.0,0.0,108,1,-1
0.0,0.0,172,1,1
0.0,0.0,108,1,-1
0.0,0.0,177,1,1
0.0,0.0,108,1,-1
0.0,0.0,172,1,1
0.0,0.0,108,1,-1
0.0,0.0,174,1,1
0.0,0.0,108,1,-1
0.0,0.0,172,1,1
0.0,0.0,108,1,-1
0.0,0.0,172,1,1
0.0,0.0,108,1,-1
0.0,0.0,177,1,1
0.0,0.0,108,1,-1
0.0,0.0,172,1,1
0.0,0.0,108,1,-1
0.0,0.0,177,1,1
0.0,0.0,108,1,-1
0.0,0.0,177,1,1
0.0,0.0,108,1,-1
0.0,0.0,177,1,1
0.0,0.0,108,1,-1
0.0,0.0,172,1,1
0.0,0.0,108,1,-1
0.0,0.0,172,1,1
0.0,0.0,108,1,-1
0.0,0.0,177,1,1
0.0,0.0,108,1,-1
0.0,0.0,204,1,1
0.0,0.0,222,1,-1
0.0,0.0,128,1,-1
-0.000509654,0.000509654,616,2,1
0.0,0.0,108,1,-1
0.0,0.0,172,1,1
0.0,0.0,173,1,-1
0.0,0.0,323,1,1
0.0,0.0,108,1,-1
0.0,0.0,177,1,1
0.0,0.0,143,1,-1
0.0,0.0,228,1,1
0.0,0.0,108,1,-1
0.0,0.0,174,1,1
0.0,0.0,108,1,-1
0.0,0.0,172,1,1
0.0,0.0,108,1,-1
0.0,0.0,172,1,1
0.0,0.0,108,1,-1
0.0,0.0,174,1,1
0.0,0.0,108,1,-1
0.0,0.0,172,1,1
0.0,0.0,108,1,-1
0.0,0.0,177,1,1
0.0,0.0,108,1,-1
0.0,0.0,177,1,1
0.0,0.0,108,1,-1
0.0,0.0,177,1,1
0.0,0.0,108,1,-1
0.0,0.0,177,1,1
0.0,0.0,108,1,-1
0.0,0.0,172,1,1
0.0,0.0,108,1,-1
0.0,0.0,174,1,1
0.0,0.0,108,1,-1
0.0,0.0,174,1,1
0.0,0.0,108,1,-1
0.0,0.0,172,1,1
0.0,0.0,108,1,-1
0.0,0.0,177,1,1
0.0,0.0,108,1,-1
0.0,0.0,177,1,1
0.0,0.0,108,1,-1
0.0,0.0,172,1,1
0.0,0.0,108,1,-1
0.0,0.0,174,1,1
0.0,0.0,108,1,-1
0.0,0.0,172,1,1
0.0,0.0,108,1,-1
0.0,0.0,177,1,1
0.0,0.0,108,1,-1
0.0,0.0,172,1,1
0.0,0.0,108,1,-1
0.0,0.0,174,1,1
0.0,0.0,108,1,-1
0.0,0.0,172,1,1
0.0,0.0,108,1,-1
0.0,0.0,177,1,1
0.0,0.0,108,1,-1
0.0,0.0,172,1,1
0.0,0.0,108,1,-1
0.0,0.0,172,1,1
0.0,0.0,108,1,-1
0.0,0.0,172,1,1
0.0,0.0,108,1,-1
0.0,0.0,172,1,1
0.0,0.0,108,1,-1
0.0,0.0,172,1,1
0.0,0.0,108,1,-1
0.0,0.0,172,1,1
0.0,0.0,108,1,-1
0.0,0.0,174,1,1
0.0,0.0,108,1,-1
0.0,0.0,172,1,1
0.0,0.0,108,1,-1
0.0,0.0,172,1,1
0.0,0.0,108,1,-1
0.0,0.0,172,1,1
0.0,0.0,108,1,-1
0.0,0.0,172,1,1
0.0,0.0,108,1,-1
0.0,0.0,177,1,1
0.0,0.0,108,1,-1
0.0,0.0,174,1,1
0.0,0.0,108,1,-1
0.0,0.0,172,1,1
0.0,0.0,108,1,-1
0.0,0.0,172,1,1
0.0,0.0,108,1,-1
0.0,0.0,172,1,1
0.0,0.0,108,1,-1
0.0,0.0,174,1,1
0.0,0.0,108,1,-1
0.0,0.0,174,1,1
0.0,0.0,108,1,-1
0.0,0.0,177,1,1
0.0,0.0,108,1,-1
0.0,0.0,172,1,1
0.0,0.0,108,1,-1
0.0,0.0,172,1,1
0.0,0.0,108,1,-1
0.0,0.0,174,1,1
0.0,0.0,108,1,-1
0.0,0.0,177,1,1
0.0,0.0,108,1,-1
0.0,0.0,174,1,1
0.0,0.0,108,1,-1
0.0,0.0,108,1,-1
0.0,0.0,233,1,1
0.0,0.0,128,1,-1
0.0,0.0,177,1,1
0.0,0.0,194,1,1
0.0,0.0,222,1,-1
0.0,0.0,108,1,-1
0.0,0.0,423,1,1
0.0,0.0,172,1,1
0.0,0.0,108,1,-1
0.0,0.0,174,1,1
0.0,0.0,173,1,-1
0.0,0.0,108,1,-1
0.0,0.0,323,1,1
0.0,0.0,172,1,1
0.0,0.0,108,1,-1
0.0,0.0,174,1,1
0.0,0.0,149,1,-1
0.0,0.0,213,1,1
0.0,0.0,108,1,-1
0.0,0.0,283,1,-1
0.0,0.0,172,1,1
0.0,0.0,348,1,1
0.0,0.0,120,1,-1
0.0,0.0,189,1,1
0.0,0.0,108,1,-1
0.0,0.0,172,1,1
0.0,0.0,108,1,-1
0.0,0.0,174,1,1
0.0,0.0,108,1,-1
0.0,0.0,177,1,1
0.0,0.0,108,1,-1
0.0,0.0,177,1,1
0.0,0.0,108,1,-1
0.0,0.0,177,1,1
0.0,0.0,108,1,-1
0.0,0.0,172,1,1
0.0,0.0,108,1,-1
0.0,0.0,174,1,1
0.0,0.0,108,1,-1
0.0,0.0,174,1,1
0.0,0.0,108,1,-1
0.0,0.0,172,1,1
0.0,0.0,108,1,-1
0.0,0.0,172,1,1
0.0,0.0,108,1,-1
0.0,0.0,172,1,1
0.0,0.0,108,1,-1
0.0,0.0,172,1,1
0.0,0.0,108,1,-1
0.0,0.0,174,1,1
0.0,0.0,108,1,-1
0.0,0.0,172,1,1
0.0,0.0,108,1,-1
0.0,0.0,177,1,1
0.0,0.0,108,1,-1
0.0,0.0,177,1,1
0.0,0.0,108,1,-1
0.0,0.0,174,1,1
0.0,0.0,108,1,-1
0.0,0.0,172,1,1
0.0,0.0,108,1,-1
0.0,0.0,172,1,1
0.0,0.0,108,1,-1
0.0,0.0,174,1,1
0.0,0.0,108,1,-1
0.0,0.0,172,1,1
0.0,0.0,108,1,-1
0.0,0.0,177,1,1
0.0,0.0,108,1,-1
0.0,0.0,174,1,1
0.0,0.0,108,1,-1
0.0,0.0,174,1,1
0.0,0.0,108,1,-1
0.0,0.0,177,1,1
0.0,0.0,108,1,-1
0.0,0.0,172,1,1
0.0,0.0,108,1,-1
0.0,0.0,172,1,1
0.0,0.0,108,1,-1
0.0,0.0,177,1,1
0.0,0.0,108,1,-1
0.0,0.0,174,1,1
0.0,0.0,108,1,-1
0.0,0.0,174,1,1
0.0,0.0,108,1,-1
0.0,0.0,177,1,1
0.0,0.0,108,1,-1
0.0,0.0,172,1,1
0.0,0.0,108,1,-1
0.0,0.0,108,1,-1
0.0,0.0,172,1,1
0.0,0.0,174,1,1
0.0,0.0,108,1,-1
0.0,0.0,174,1,1
0.0,0.0,108,1,-1
0.0,0.0,108,1,-1
0.0,0.0,174,1,1
0.0,0.0,172,1,1
0.0,0.0,108,1,-1
0.0,0.0,172,1,1
0.0,0.0,108,1,-1
0.0,0.0,108,1,-1
0.0,0.0,174,1,1
0.0,0.0,174,1,1
0.0,0.0,108,1,-1
0.0,0.0,172,1,1
0.0,0.0,108,1,-1
0.0,0.0,108,1,-1
0.0,0.0,177,1,1
0.0,0.0,177,1,1
0.0,0.0,108,1,-1
0.0,0.0,172,1,1
0.0,0.0,108,1,-1
0.0,0.0,108,1,-1
0.0,0.0,174,1,1
0.0,0.0,177,1,1
0.0,0.0,108,1,-1
0.0,0.0,172,1,1
0.0,0.0,108,1,-1
0.0,0.0,177,1,1
0.0,0.0,108,1,-1
0.0,0.0,177,1,1
0.0,0.0,108,1,-1
0.0,0.0,174,1,1
0.0,0.0,108,1,-1
0.0,0.0,177,1,1
0.0,0.0,108,1,-1
0.0,0.0,172,1,1
0.0,0.0,108,1,-1
0.0,0.0,108,1,-1
0.0,0.0,174,1,1
0.0,0.0,177,1,1
0.0,0.0,108,1,-1
0.0,0.0,177,1,1
0.0,0.0,108,1,-1
0.0,0.0,108,1,-1
0.0,0.0,177,1,1
0.0,0.0,172,1,1
0.0,0.0,108,1,-1
0.0,0.0,172,1,1
0.0,0.0,108,1,-1
0.0,0.0,108,1,-1
0.0,0.0,174,1,1
0.0,0.0,172,1,1
0.0,0.0,108,1,-1
0.0,0.0,177,1,1
0.0,0.0,108,1,-1
0.0,0.0,108,1,-1
0.0,0.0,177,1,1
0.0,0.0,174,1,1
0.0,0.0,108,1,-1
0.0,0.0,172,1,1
0.0,0.0,108,1,-1
0.0,0.0,177,1,1
0.0,0.0,108,1,-1
0.0,0.0,172,1,1
0.0,0.0,108,1,-1
0.0,0.0,177,1,1
0.0,0.0,108,1,-1
0.0,0.0,174,1,1
0.0,0.0,108,1,-1
0.0,0.0,177,1,1
0.0,0.0,108,1,-1
0.0,0.0,172,1,1
0.0,0.0,108,1,-1
0.0,0.0,174,1,1
0.0,0.0,108,1,-1
0.0,0.0,174,1,1
0.0,0.0,108,1,-1
0.0,0.0,174,1,1
0.0,0.0,108,1,-1
0.0,0.0,174,1,1
0.0,0.0,108,1,-1
0.0,0.0,174,1,1
0.0,0.0,108,1,-1
0.0,0.0,174,1,1
0.0,0.0,108,1,-1
0.0,0.0,172,1,1
0.0,0.0,108,1,-1
0.0,0.0,177,1,1
0.0,0.0,108,1,-1
0.0,0.0,177,1,1
0.0,0.0,108,1,-1
0.0,0.0,174,1,1
0.0,0.0,108,1,-1
0.0,0.0,174,1,1
0.0,0.0,108,1,-1
0.0,0.0,172,1,1
0.0,0.0,108,1,-1
0.0,0.0,177,1,1
0.0,0.0,108,1,-1
0.0,0.0,172,1,1
0.0,0.0,108,1,-1
0.0,0.0,108,1,-1
0.0,0.0,172,1,1
0.0,0.0,177,1,1
0.0,0.0,108,1,-1
0.0,0.0,174,1,1
0.0,0.0,108,1,-1
0.0,0.0,172,1,1
0.0,0.0,108,1,-1
0.0,0.0,174,1,1
0.0,0.0,108,1,-1
0.0,0.0,174,1,1
0.0,0.0,108,1,-1
0.0,0.0,177,1,1
0.0,0.0,108,1,-1
0.0,0.0,177,1,1
0.0,0.0,108,1,-1
0.0,0.0,174,1,1
0.0,0.0,108,1,-1
0.0,0.0,174,1,1
0.0,0.0,108,1,-1
0.0,0.0,174,1,1
0.0,0.0,108,1,-1
0.0,0.0,174,1,1
0.0,0.0,108,1,-1
0.0,0.0,172,1,1
0.0,0.0,108,1,-1
0.0,0.0,172,1,1
0.0,0.0,108,1,-1
0.0,0.0,177,1,1
0.0,0.0,108,1,-1
0.0,0.0,177,1,1
0.0,0.0,108,1,-1
0.0,0.0,172,1,1
0.0,0.0,108,1,-1
0.0,0.0,174,1,1
0.0,0.0,108,1,-1
0.0,0.0,177,1,1
0.0,0.0,108,1,-1
0.0,0.0,174,1,1
0.0,0.0,108,1,-1
0.0,0.0,108,1,-1
0.0,0.0,177,1,1
0.0,0.0,177,1,1
0.0,0.0,108,1,-1
0.0,0.0,177,1,1
0.0,0.0,108,1,-1
0.0,0.0,108,1,-1
0.0,0.0,177,1,1
0.0,0.0,172,1,1
0.0,0.0,108,1,-1
0.0,0.0,174,1,1
0.0,0.0,108,1,-1
0.0,0.0,108,1,-1
0.0,0.0,177,1,1
0.0,0.0,172,1,1
0.0,0.0,108,1,-1
0.0,0.0,172,1,1
0.0,0.0,108,1,-1
0.0,0.0,108,1,-1
0.0,0.0,177,1,1
0.0,0.0,172,1,1
0.0,0.0,108,1,-1
0.0,0.0,172,1,1
0.0,0.0,108,1,-1
0.0,0.0,108,1,-1
0.0,0.0,172,1,1
0.0,0.0,174,1,1
0.0,0.0,108,1,-1
0.0,0.0,174,1,1
0.0,0.0,108,1,-1
0.0,0.0,108,1,-1
0.0,0.0,174,1,1
0.0,0.0,174,1,1
0.0,0.0,108,1,-1
0.0,0.0,174,1,1
0.0,0.0,108,1,-1
0.0,0.0,108,1,-1
0.0,0.0,174,1,1
0.0,0.0,177,1,1
0.0,0.0,108,1,-1
0.0,0.0,177,1,1
0.0,0.0,108,1,-1
0.0,0.0,108,1,-1
0.0,0.0,177,1,1
0.0,0.0,174,1,1
0.0,0.0,108,1,-1
0.0,0.0,174,1,1
0.0,0.0,108,1,-1
0.0,0.0,108,1,-1
0.0,0.0,174,1,1
0.0,0.0,172,1,1
0.0,0.0,108,1,-1
0.0,0.0,174,1,1
0.0,0.0,108,1,-1
0.0,0.0,108,1,-1
0.0,0.0,172,1,1
0.0,0.0,177,1,1
0.0,0.0,108,1,-1
0.0,0.0,177,1,1
0.0,0.0,108,1,-1
0.0,0.0,108,1,-1
0.0,0.0,172,1,1
0.0,0.0,174,1,1
0.0,0.0,108,1,-1
0.0,0.0,174,1,1
0.0,0.0,108,1,-1
0.0,0.0,174,1,1
0.0,0.0,108,1,-1
0.0,0.0,174,1,1
0.0,0.0,108,1,-1
0.0,0.0,172,1,1
0.0,0.0,108,1,-1
0.0,0.0,172,1,1
0.0,0.0,108,1,-1
0.0,0.0,177,1,1
0.0,0.0,108,1,-1
0.0,0.0,172,1,1
0.0,0.0,108,1,-1
0.0,0.0,172,1,1
0.0,0.0,108,1,-1
0.0,0.0,177,1,1
0.0,0.0,108,1,-1
0.0,0.0,172,1,1
0.0,0.0,108,1,-1
0.0,0.0,174,1,1
0.0,0.0,108,1,-1
0.0,0.0,174,1,1
0.0,0.0,108,1,-1
0.0,0.0,177,1,1
0.0,0.0,108,1,-1
0.0,0.0,174,1,1
0.0,0.0,108,1,-1
0.0,0.0,174,1,1
0.0,0.0,108,1,-1
0.0,0.0,174,1,1
0.0,0.0,108,1,-1
0.0,0.0,174,1,1
0.0,0.0,108,1,-1
0.0,0.0,177,1,1
0.0,0.0,108,1,-1
0.0,0.0,108,1,-1
0.0,0.0,172,1,1
0.0,0.0,172,1,1
0.0,0.0,108,1,-1
0.0,0.0,172,1,1
0.0,0.0,108,1,-1
0.0,0.0,108,1,-1
0.0,0.0,172,1,1
0.0,0.0,172,1,1
0.0,0.0,108,1,-1
0.0,0.0,174,1,1
0.0,0.0,108,1,-1
0.0,0.0,108,1,-1
0.0,0.0,177,1,1
0.0,0.0,177,1,1
0.0,0.0,108,1,-1
0.0,0.0,172,1,1
0.0,0.0,108,1,-1
0.0,0.0,172,1,1
0.0,0.0,108,1,-1
0.0,0.0,177,1,1
0.0,0.0,108,1,-1
0.0,0.0,174,1,1
0.0,0.0,108,1,-1
0.0,0.0,172,1,1
0.0,0.0,108,1,-1
0.0,0.0,174,1,1
0.0,0.0,108,1,-1
0.0,0.0,174,1,1
0.0,0.0,108,1,-1
0.0,0.0,174,1,1
0.0,0.0,108,1,-1
0.0,0.0,108,1,-1
0.0,0.0,172,1,1
0.0,0.0,174,1,1
0.0,0.0,108,1,-1
0.0,0.0,174,1,1
0.0,0.0,108,1,-1
0.0,0.0,238,1,1
0.0,0.0,108,1,-1
0.0,0.0,128,1,-1
0.0,0.0,177,1,1
0.0,0.0,222,1,-1
0.0,0.0,197,1,1
0.0,0.0,108,1,-1
-0.000101978,0.000101978,595,2,1
0.0,0.0,108,1,-1
0.0,0.0,177,1,1
0.0,0.0,108,1,-1
0.0,0.0,174,1,1
0.0,0.0,108,1,-1
0.0,0.0,173,1,-1
0.0,0.0,174,1,1
0.0,0.0,302,1,1
0.0,0.0,108,1,-1
0.0,0.0,172,1,1
0.0,0.0,108,1,-1
0.0,0.0,108,1,-1
0.0,0.0,174,1,1
0.0,0.0,174,1,1
0.0,0.0,151,1,-1
0.0,0.0,215,1,1
0.0,0.0,108,1,-1
0.0,0.0,108,1,-1
0.0,0.0,174,1,1
0.0,0.0,177,1,1
0.0,0.0,108,1,-1
0.0,0.0,172,1,1
0.0,0.0,108,1,-1
0.0,0.0,177,1,1
0.0,0.0,108,1,-1
0.0,0.0,177,1,1
0.0,0.0,108,1,-1
0.0,0.0,174,1,1
0.0,0.0,108,1,-1
0.0,0.0,177,1,1
0.0,0.0,108,1,-1
0.0,0.0,172,1,1
0.0,0.0,108,1,-1
0.0,0.0,172,1,1
0.0,0.0,108,1,-1
0.0,0.0,177,1,1
0.0,0.0,108,1,-1
0.0,0.0,174,1,1
0.0,0.0,108,1,-1
0.0,0.0,172,1,1
0.0,0.0,108,1,-1
0.0,0.0,177,1,1
0.0,0.0,108,1,-1
0.0,0.0,172,1,1
0.0,0.0,108,1,-1
0.0,0.0,108,1,-1
0.0,0.0,172,1,1
0.0,0.0,177,1,1
0.0,0.0,108,1,-1
0.0,0.0,172,1,1
0.0,0.0,108,1,-1
0.0,0.0,177,1,1
0.0,0.0,108,1,-1
0.0,0.0,174,1,1
0.0,0.0,108,1,-1
0.0,0.0,177,1,1
0.0,0.0,108,1,-1
0.0,0.0,174,1,1
0.0,0.0,108,1,-1
0.0,0.0,172,1,1
0.0,0.0,108,1,-1
0.0,0.0,108,1,-1
0.0,0.0,172,1,1
0.0,0.0,174,1,1
0.0,0.0,108,1,-1
0.0,0.0,174,1,1
0.0,0.0,108,1,-1
0.0,0.0,177,1,1
0.0,0.0,108,1,-1
0.0,0.0,172,1,1
0.0,0.0,108,1,-1
0.0,0.0,172,1,1
0.0,0.0,108,1,-1
0.0,0.0,177,1,1
0.0,0.0,108,1,-1
0.0,0.0,177,1,1
0.0,0.0,108,1,-1
0.0,0.0,177,1,1
0.0,0.0,108,1,-1
0.0,0.0,177,1,1
0.0,0.0,108,1,-1
0.0,0.0,108,1,-1
0.0,0.0,172,1,1
0.0,0.0,108,1,-1
0.0,0.0,177,1,1
0.0,0.0,108,1,-1
0.0,0.0,177,1,1
0.0,0.0,108,1,-1
0.0,0.0,108,1,-1
0.0,0.0,174,1,1
0.0,0.0,108,1,-1
0.0,0.0,172,1,1
0.0,0.0,108,1,-1
0.0,0.0,177,1,1
0.0,0.0,108,1,-1
0.0,0.0,174,1,1
0.0,0.0,108,1,-1
0.0,0.0,174,1,1
0.0,0.0,108,1,-1
0.0,0.0,177,1,1
0.0,0.0,108,1,-1
0.0,0.0,174,1,1
0.0,0.0,108,1,-1
0.0,0.0,108,1,-1
0.0,0.0,177,1,1
0.0,0.0,177,1,1
0.0,0.0,108,1,-1
0.0,0.0,108,1,-1
0.0,0.0,172,1,1
0.0,0.0,172,1,1
0.0,0.0,108,1,-1
0.0,0.0,172,1,1
0.0,0.0,108,1,-1
0.0,0.0,172,1,1
0.0,0.0,108,1,-1
0.0,0.0,108,1,-1
0.0,0.0,174,1,1
0.0,0.0,177,1,1
0.0,0.0,108,1,-1
0.0,0.0,174,1,1
0.0,0.0,108,1,-1
0.0,0.0,108,1,-1
0.0,0.0,172,1,1
0.0,0.0,172,1,1
0.0,0.0,108,1,-1
0.0,0.0,271,1,1
0.0,0.0,128,1,-1
0.0,0.0,222,1,-1
0.0,0.0,193,1,1
0.0,0.0,108,1,-1
0.0,0.0,108,1,-1
0.0,0.0,108,1,-1
0.0,0.0,421,1,1
0.0,0.0,108,1,-1
-4.91e-07,4.91e-07,351,2,1
0.0,0.0,108,1,-1
0.0,0.0,177,1,1
0.0,0.0,108,1,-1
0.0,0.0,108,1,-1
0.0,0.0,172,1,1
0.0,0.0,172,1,1
0.0,0.0,108,1,-1
0.0,0.0,172,1,1
0.0,0.0,108,1,-1
0.0,0.0,177,1,1
0.0,0.0,108,1,-1
0.0,0.0,172,1,1
0.0,0.0,108,1,-1
0.0,0.0,108,1,-1
0.0,0.0,177,1,1
0.0,0.0,174,1,1
0.0,0.0,108,1,-1
0.0,0.0,177,1,1
0.0,0.0,108,1,-1
0.0,0.0,177,1,1
0.0,0.0,108,1,-1
0.0,0.0,108,1,-1
0.0,0.0,172,1,1
0.0,0.0,172,1,1
0.0,0.0,108,1,-1
0.0,0.0,172,1,1
0.0,0.0,108,1,-1
0.0,0.0,177,1,1
0.0,0.0,108,1,-1
0.0,0.0,108,1,-1
0.0,0.0,174,1,1
0.0,0.0,177,1,1
0.0,0.0,108,1,-1
0.0,0.0,177,1,1
0.0,0.0,108,1,-1
0.0,0.0,108,1,-1
0.0,0.0,177,1,1
0.0,0.0,108,1,-1
0.0,0.0,174,1,1
0.0,0.0,172,1,1
0.0,0.0,108,1,-1
0.0,0.0,177,1,1
0.0,0.0,108,1,-1
0.0,0.0,172,1,1
0.0,0.0,108,1,-1
0.0,0.0,108,1,-1
0.0,0.0,177,1,1
0.0,0.0,174,1,1
0.0,0.0,108,1,-1
0.0,0.0,174,1,1
0.0,0.0,108,1,-1
0.0,0.0,108,1,-1
0.0,0.0,172,1,1
0.0,0.0,108,1,-1
0.0,0.0,174,1,1
0.0,0.0,177,1,1
0.0,0.0,108,1,-1
0.0,0.0,174,1,1
0.0,0.0,108,1,-1
0.0,0.0,174,1,1
0.0,0.0,108,1,-1
0.0,0.0,108,1,-1
0.0,0.0,177,1,1
0.0,0.0,174,1,1
0.0,0.0,108,1,-1
0.0,0.0,174,1,1
0.0,0.0,108,1,-1
0.0,0.0,172,1,1
0.0,0.0,108,1,-1
0.0,0.0,174,1,1
0.0,0.0,108,1,-1
0.0,0.0,172,1,1
0.0,0.0,108,1,-1
0.0,0.0,174,1,1
0.0,0.0,108,1,-1
0.0,0.0,172,1,1
0.0,0.0,108,1,-1
0.0,0.0,177,1,1
0.0,0.0,108,1,-1
0.0,0.0,177,1,1
0.0,0.0,108,1,-1
0.0,0.0,172,1,1
0.0,0.0,108,1,-1
0.0,0.0,172,1,1
0.0,0.0,108,1,-1
0.0,0.0,172,1,1
0.0,0.0,108,1,-1
0.0,0.0,174,1,1
0.0,0.0,108,1,-1
0.0,0.0,174,1,1
0.0,0.0,108,1,-1
0.0,0.0,172,1,1
0.0,0.0,108,1,-1
0.0,0.0,177,1,1
0.0,0.0,108,1,-1
0.0,0.0,174,1,1
0.0,0.0,108,1,-1
0.0,0.0,172,1,1
0.0,0.0,108,1,-1
0.0,0.0,108,1,-1
0.0,0.0,174,1,1
0.0,0.0,172,1,1
0.0,0.0,108,1,-1
0.0,0.0,108,1,-1
0.0,0.0,177,1,1
0.0,0.0,172,1,1
0.0,0.0,108,1,-1
0.0,0.0,108,1,-1
0.0,0.0,172,1,1
0.0,0.0,172,1,1
0.0,0.0,108,1,-1
0.0,0.0,174,1,1
0.0,0.0,108,1,-1
0.0,0.0,177,1,1
0.0,0.0,108,1,-1
0.0,0.0,174,1,1
0.0,0.0,108,1,-1
0.0,0.0,177,1,1
0.0,0.0,108,1,-1
0.0,0.0,108,1,-1
0.0,0.0,177,1,1
0.0,0.0,172,1,1
0.0,0.0,108,1,-1
0.0,0.0,177,1,1
0.0,0.0,108,1,-1
0.0,0.0,174,1,1
0.0,0.0,108,1,-1
0.0,0.0,174,1,1
0.0,0.0,108,1,-1
0.0,0.0,174,1,1
0.0,0.0,108,1,-1
0.0,0.0,172,1,1
0.0,0.0,108,1,-1
0.0,0.0,172,1,1
0.0,0.0,108,1,-1
0.0,0.0,174,1,1
0.0,0.0,108,1,-1
0.0,0.0,172,1,1
0.0,0.0,108,1,-1
0.0,0.0,174,1,1
0.0,0.0,108,1,-1
0.0,0.0,172,1,1
0.0,0.0,108,1,-1
0.0,0.0,108,1,-1
0.0,0.0,172,1,1
0.0,0.0,177,1,1
0.0,0.0,108,1,-1
0.0,0.0,108,1,-1
0.0,0.0,172,1,1
0.0,0.0,177,1,1
0.0,0.0,108,1,-1
0.0,0.0,108,1,-1
0.0,0.0,174,1,1
0.0,0.0,172,1,1
0.0,0.0,108,1,-1
0.0,0.0,174,1,1
0.0,0.0,108,1,-1
0.0,0.0,177,1,1
0.0,0.0,108,1,-1
0.0,0.0,174,1,1
0.0,0.0,108,1,-1
0.0,0.0,177,1,1
0.0,0.0,108,1,-1
0.0,0.0,172,1,1
0.0,0.0,108,1,-1
0.0,0.0,174,1,1
0.0,0.0,108,1,-1
0.0,0.0,174,1,1
0.0,0.0,108,1,-1
0.0,0.0,177,1,1
0.0,0.0,108,1,-1
0.0,0.0,172,1,1
0.0,0.0,108,1,-1
0.0,0.0,174,1,1
0.0,0.0,108,1,-1
0.0,0.0,172,1,1
0.0,0.0,108,1,-1
0.0,0.0,108,1,-1
0.0,0.0,174,1,1
0.0,0.0,108,1,-1
0.0,0.0,174,1,1
0.0,0.0,108,1,-1
0.0,0.0,174,1,1
0.0,0.0,108,1,-1
0.0,0.0,174,1,1
0.0,0.0,108,1,-1
0.0,0.0,177,1,1
0.0,0.0,108,1,-1
0.0,0.0,174,1,1
0.0,0.0,108,1,-1
0.0,0.0,108,1,-1
0.0,0.0,177,1,1
0.0,0.0,172,1,1
0.0,0.0,108,1,-1
0.0,0.0,177,1,1
0.0,0.0,108,1,-1
0.0,0.0,177,1,1
0.0,0.0,108,1,-1
0.0,0.0,174,1,1
0.0,0.0,108,1,-1
0.0,0.0,108,1,-1
0.0,0.0,177,1,1
0.0,0.0,174,1,1
0.0,0.0,108,1,-1
0.0,0.0,172,1,1
0.0,0.0,108,1,-1
0.0,0.0,174,1,1
0.0,0.0,108,1,-1
0.0,0.0,172,1,1
0.0,0.0,108,1,-1
0.0,0.0,177,1,1
0.0,0.0,108,1,-1
0.0,0.0,174,1,1
0.0,0.0,108,1,-1
0.0,0.0,108,1,-1
0.0,0.0,174,1,1
0.0,0.0,177,1,1
0.0,0.0,108,1,-1
0.0,0.0,174,1,1
0.0,0.0,108,1,-1
0.0,0.0,172,1,1
0.0,0.0,108,1,-1
0.0,0.0,174,1,1
0.0,0.0,108,1,-1
0.0,0.0,108,1,-1
0.0,0.0,177,1,1
0.0,0.0,174,1,1
0.0,0.0,108,1,-1
0.0,0.0,174,1,1
0.0,0.0,108,1,-1
0.0,0.0,172,1,1
0.0,0.0,108,1,-1
0.0,0.0,108,1,-1
0.0,0.0,177,1,1
0.0,0.0,174,1,1
0.0,0.0,108,1,-1
0.0,0.0,174,1,1
0.0,0.0,108,1,-1
0.0,0.0,174,1,1
0.0,0.0,108,1,-1
0.0,0.0,108,1,-1
0.0,0.0,172,1,1
0.0,0.0,174,1,1
0.0,0.0,108,1,-1
0.0,0.0,172,1,1
0.0,0.0,108,1,-1
0.0,0.0,174,1,1
0.0,0.0,108,1,-1
0.0,0.0,108,1,-1
0.0,0.0,174,1,1
0.0,0.0,177,1,1
0.0,0.0,108,1,-1
0.0,0.0,177,1,1
0.0,0.0,108,1,-1
0.0,0.0,177,1,1
0.0,0.0,108,1,-1
0.0,0.0,108,1,-1
0.0,0.0,172,1,1
0.0,0.0,172,1,1
0.0,0.0,108,1,-1
0.0,0.0,177,1,1
0.0,0.0,108,1,-1
0.0,0.0,174,1,1
0.0,0.0,108,1,-1
0.0,0.0,108,1,-1
0.0,0.0,174,1,1
0.0,0.0,177,1,1
0.0,0.0,108,1,-1
0.0,0.0,108,1,-1
0.0,0.0,172,1,1
0.0,0.0,174,1,1
0.0,0.0,108,1,-1
0.0,0.0,108,1,-1
0.0,0.0,172,1,1
0.0,0.0,172,1,1
0.0,0.0,108,1,-1
0.0,0.0,108,1,-1
0.0,0.0,172,1,1
0.0,0.0,172,1,1
0.0,0.0,108,1,-1
0.0,0.0,108,1,-1
0.0,0.0,174,1,1
0.0,0.0,177,1,1
0.0,0.0,108,1,-1
0.0,0.0,177,1,1
0.0,0.0,108,1,-1
0.0,0.0,177,1,1
0.0,0.0,108,1,-1
0.0,0.0,108,1,-1
0.0,0.0,174,1,1
0.0,0.0,174,1,1
0.0,0.0,108,1,-1
0.0,0.0,174,1,1
0.0,0.0,108,1,-1
0.0,0.0,172,1,1
0.0,0.0,108,1,-1
0.0,0.0,108,1,-1
0.0,0.0,172,1,1
0.0,0.0,172,1,1
0.0,0.0,108,1,-1
0.0,0.0,174,1,1
0.0,0.0,108,1,-1
0.0,0.0,172,1,1
0.0,0.0,108,1,-1
0.0,0.0,108,1,-1
0.0,0.0,172,1,1
0.0,0.0,172,1,1
0.0,0.0,108,1,-1
0.0,0.0,172,1,1
0.0,0.0,108,1,-1
0.0,0.0,174,1,1
0.0,0.0,108,1,-1
0.0,0.0,108,1,-1
0.0,0.0,174,1,1
0.0,0.0,174,1,1
0.0,0.0,108,1,-1
0.0,0.0,172,1,1
0.0,0.0,108,1,-1
0.0,0.0,174,1,1
0.0,0.0,108,1,-1
0.0,0.0,174,1,1
0.0,0.0,108,1,-1
0.0,0.0,172,1,1
0.0,0.0,108,1,-1
0.0,0.0,172,1,1
0.0,0.0,108,1,-1
0.0,0.0,174,1,1
0.0,0.0,108,1,-1
0.0,0.0,172,1,1
0.0,0.0,108,1,-1
0.0,0.0,174,1,1
0.0,0.0,108,1,-1
0.0,0.0,172,1,1
0.0,0.0,108,1,-1
0.0,0.0,108,1,-1
0.0,0.0,172,1,1
0.0,0.0,108,1,-1
0.0,0.0,108,1,-1
0.0,0.0,174,1,1
0.0,0.0,108,1,-1
0.0,0.0,177,1,1
0.0,0.0,108,1,-1
0.0,0.0,177,1,1
0.0,0.0,108,1,-1
0.0,0.0,172,1,1
0.0,0.0,108,1,-1
0.0,0.0,177,1,1
0.0,0.0,108,1,-1
0.0,0.0,172,1,1
0.0,0.0,108,1,-1
0.0,0.0,177,1,1
0.0,0.0,108,1,-1
0.0,0.0,174,1,1
0.0,0.0,108,1,-1
0.0,0.0,172,1,1
0.0,0.0,108,1,-1
0.0,0.0,108,1,-1
0.0,0.0,174,1,1
0.0,0.0,174,1,1
0.0,0.0,108,1,-1
0.0,0.0,177,1,1
0.0,0.0,108,1,-1
0.0,0.0,174,1,1
0.0,0.0,108,1,-1
0.0,0.0,177,1,1
0.0,0.0,108,1,-1
0.0,0.0,172,1,1
0.0,0.0,108,1,-1
0.0,0.0,174,1,1
0.0,0.0,108,1,-1
0.0,0.0,177,1,1
0.0,0.0,108,1,-1
0.0,0.0,177,1,1
0.0,0.0,108,1,-1
0.0,0.0,172,1,1
0.0,0.0,108,1,-1
0.0,0.0,177,1,1
0.0,0.0,108,1,-1
0.0,0.0,177,1,1
0.0,0.0,108,1,-1
0.0,0.0,172,1,1
0.0,0.0,108,1,-1
0.0,0.0,177,1,1
0.0,0.0,108,1,-1
0.0,0.0,174,1,1
0.0,0.0,108,1,-1
0.0,0.0,177,1,1
0.0,0.0,108,1,-1
0.0,0.0,174,1,1
0.0,0.0,108,1,-1
0.0,0.0,174,1,1
0.0,0.0,108,1,-1
0.0,0.0,172,1,1
0.0,0.0,108,1,-1
0.0,0.0,174,1,1
0.0,0.0,108,1,-1
0.0,0.0,177,1,1
0.0,0.0,108,1,-1
0.0,0.0,174,1,1
0.0,0.0,108,1,-1
0.0,0.0,108,1,-1
0.0,0.0,177,1,1
0.0,0.0,172,1,1
0.0,0.0,108,1,-1
0.0,0.0,177,1,1
0.0,0.0,108,1,-1
0.0,0.0,172,1,1
0.0,0.0,108,1,-1
0.0,0.0,108,1,-1
0.0,0.0,172,1,1
0.0,0.0,174,1,1
0.0,0.0,108,1,-1
0.0,0.0,108,1,-1
0.0,0.0,177,1,1
0.0,0.0,174,1,1
0.0,0.0,108,1,-1
0.0,0.0,108,1,-1
0.0,0.0,172,1,1
0.0,0.0,177,1,1
0.0,0.0,108,1,-1
0.0,0.0,174,1,1
0.0,0.0,108,1,-1
0.0,0.0,177,1,1
0.0,0.0,108,1,-1
0.0,0.0,108,1,-1
0.0,0.0,174,1,1
0.0,0.0,174,1,1
0.0,0.0,108,1,-1
0.0,0.0,174,1,1
0.0,0.0,108,1,-1
0.0,0.0,172,1,1
0.0,0.0,108,1,-1
0.0,0.0,177,1,1
0.0,0.0,108,1,-1
0.0,0.0,177,1,1
0.0,0.0,108,1,-1
0.0,0.0,174,1,1
0.0,0.0,108,1,-1
0.0,0.0,108,1,-1
0.0,0.0,177,1,1
0.0,0.0,177,1,1
0.0,0.0,108,1,-1
0.0,0.0,177,1,1
0.0,0.0,108,1,-1
0.0,0.0,174,1,1
0.0,0.0,108,1,-1
0.0,0.0,174,1,1
0.0,0.0,108,1,-1
0.0,0.0,172,1,1
0.0,0.0,108,1,-1
0.0,0.0,172,1,1
0.0,0.0,108,1,-1
0.0,0.0,174,1,1
0.0,0.0,108,1,-1
0.0,0.0,177,1,1
0.0,0.0,108,1,-1
0.0,0.0,108,1,-1
0.0,0.0,172,1,1
0.0,0.0,172,1,1
0.0,0.0,108,1,-1
0.0,0.0,174,1,1
0.0,0.0,108,1,-1
0.0,0.0,172,1,1
0.0,0.0,108,1,-1
0.0,0.0,172,1,1
0.0,0.0,108,1,-1
0.0,0.0,172,1,1
0.0,0.0,108,1,-1
0.0,0.0,172,1,1
0.0,0.0,108,1,-1
0.0,0.0,229,1,1
0.0,0.0,108,1,-1
0.0,0.0,172,1,1
0.0,0.0,108,1,-1
0.0,0.0,177,1,1
0.0,0.0,108,1,-1
0.0,0.0,172,1,1
0.0,0.0,108,1,-1
0.0,0.0,108,1,-1
0.0,0.0,177,1,1
0.0,0.0,174,1,1
0.0,0.0,108,1,-1
0.0,0.0,177,1,1
0.0,0.0,108,1,-1
0.0,0.0,172,1,1
0.0,0.0,108,1,-1
0.0,0.0,174,1,1
0.0,0.0,108,1,-1
0.0,0.0,174,1,1
0.0,0.0,108,1,-1
0.0,0.0,174,1,1
0.0,0.0,108,1,-1
0.0,0.0,177,1,1
0.0,0.0,108,1,-1
0.0,0.0,177,1,1
0.0,0.0,108,1,-1
0.0,0.0,177,1,1
0.0,0.0,108,1,-1
0.0,0.0,172,1,1
0.0,0.0,108,1,-1
0.0,0.0,174,1,1
0.0,0.0,108,1,-1
0.0,0.0,177,1,1
0.0,0.0,108,1,-1
0.0,0.0,177,1,1
0.0,0.0,108,1,-1
0.0,0.0,174,1,1
0.0,0.0,108,1,-1
0.0,0.0,172,1,1
0.0,0.0,108,1,-1
0.0,0.0,172,1,1
0.0,0.0,108,1,-1
0.0,0.0,172,1,1
0.0,0.0,108,1,-1
0.0,0.0,172,1,1
0.0,0.0,108,1,-1
0.0,0.0,172,1,1
0.0,0.0,108,1,-1
0.0,0.0,172,1,1
0.0,0.0,108,1,-1
0.0,0.0,172,1,1
0.0,0.0,108,1,-1
0.0,0.0,172,1,1
0.0,0.0,108,1,-1
0.0,0.0,177,1,1
0.0,0.0,108,1,-1
0.0,0.0,174,1,1
0.0,0.0,108,1,-1
0.0,0.0,174,1,1
0.0,0.0,108,1,-1
0.0,0.0,172,1,1
0.0,0.0,108,1,-1
0.0,0.0,174,1,1
0.0,0.0,108,1,-1
0.0,0.0,177,1,1
0.0,0.0,108,1,-1
0.0,0.0,177,1,1
0.0,0.0,108,1,-1
0.0,0.0,177,1,1
0.0,0.0,108,1,-1
0.0,0.0,174,1,1
0.0,0.0,108,1,-1
0.0,0.0,177,1,1
0.0,0.0,108,1,-1
0.0,0.0,172,1,1
0.0,0.0,108,1,-1
0.0,0.0,174,1,1
0.0,0.0,108,1,-1
0.0,0.0,177,1,1
0.0,0.0,108,1,-1
0.0,0.0,177,1,1
0.0,0.0,108,1,-1
0.0,0.0,177,1,1
0.0,0.0,108,1,-1
0.0,0.0,177,1,1
0.0,0.0,108,1,-1
0.0,0.0,174,1,1
0.0,0.0,108,1,-1
0.0,0.0,172,1,1
0.0,0.0,108,1,-1
0.0,0.0,177,1,1
0.0,0.0,108,1,-1
0.0,0.0,174,1,1
0.0,0.0,108,1,-1
0.0,0.0,174,1,1
0.0,0.0,108,1,-1
0.0,0.0,108,1,-1
0.0,0.0,177,1,1
0.0,0.0,108,1,-1
0.0,0.0,174,1,1
0.0,0.0,172,1,1
0.0,0.0,108,1,-1
0.0,0.0,108,1,-1
0.0,0.0,174,1,1
0.0,0.0,177,1,1
0.0,0.0,108,1,-1
0.0,0.0,177,1,1
0.0,0.0,108,1,-1
0.0,0.0,108,1,-1
0.0,0.0,172,1,1
0.0,0.0,251,1,1
0.0,0.0,108,1,-1
0.0,0.0,172,1,1
0.0,0.0,108,1,-1
0.0,0.0,172,1,1
0.0,0.0,108,1,-1
0.0,0.0,174,1,1
0.0,0.0,108,1,-1
0.0,0.0,172,1,1
0.0,0.0,108,1,-1
0.0,0.0,172,1,1
0.0,0.0,108,1,-1
0.0,0.0,172,1,1
0.0,0.0,108,1,-1
0.0,0.0,174,1,1
0.0,0.0,108,1,-1
0.0,0.0,174,1,1
0.0,0.0,108,1,-1
0.0,0.0,172,1,1
0.0,0.0,108,1,-1
0.0,0.0,174,1,1
0.0,0.0,108,1,-1
0.0,0.0,251,1,1
0.0,0.0,108,1,-1
0.0,0.0,172,1,1
0.0,0.0,108,1,-1
0.0,0.0,174,1,1
0.0,0.0,108,1,-1
0.0,0.0,177,1,1
0.0,0.0,108,1,-1
0.0,0.0,177,1,1
0.0,0.0,108,1,-1
0.0,0.0,172,1,1
0.0,0.0,108,1,-1
0.0,0.0,174,1,1
0.0,0.0,108,1,-1
0.0,0.0,251,1,1
Clump Interarrival,Clump Duration,Clump Size,Clump Packets,Clump Direction
0.0,0.0,222,1,-1
0.0,0.0,430,1,1
0.0,0.0,173,1,-1
0.0,0.0,302,1,1
0.0,0.0,153,1,-1
0.0,0.0,240,1,1
0.0,0.0,108,1,-1
0.0,0.0,174,1,1
0.0,0.0,108,1,-1
0.0,0.0,174,1,1
0.0,0.0,108,1,-1
0.0,0.0,174,1,1
0.0,0.0,108,1,-1
0.0,0.0,174,1,1
0.0,0.0,108,1,-1
0.0,0.0,172,1,1
0.0,0.0,108,1,-1
0.0,0.0,177,1,1
0.0,0.0,108,1,-1
0.0,0.0,174,1,1
0.0,0.0,108,1,-1
0.0,0.0,172,1,1
0.0,0.0,108,1,-1
0.0,0.0,174,1,1
0.0,0.0,108,1,-1
0.0,0.0,174,1,1
0.0,0.0,108,1,-1
0.0,0.0,174,1,1
0.0,0.0,108,1,-1
0.0,0.0,177,1,1
0.0,0.0,108,1,-1
0.0,0.0,177,1,1
0.0,0.0,108,1,-1
0.0,0.0,172,1,1
0.0,0.0,108,1,-1
0.0,0.0,174,1,1
0.0,0.0,108,1,-1
0.0,0.0,174,1,1
0.0,0.0,108,1,-1
0.0,0.0,174,1,1
0.0,0.0,108,1,-1
0.0,0.0,362,1,1
0.0,0.0,108,1,-1
0.0,0.0,363,1,1
0.0,0.0,108,1,-1
0.0,0.0,362,1,1
0.0,0.0,108,1,-1
0.0,0.0,228,1,1
0.0,0.0,283,1,-1
0.0,0.0,370,1,1
0.0,0.0,283,1,-1
0.0,0.0,370,1,1
0.0,0.0,283,1,-1
0.0,0.0,370,1,1
0.0,0.0,122,1,-1
0.0,0.0,191,1,1
0.0,0.0,108,1,-1
0.0,0.0,172,1,1
0.0,0.0,108,1,-1
0.0,0.0,177,1,1
0.0,0.0,108,1,-1
0.0,0.0,177,1,1
0.0,0.0,108,1,-1
0.0,0.0,174,1,1
0.0,0.0,108,1,-1
0.0,0.0,177,1,1
0.0,0.0,108,1,-1
0.0,0.0,172,1,1
0.0,0.0,108,1,-1
0.0,0.0,177,1,1
0.0,0.0,108,1,-1
0.0,0.0,172,1,1
0.0,0.0,108,1,-1
0.0,0.0,174,1,1
0.0,0.0,108,1,-1
0.0,0.0,174,1,1
0.0,0.0,108,1,-1
0.0,0.0,174,1,1
0.0,0.0,108,1,-1
0.0,0.0,174,1,1
0.0,0.0,108,1,-1
0.0,0.0,174,1,1
0.0,0.0,108,1,-1
0.0,0.0,174,1,1
0.0,0.0,108,1,-1
0.0,0.0,172,1,1
0.0,0.0,108,1,-1
0.0,0.0,172,1,1
0.0,0.0,108,1,-1
0.0,0.0,177,1,1
0.0,0.0,108,1,-1
0.0,0.0,172,1,1
0.0,0.0,108,1,-1
0.0,0.0,177,1,1
0.0,0.0,108,1,-1
0.0,0.0,177,1,1
0.0,0.0,108,1,-1
0.0,0.0,172,1,1
0.0,0.0,108,1,-1
0.0,0.0,174,1,1
0.0,0.0,108,1,-1
0.0,0.0,172,1,1
0.0,0.0,108,1,-1
0.0,0.0,174,1,1
0.0,0.0,108,1,-1
0.0,0.0,177,1,1
0.0,0.0,108,1,-1
0.0,0.0,174,1,1
0.0,0.0,108,1,-1
0.0,0.0,174,1,1
0.0,0.0,108,1,-1
0.0,0.0,174,1,1
0.0,0.0,108,1,-1
0.0,0.0,172,1,1
0.0,0.0,108,1,-1
0.0,0.0,174,1,1
0.0,0.0,108,1,-1
0.0,0.0,235,1,1
0.0,0.0,222,1,-1
0.0,0.0,128,1,-1
-0.000526736,0.000526736,593,2,1
0.0,0.0,108,1,-1
0.0,0.0,174,1,1
0.0,0.0,173,1,-1
0.0,0.0,323,1,1
0.0,0.0,108,1,-1
0.0,0.0,177,1,1
0.0,0.0,149,1,-1
0.0,0.0,235,1,1
0.0,0.0,108,1,-1
0.0,0.0,174,1,1
0.0,0.0,108,1,-1
0.0,0.0,177,1,1
0.0,0.0,108,1,-1
0.0,0.0,174,1,1
0.0,0.0,108,1,-1
0.0,0.0,172,1,1
0.0,0.0,108,1,-1
0.0,0.0,174,1,1
0.0,0.0,108,1,-1
0.0,0.0,172,1,1
0.0,0.0,108,1,-1
0.0,0.0,172,1,1
0.0,0.0,108,1,-1
0.0,0.0,172,1,1
0.0,0.0,108,1,-1
0.0,0.0,174,1,1
0.0,0.0,108,1,-1
0.0,0.0,174,1,1
0.0,0.0,108,1,-1
0.0,0.0,174,1,1
0.0,0.0,108,1,-1
0.0,0.0,172,1,1
0.0,0.0,108,1,-1
0.0,0.0,177,1,1
0.0,0.0,108,1,-1
0.0,0.0,209,1,1
0.0,0.0,222,1,-1
0.0,0.0,128,1,-1
0.0,0.0,423,1,1
0.0,0.0,108,1,-1
0.0,0.0,108,1,-1
0.0,0.0,172,1,1
0.0,0.0,177,1,1
0.0,0.0,173,1,-1
0.0,0.0,302,1,1
0.0,0.0,108,1,-1
0.0,0.0,108,1,-1
0.0,0.0,172,1,1
0.0,0.0,172,1,1
0.0,0.0,147,1,-1
0.0,0.0,232,1,1
0.0,0.0,155,1,-1
0.0,0.0,242,1,1
0.0,0.0,128,1,-1
0.0,0.0,275,1,1
0.0,0.0,108,1,-1
0.0,0.0,108,1,-1
0.0,0.0,177,1,1
0.0,0.0,172,1,1
0.0,0.0,108,1,-1
0.0,0.0,108,1,-1
0.0,0.0,172,1,1
0.0,0.0,177,1,1
0.0,0.0,108,1,-1
0.0,0.0,108,1,-1
0.0,0.0,172,1,1
0.0,0.0,174,1,1
0.0,0.0,108,1,-1
0.0,0.0,108,1,-1
0.0,0.0,172,1,1
0.0,0.0,172,1,1
0.0,0.0,108,1,-1
0.0,0.0,108,1,-1
0.0,0.0,172,1,1
0.0,0.0,174,1,1
0.0,0.0,108,1,-1
0.0,0.0,108,1,-1
0.0,0.0,177,1,1
0.0,0.0,108,1,-1
0.0,0.0,108,1,-1
0.0,0.0,172,1,1
0.0,0.0,177,1,1
0.0,0.0,108,1,-1
0.0,0.0,108,1,-1
0.0,0.0,172,1,1
0.0,0.0,174,1,1
0.0,0.0,108,1,-1
0.0,0.0,108,1,-1
0.0,0.0,172,1,1
0.0,0.0,172,1,1
0.0,0.0,108,1,-1
0.0,0.0,108,1,-1
-0.000731208,0.000731208,349,2,1
0.0,0.0,108,1,-1
0.0,0.0,108,1,-1
0.0,0.0,172,1,1
0.0,0.0,174,1,1
0.0,0.0,108,1,-1
0.0,0.0,108,1,-1
0.0,0.0,174,1,1
0.0,0.0,172,1,1
0.0,0.0,108,1,-1
0.0,0.0,108,1,-1
0.0,0.0,177,1,1
0.0,0.0,174,1,1
0.0,0.0,108,1,-1
0.0,0.0,108,1,-1
0.0,0.0,174,1,1
0.0,0.0,174,1,1
0.0,0.0,108,1,-1
0.0,0.0,108,1,-1
0.0,0.0,174,1,1
0.0,0.0,108,1,-1
0.0,0.0,108,1,-1
0.0,0.0,172,1,1
0.0,0.0,174,1,1
0.0,0.0,108,1,-1
0.0,0.0,108,1,-1
0.0,0.0,177,1,1
0.0,0.0,177,1,1
0.0,0.0,108,1,-1
0.0,0.0,108,1,-1
0.0,0.0,172,1,1
0.0,0.0,177,1,1
0.0,0.0,108,1,-1
0.0,0.0,108,1,-1
0.0,0.0,172,1,1
0.0,0.0,174,1,1
0.0,0.0,108,1,-1
0.0,0.0,108,1,-1
0.0,0.0,174,1,1
0.0,0.0,174,1,1
0.0,0.0,108,1,-1
0.0,0.0,108,1,-1
0.0,0.0,174,1,1
0.0,0.0,174,1,1
0.0,0.0,108,1,-1
0.0,0.0,108,1,-1
0.0,0.0,174,1,1
0.0,0.0,177,1,1
0.0,0.0,108,1,-1
0.0,0.0,108,1,-1
0.0,0.0,172,1,1
0.0,0.0,172,1,1
0.0,0.0,108,1,-1
0.0,0.0,108,1,-1
0.0,0.0,217,1,1
0.0,0.0,128,1,-1
0.0,0.0,222,1,-1
0.0,0.0,193,1,1
0.0,0.0,108,1,-1
0.0,0.0,423,1,1
0.0,0.0,177,1,1
0.0,0.0,108,1,-1
0.0,0.0,172,1,1
0.0,0.0,173,1,-1
0.0,0.0,108,1,-1
0.0,0.0,302,1,1
0.0,0.0,177,1,1
0.0,0.0,108,1,-1
0.0,0.0,151,1,-1
0.0,0.0,177,1,1
0.0,0.0,215,1,1
0.0,0.0,108,1,-1
0.0,0.0,108,1,-1
0.0,0.0,174,1,1
0.0,0.0,174,1,1
0.0,0.0,108,1,-1
0.0,0.0,172,1,1
0.0,0.0,108,1,-1
0.0,0.0,108,1,-1
0.0,0.0,177,1,1
0.0,0.0,174,1,1
0.0,0.0,108,1,-1
0.0,0.0,174,1,1
0.0,0.0,108,1,-1
0.0,0.0,108,1,-1
0.0,0.0,172,1,1
0.0,0.0,108,1,-1
0.0,0.0,174,1,1
0.0,0.0,108,1,-1
0.0,0.0,108,1,-1
0.0,0.0,174,1,1
0.0,0.0,174,1,1
0.0,0.0,108,1,-1
0.0,0.0,177,1,1
0.0,0.0,108,1,-1
0.0,0.0,108,1,-1
0.0,0.0,177,1,1
0.0,0.0,174,1,1
0.0,0.0,108,1,-1
0.0,0.0,172,1,1
0.0,0.0,108,1,-1
0.0,0.0,108,1,-1
0.0,0.0,177,1,1
0.0,0.0,177,1,1
0.0,0.0,108,1,-1
0.0,0.0,174,1,1
0.0,0.0,108,1,-1
0.0,0.0,177,1,1
0.0,0.0,108,1,-1
0.0,0.0,174,1,1
0.0,0.0,108,1,-1
0.0,0.0,172,1,1
0.0,0.0,108,1,-1
0.0,0.0,108,1,-1
0.0,0.0,177,1,1
0.0,0.0,177,1,1
0.0,0.0,108,1,-1
0.0,0.0,172,1,1
0.0,0.0,108,1,-1
0.0,0.0,108,1,-1
0.0,0.0,177,1,1
0.0,0.0,177,1,1
0.0,0.0,108,1,-1
0.0,0.0,174,1,1
0.0,0.0,108,1,-1
0.0,0.0,177,1,1
0.0,0.0,108,1,-1
0.0,0.0,177,1,1
0.0,0.0,108,1,-1
0.0,0.0,251,1,1
0.0,0.0,108,1,-1
0.0,0.0,174,1,1
0.0,0.0,108,1,-1
0.0,0.0,174,1,1
0.0,0.0,108,1,-1
0.0,0.0,108,1,-1
0.0,0.0,172,1,1
0.0,0.0,172,1,1
0.0,0.0,108,1,-1
0.0,0.0,108,1,-1
-6.21e-07,6.21e-07,349,2,1
0.0,0.0,108,1,-1
0.0,0.0,108,1,-1
0.0,0.0,174,1,1
0.0,0.0,229,1,1
0.0,0.0,108,1,-1
0.0,0.0,172,1,1
0.0,0.0,108,1,-1
0.0,0.0,172,1,1
0.0,0.0,108,1,-1
0.0,0.0,249,1,1
Clump Interarrival,Clump Duration,Clump Size,Clump Packets,Clump Direction
0.0,0.0,222,1,-1
0.0,0.0,408,1,1
0.0,0.0,173,1,-1
0.0,0.0,323,1,1
0.0,0.0,153,1,-1
0.0,0.0,218,1,1
0.0,0.0,108,1,-1
0.0,0.0,174,1,1
0.0,0.0,108,1,-1
0.0,0.0,172,1,1
0.0,0.0,108,1,-1
0.0,0.0,172,1,1
0.0,0.0,108,1,-1
0.0,0.0,172,1,1
0.0,0.0,108,1,-1
0.0,0.0,177,1,1
0.0,0.0,108,1,-1
0.0,0.0,174,1,1
0.0,0.0,108,1,-1
0.0,0.0,172,1,1
0.0,0.0,108,1,-1
0.0,0.0,172,1,1
0.0,0.0,108,1,-1
0.0,0.0,172,1,1
0.0,0.0,108,1,-1
0.0,0.0,172,1,1
0.0,0.0,108,1,-1
0.0,0.0,174,1,1
0.0,0.0,108,1,-1
0.0,0.0,172,1,1
0.0,0.0,108,1,-1
0.0,0.0,362,1,1
0.0,0.0,108,1,-1
0.0,0.0,377,1,1
0.0,0.0,108,1,-1
0.0,0.0,333,1,1
0.0,0.0,283,1,-1
0.0,0.0,348,1,1
0.0,0.0,283,1,-1
0.0,0.0,370,1,1
0.0,0.0,283,1,-1
0.0,0.0,348,1,1
0.0,0.0,122,1,-1
0.0,0.0,191,1,1
0.0,0.0,108,1,-1
0.0,0.0,177,1,1
0.0,0.0,108,1,-1
0.0,0.0,172,1,1
0.0,0.0,108,1,-1
0.0,0.0,174,1,1
0.0,0.0,108,1,-1
0.0,0.0,177,1,1
0.0,0.0,108,1,-1
0.0,0.0,172,1,1
0.0,0.0,108,1,-1
0.0,0.0,172,1,1
0.0,0.0,108,1,-1
0.0,0.0,172,1,1
0.0,0.0,108,1,-1
0.0,0.0,174,1,1
0.0,0.0,108,1,-1
0.0,0.0,174,1,1
0.0,0.0,108,1,-1
0.0,0.0,177,1,1
0.0,0.0,108,1,-1
0.0,0.0,174,1,1
0.0,0.0,108,1,-1
0.0,0.0,172,1,1
0.0,0.0,108,1,-1
0.0,0.0,177,1,1
0.0,0.0,108,1,-1
0.0,0.0,172,1,1
0.0,0.0,108,1,-1
0.0,0.0,177,1,1
0.0,0.0,108,1,-1
0.0,0.0,174,1,1
0.0,0.0,108,1,-1
0.0,0.0,177,1,1
0.0,0.0,108,1,-1
0.0,0.0,174,1,1
0.0,0.0,108,1,-1
0.0,0.0,172,1,1
0.0,0.0,108,1,-1
0.0,0.0,172,1,1
0.0,0.0,108,1,-1
0.0,0.0,177,1,1
0.0,0.0,108,1,-1
0.0,0.0,242,1,1
0.0,0.0,222,1,-1
0.0,0.0,128,1,-1
0.0,0.0,399,1,1
0.0,0.0,108,1,-1
0.0,0.0,172,1,1
0.0,0.0,173,1,-1
0.0,0.0,302,1,1
0.0,0.0,108,1,-1
0.0,0.0,177,1,1
0.0,0.0,153,1,-1
0.0,0.0,238,1,1
0.0,0.0,283,1,-1
0.0,0.0,368,1,1
0.0,0.0,206,1,-1
0.0,0.0,270,1,1
0.0,0.0,108,1,-1
0.0,0.0,108,1,-1
0.0,0.0,174,1,1
0.0,0.0,172,1,1
-0.00090109,0.00090109,158,2,-1
0.0,0.0,211,1,1
0.0,0.0,83,1,-1
-0.000647872,0.000647872,184,2,-1
0.0,0.0,66,1,-1
0.0,0.0,68,1,-1
0.0,0.0,193,1,1
0.0,0.0,216,1,1
-7.62e-07,7.62e-07,932,2,1
0.0,0.0,197,1,1
0.0,0.0,267,1,1
-0.000857951,0.000857951,140,2,-1
0.0,0.0,70,1,-1
0.0,0.0,90,1,-1
0.0,0.0,90,1,-1
0.0,0.0,108,1,-1
0.0,0.0,108,1,-1
0.0,0.0,198,1,1
0.0,0.0,177,1,1
-0.000713563,0.000713563,198,2,-1
0.0,0.0,172,1,1
0.0,0.0,280,1,1
-0.00055534,0.00055534,142,2,-1
0.0,0.0,82,1,-1
0.0,0.0,207,1,1
0.0,0.0,71,1,-1
0.0,0.0,237,1,1
0.0,0.0,66,1,-1
0.0,0.0,183,1,1
-0.000148315,0.000148315,146,2,-1
0.0,0.0,130,1,1
0.0,0.0,73,1,-1
0.0,0.0,146,1,1
0.0,0.0,69,1,-1
0.0,0.0,223,1,1
-0.000967261,0.000967261,148,2,-1
0.0,0.0,251,1,1
0.0,0.0,137,1,1
0.0,0.0,159,1,1
0.0,0.0,203,1,1
0.0,0.0,141,1,1
0.0,0.0,153,1,1
0.0,0.0,157,1,1
0.0,0.0,187,1,1
0.0,0.0,182,1,1
0.0,0.0,80,1,-1
0.0,0.0,113,1,1
0.0,0.0,108,1,-1
0.0,0.0,85,1,-1
0.0,0.0,108,1,-1
0.0,0.0,177,1,1
0.0,0.0,177,1,1
0.0,0.0,246,1,1
0.0,0.0,72,1,-1
0.0,0.0,238,1,1
0.0,0.0,108,1,-1
0.0,0.0,108,1,-1
0.0,0.0,172,1,1
0.0,0.0,177,1,1
0.0,0.0,108,1,-1
0.0,0.0,108,1,-1
0.0,0.0,174,1,1
0.0,0.0,172,1,1
0.0,0.0,108,1,-1
0.0,0.0,108,1,-1
0.0,0.0,172,1,1
0.0,0.0,172,1,1
0.0,0.0,108,1,-1
0.0,0.0,108,1,-1
0.0,0.0,174,1,1
0.0,0.0,172,1,1
0.0,0.0,108,1,-1
0.0,0.0,108,1,-1
0.0,0.0,172,1,1
0.0,0.0,172,1,1
0.0,0.0,108,1,-1
0.0,0.0,108,1,-1
0.0,0.0,172,1,1
0.0,0.0,172,1,1
0.0,0.0,108,1,-1
0.0,0.0,108,1,-1
0.0,0.0,172,1,1
0.0,0.0,229,1,1
0.0,0.0,222,1,-1
0.0,0.0,128,1,-1
0.0,0.0,399,1,1
0.0,0.0,108,1,-1
0.0,0.0,172,1,1
0.0,0.0,108,1,-1
0.0,0.0,177,1,1
0.0,0.0,173,1,-1
0.0,0.0,323,1,1
0.0,0.0,108,1,-1
0.0,0.0,174,1,1
0.0,0.0,108,1,-1
0.0,0.0,157,1,-1
0.0,0.0,172,1,1
0.0,0.0,222,1,1
0.0,0.0,108,1,-1
0.0,0.0,174,1,1
0.0,0.0,108,1,-1
0.0,0.0,174,1,1
0.0,0.0,108,1,-1
0.0,0.0,174,1,1
0.0,0.0,108,1,-1
0.0,0.0,172,1,1
0.0,0.0,108,1,-1
0.0,0.0,172,1,1
0.0,0.0,108,1,-1
0.0,0.0,174,1,1
0.0,0.0,108,1,-1
0.0,0.0,172,1,1
0.0,0.0,108,1,-1
0.0,0.0,172,1,1
0.0,0.0,108,1,-1
0.0,0.0,172,1,1
0.0,0.0,108,1,-1
0.0,0.0,174,1,1
0.0,0.0,108,1,-1
0.0,0.0,174,1,1
0.0,0.0,108,1,-1
0.0,0.0,172,1,1
0.0,0.0,108,1,-1
0.0,0.0,174,1,1
0.0,0.0,108,1,-1
0.0,0.0,177,1,1
0.0,0.0,108,1,-1
0.0,0.0,177,1,1
0.0,0.0,108,1,-1
0.0,0.0,177,1,1
0.0,0.0,108,1,-1
0.0,0.0,172,1,1
0.0,0.0,108,1,-1
0.0,0.0,174,1,1
0.0,0.0,108,1,-1
0.0,0.0,174,1,1
0.0,0.0,108,1,-1
0.0,0.0,177,1,1
0.0,0.0,108,1,-1
0.0,0.0,172,1,1
0.0,0.0,108,1,-1
0.0,0.0,172,1,1
0.0,0.0,108,1,-1
0.0,0.0,177,1,1
0.0,0.0,108,1,-1
0.0,0.0,174,1,1
0.0,0.0,108,1,-1
0.0,0.0,172,1,1
0.0,0.0,108,1,-1
0.0,0.0,172,1,1
0.0,0.0,108,1,-1
0.0,0.0,172,1,1
0.0,0.0,108,1,-1
0.0,0.0,177,1,1
0.0,0.0,108,1,-1
0.0,0.0,177,1,1
0.0,0.0,108,1,-1
0.0,0.0,174,1,1
0.0,0.0,108,1,-1
0.0,0.0,172,1,1
0.0,0.0,108,1,-1
0.0,0.0,172,1,1
0.0,0.0,108,1,-1
0.0,0.0,174,1,1
0.0,0.0,108,1,-1
0.0,0.0,174,1,1
0.0,0.0,108,1,-1
0.0,0.0,177,1,1
0.0,0.0,108,1,-1
0.0,0.0,174,1,1
0.0,0.0,108,1,-1
0.0,0.0,172,1,1
0.0,0.0,108,1,-1
0.0,0.0,172,1,1
0.0,0.0,108,1,-1
0.0,0.0,172,1,1
0.0,0.0,108,1,-1
0.0,0.0,172,1,1
0.0,0.0,108,1,-1
0.0,0.0,108,1,-1
0.0,0.0,174,1,1
0.0,0.0,177,1,1
0.0,0.0,108,1,-1
0.0,0.0,174,1,1
0.0,0.0,108,1,-1
0.0,0.0,177,1,1
0.0,0.0,108,1,-1
0.0,0.0,177,1,1
0.0,0.0,108,1,-1
0.0,0.0,174,1,1
0.0,0.0,108,1,-1
0.0,0.0,79,1,-1
0.0,0.0,91,1,-1
0.0,0.0,91,1,-1
0.0,0.0,108,1,-1
0.0,0.0,177,1,1
0.0,0.0,228,1,1
0.0,0.0,228,1,1
0.0,0.0,172,1,1
-0.000283986,0.000283986,463,2,1
0.0,0.0,108,1,-1
0.0,0.0,177,1,1
0.0,0.0,108,1,-1
0.0,0.0,108,1,-1
0.0,0.0,172,1,1
0.0,0.0,174,1,1
0.0,0.0,108,1,-1
0.0,0.0,177,1,1
0.0,0.0,108,1,-1
0.0,0.0,108,1,-1
0.0,0.0,172,1,1
0.0,0.0,177,1,1
0.0,0.0,108,1,-1
0.0,0.0,229,1,1
0.0,0.0,108,1,-1
0.0,0.0,108,1,-1
0.0,0.0,174,1,1
0.0,0.0,172,1,1
0.0,0.0,108,1,-1
0.0,0.0,108,1,-1
0.0,0.0,172,1,1
0.0,0.0,177,1,1
0.0,0.0,108,1,-1
0.0,0.0,108,1,-1
0.0,0.0,174,1,1
0.0,0.0,174,1,1
0.0,0.0,108,1,-1
0.0,0.0,108,1,-1
0.0,0.0,174,1,1
0.0,0.0,172,1,1
0.0,0.0,108,1,-1
0.0,0.0,108,1,-1
0.0,0.0,174,1,1
0.0,0.0,174,1,1
0.0,0.0,108,1,-1
0.0,0.0,108,1,-1
0.0,0.0,177,1,1
0.0,0.0,174,1,1
0.0,0.0,108,1,-1
0.0,0.0,108,1,-1
0.0,0.0,174,1,1
0.0,0.0,174,1,1
0.0,0.0,108,1,-1
0.0,0.0,108,1,-1
0.0,0.0,174,1,1
0.0,0.0,172,1,1
0.0,0.0,108,1,-1
0.0,0.0,108,1,-1
0.0,0.0,177,1,1
0.0,0.0,108,1,-1
0.0,0.0,108,1,-1
0.0,0.0,177,1,1
0.0,0.0,177,1,1
0.0,0.0,108,1,-1
0.0,0.0,108,1,-1
0.0,0.0,174,1,1
0.0,0.0,229,1,1
0.0,0.0,108,1,-1
0.0,0.0,172,1,1
0.0,0.0,108,1,-1
0.0,0.0,172,1,1
0.0,0.0,108,1,-1
0.0,0.0,249,1,1
Clump Interarrival,Clump Duration,Clump Size,Clump Packets,Clump Direction
0.0,0.0,222,1,-1
0.0,0.0,432,1,1
0.0,0.0,173,1,-1
0.0,0.0,324,1,1
0.0,0.0,153,1,-1
0.0,0.0,240,1,1
0.0,0.0,108,1,-1
0.0,0.0,172,1,1
0.0,0.0,108,1,-1
0.0,0.0,172,1,1
0.0,0.0,108,1,-1
0.0,0.0,177,1,1
0.0,0.0,108,1,-1
0.0,0.0,172,1,1
0.0,0.0,108,1,-1
0.0,0.0,172,1,1
0.0,0.0,108,1,-1
0.0,0.0,177,1,1
0.0,0.0,108,1,-1
0.0,0.0,174,1,1
0.0,0.0,108,1,-1
0.0,0.0,174,1,1
0.0,0.0,108,1,-1
0.0,0.0,174,1,1
0.0,0.0,108,1,-1
0.0,0.0,174,1,1
0.0,0.0,108,1,-1
0.0,0.0,172,1,1
0.0,0.0,108,1,-1
0.0,0.0,172,1,1
0.0,0.0,108,1,-1
0.0,0.0,177,1,1
0.0,0.0,108,1,-1
0.0,0.0,177,1,1
0.0,0.0,108,1,-1
0.0,0.0,362,1,1
0.0,0.0,108,1,-1
0.0,0.0,362,1,1
0.0,0.0,108,1,-1
0.0,0.0,362,1,1
0.0,0.0,108,1,-1
0.0,0.0,225,1,1
0.0,0.0,283,1,-1
0.0,0.0,368,1,1
0.0,0.0,283,1,-1
0.0,0.0,368,1,1
0.0,0.0,283,1,-1
0.0,0.0,348,1,1
0.0,0.0,122,1,-1
0.0,0.0,187,1,1
0.0,0.0,108,1,-1
0.0,0.0,174,1,1
0.0,0.0,108,1,-1
0.0,0.0,177,1,1
0.0,0.0,108,1,-1
0.0,0.0,172,1,1
0.0,0.0,108,1,-1
0.0,0.0,174,1,1
0.0,0.0,108,1,-1
0.0,0.0,172,1,1
0.0,0.0,108,1,-1
0.0,0.0,177,1,1
0.0,0.0,108,1,-1
0.0,0.0,177,1,1
0.0,0.0,108,1,-1
0.0,0.0,172,1,1
0.0,0.0,108,1,-1
0.0,0.0,177,1,1
0.0,0.0,108,1,-1
0.0,0.0,174,1,1
0.0,0.0,108,1,-1
0.0,0.0,172,1,1
0.0,0.0,108,1,-1
0.0,0.0,177,1,1
0.0,0.0,108,1,-1
0.0,0.0,172,1,1
0.0,0.0,108,1,-1
0.0,0.0,172,1,1
0.0,0.0,108,1,-1
0.0,0.0,174,1,1
0.0,0.0,108,1,-1
0.0,0.0,174,1,1
0.0,0.0,108,1,-1
0.0,0.0,251,1,1
0.0,0.0,222,1,-1
0.0,0.0,128,1,-1
0.0,0.0,399,1,1
0.0,0.0,108,1,-1
0.0,0.0,174,1,1
0.0,0.0,173,1,-1
0.0,0.0,302,1,1
0.0,0.0,108,1,-1
0.0,0.0,174,1,1
0.0,0.0,157,1,-1
0.0,0.0,243,1,1
0.0,0.0,108,1,-1
0.0,0.0,177,1,1
0.0,0.0,108,1,-1
0.0,0.0,174,1,1
0.0,0.0,108,1,-1
0.0,0.0,177,1,1
0.0,0.0,108,1,-1
0.0,0.0,172,1,1
0.0,0.0,108,1,-1
0.0,0.0,174,1,1
0.0,0.0,108,1,-1
0.0,0.0,177,1,1
0.0,0.0,108,1,-1
0.0,0.0,108,1,-1
0.0,0.0,174,1,1
0.0,0.0,172,1,1
0.0,0.0,108,1,-1
0.0,0.0,108,1,-1
0.0,0.0,172,1,1
0.0,0.0,177,1,1
0.0,0.0,108,1,-1
0.0,0.0,108,1,-1
0.0,0.0,172,1,1
0.0,0.0,172,1,1
0.0,0.0,108,1,-1
0.0,0.0,108,1,-1
0.0,0.0,174,1,1
0.0,0.0,174,1,1
0.0,0.0,108,1,-1
0.0,0.0,108,1,-1
0.0,0.0,172,1,1
0.0,0.0,174,1,1
0.0,0.0,108,1,-1
0.0,0.0,174,1,1
0.0,0.0,108,1,-1
0.0,0.0,174,1,1
0.0,0.0,108,1,-1
0.0,0.0,174,1,1
0.0,0.0,108,1,-1
0.0,0.0,172,1,1
0.0,0.0,108,1,-1
0.0,0.0,174,1,1
0.0,0.0,108,1,-1
0.0,0.0,174,1,1
0.0,0.0,108,1,-1
0.0,0.0,174,1,1
0.0,0.0,108,1,-1
0.0,0.0,177,1,1
0.0,0.0,108,1,-1
0.0,0.0,108,1,-1
0.0,0.0,174,1,1
0.0,0.0,177,1,1
0.0,0.0,108,1,-1
0.0,0.0,108,1,-1
0.0,0.0,177,1,1
0.0,0.0,174,1,1
0.0,0.0,108,1,-1
0.0,0.0,108,1,-1
0.0,0.0,177,1,1
0.0,0.0,177,1,1
0.0,0.0,108,1,-1
0.0,0.0,108,1,-1
0.0,0.0,172,1,1
0.0,0.0,172,1,1
0.0,0.0,108,1,-1
0.0,0.0,108,1,-1
0.0,0.0,172,1,1
0.0,0.0,177,1,1
0.0,0.0,108,1,-1
0.0,0.0,108,1,-1
0.0,0.0,172,1,1
0.0,0.0,174,1,1
0.0,0.0,108,1,-1
0.0,0.0,177,1,1
0.0,0.0,108,1,-1
0.0,0.0,174,1,1
0.0,0.0,108,1,-1
0.0,0.0,172,1,1
0.0,0.0,108,1,-1
0.0,0.0,172,1,1
0.0,0.0,108,1,-1
0.0,0.0,174,1,1
0.0,0.0,108,1,-1
0.0,0.0,177,1,1
0.0,0.0,108,1,-1
0.0,0.0,108,1,-1
0.0,0.0,172,1,1
0.0,0.0,172,1,1
0.0,0.0,108,1,-1
0.0,0.0,174,1,1
0.0,0.0,108,1,-1
0.0,0.0,172,1,1
0.0,0.0,108,1,-1
0.0,0.0,172,1,1
0.0,0.0,108,1,-1
0.0,0.0,174,1,1
0.0,0.0,108,1,-1
0.0,0.0,177,1,1
0.0,0.0,108,1,-1
0.0,0.0,172,1,1
0.0,0.0,108,1,-1
0.0,0.0,174,1,1
0.0,0.0,108,1,-1
0.0,0.0,174,1,1
0.0,0.0,108,1,-1
0.0,0.0,108,1,-1
0.0,0.0,172,1,1
0.0,0.0,172,1,1
0.0,0.0,108,1,-1
0.0,0.0,177,1,1
0.0,0.0,108,1,-1
0.0,0.0,240,1,1
0.0,0.0,222,1,-1
0.0,0.0,128,1,-1
0.0,0.0,423,1,1
0.0,0.0,108,1,-1
0.0,0.0,172,1,1
0.0,0.0,108,1,-1
0.0,0.0,172,1,1
0.0,0.0,173,1,-1
0.0,0.0,324,1,1
0.0,0.0,108,1,-1
0.0,0.0,177,1,1
0.0,0.0,151,1,-1
0.0,0.0,215,1,1
0.0,0.0,108,1,-1
0.0,0.0,177,1,1
0.0,0.0,108,1,-1
0.0,0.0,172,1,1
0.0,0.0,108,1,-1
0.0,0.0,177,1,1
0.0,0.0,108,1,-1
0.0,0.0,174,1,1
0.0,0.0,108,1,-1
0.0,0.0,177,1,1
0.0,0.0,108,1,-1
0.0,0.0,174,1,1
0.0,0.0,108,1,-1
0.0,0.0,174,1,1
0.0,0.0,108,1,-1
0.0,0.0,172,1,1
0.0,0.0,108,1,-1
0.0,0.0,177,1,1
0.0,0.0,108,1,-1
0.0,0.0,108,1,-1
0.0,0.0,172,1,1
0.0,0.0,177,1,1
0.0,0.0,108,1,-1
0.0,0.0,172,1,1
0.0,0.0,108,1,-1
0.0,0.0,108,1,-1
0.0,0.0,177,1,1
0.0,0.0,177,1,1
0.0,0.0,108,1,-1
0.0,0.0,177,1,1
0.0,0.0,108,1,-1
0.0,0.0,177,1,1
0.0,0.0,108,1,-1
0.0,0.0,174,1,1
0.0,0.0,108,1,-1
0.0,0.0,177,1,1
0.0,0.0,108,1,-1
0.0,0.0,177,1,1
0.0,0.0,108,1,-1
0.0,0.0,177,1,1
0.0,0.0,108,1,-1
0.0,0.0,172,1,1
0.0,0.0,108,1,-1
0.0,0.0,172,1,1
0.0,0.0,108,1,-1
0.0,0.0,177,1,1
0.0,0.0,108,1,-1
0.0,0.0,172,1,1
0.0,0.0,108,1,-1
0.0,0.0,172,1,1
0.0,0.0,108,1,-1
0.0,0.0,108,1,-1
0.0,0.0,177,1,1
0.0,0.0,174,1,1
0.0,0.0,108,1,-1
0.0,0.0,172,1,1
0.0,0.0,108,1,-1
0.0,0.0,177,1,1
0.0,0.0,108,1,-1
0.0,0.0,174,1,1
0.0,0.0,108,1,-1
0.0,0.0,108,1,-1
0.0,0.0,174,1,1
0.0,0.0,177,1,1
0.0,0.0,108,1,-1
0.0,0.0,172,1,1
0.0,0.0,108,1,-1
0.0,0.0,172,1,1
0.0,0.0,108,1,-1
0.0,0.0,174,1,1
0.0,0.0,108,1,-1
0.0,0.0,172,1,1
0.0,0.0,108,1,-1
0.0,0.0,172,1,1
0.0,0.0,108,1,-1
0.0,0.0,177,1,1
0.0,0.0,108,1,-1
0.0,0.0,174,1,1
0.0,0.0,108,1,-1
0.0,0.0,174,1,1
0.0,0.0,108,1,-1
0.0,0.0,174,1,1
0.0,0.0,108,1,-1
0.0,0.0,177,1,1
0.0,0.0,108,1,-1
0.0,0.0,172,1,1
0.0,0.0,108,1,-1
0.0,0.0,172,1,1
0.0,0.0,108,1,-1
0.0,0.0,174,1,1
0.0,0.0,108,1,-1
0.0,0.0,177,1,1
0.0,0.0,108,1,-1
0.0,0.0,229,1,1
0.0,0.0,108,1,-1
0.0,0.0,177,1,1
0.0,0.0,108,1,-1
0.0,0.0,177,1,1
0.0,0.0,108,1,-1
0.0,0.0,177,1,1
0.0,0.0,108,1,-1
0.0,0.0,174,1,1
0.0,0.0,108,1,-1
0.0,0.0,249,1,1
0.0,0.0,108,1,-1
0.0,0.0,172,1,1
0.0,0.0,108,1,-1
0.0,0.0,174,1,1
0.0,0.0,108,1,-1
0.0,0.0,172,1,1
0.0,0.0,108,1,-1
0.0,0.0,229,1,1
Clump Interarrival,Clump Duration,Clump Size,Clump Packets,Clump Direction
0.0,0.0,222,1,-1
-0.000749943,0.000749943,443,2,1
0.0,0.0,173,1,-1
0.0,0.0,55,1,1
0.0,0.0,153,1,-1
0.0,0.0,59,1,1
0.0,0.0,108,1,-1
0.0,0.0,108,1,-1
-0.000643443,0.000643443,214,2,1
0.0,0.0,108,1,-1
0.0,0.0,71,1,1
0.0,0.0,108,1,-1
-0.000833477,0.000833477,211,2,1
0.0,0.0,108,1,-1
-0.000884048,0.000884048,209,2,1
0.0,0.0,108,1,-1
0.0,0.0,54,1,1
0.0,0.0,108,1,-1
0.0,0.0,157,1,1
0.0,0.0,108,1,-1
0.0,0.0,54,1,1
0.0,0.0,108,1,-1
-0.000182761,0.000182761,213,2,1
0.0,0.0,108,1,-1
0.0,0.0,54,1,1
0.0,0.0,157,1,1
0.0,0.0,108,1,-1
0.0,0.0,54,1,1
0.0,0.0,108,1,-1
0.0,0.0,57,1,1
0.0,0.0,108,1,-1
0.0,0.0,108,1,-1
0.0,0.0,326,1,1
0.0,0.0,108,1,-1
0.0,0.0,58,1,1
0.0,0.0,283,1,-1
0.0,0.0,334,1,1
0.0,0.0,283,1,-1
0.0,0.0,330,1,1
0.0,0.0,283,1,-1
0.0,0.0,334,1,1
0.0,0.0,122,1,-1
0.0,0.0,171,1,1
0.0,0.0,108,1,-1
0.0,0.0,108,1,-1
-0.000213773,0.000213773,211,2,1
0.0,0.0,108,1,-1
-0.000595016,0.000595016,213,2,1
0.0,0.0,108,1,-1
-0.000676587,0.000676587,210,2,1
0.0,0.0,108,1,-1
0.0,0.0,57,1,1
0.0,0.0,108,1,-1
-0.000499177,0.000499177,257,2,1
0.0,0.0,222,1,-1
0.0,0.0,128,1,-1
0.0,0.0,385,1,1
0.0,0.0,108,1,-1
0.0,0.0,44,1,1
0.0,0.0,173,1,-1
0.0,0.0,155,1,1
0.0,0.0,54,1,1
0.0,0.0,289,1,1
0.0,0.0,108,1,-1
0.0,0.0,157,1,1
0.0,0.0,151,1,-1
0.0,0.0,57,1,1
0.0,0.0,159,1,-1
0.0,0.0,206,1,1
0.0,0.0,128,1,-1
0.0,0.0,242,1,1
0.0,0.0,108,1,-1
0.0,0.0,108,1,-1
0.0,0.0,54,1,1
0.0,0.0,108,1,-1
-0.000553454,0.000553454,213,2,1
0.0,0.0,108,1,-1
-4.6e-07,4.6e-07,209,2,1
0.0,0.0,108,1,-1
0.0,0.0,54,1,1
0.0,0.0,108,1,-1
-0.000380894,0.000380894,211,2,1
0.0,0.0,108,1,-1
0.0,0.0,54,1,1
0.0,0.0,108,1,-1
-0.000353548,0.000353548,211,2,1
0.0,0.0,108,1,-1
0.0,0.0,54,1,1
0.0,0.0,159,1,1
0.0,0.0,108,1,-1
-0.000444578,0.000444578,213,2,1
0.0,0.0,108,1,-1
-4.81e-07,4.81e-07,211,2,1
0.0,0.0,108,1,-1
-0.000279191,0.000279191,211,2,1
0.0,0.0,108,1,-1
0.0,0.0,54,1,1
0.0,0.0,108,1,-1
0.0,0.0,54,1,1
0.0,0.0,108,1,-1
0.0,0.0,54,1,1
0.0,0.0,159,1,1
0.0,0.0,108,1,-1
0.0,0.0,108,1,-1
0.0,0.0,54,1,1
0.0,0.0,108,1,-1
-3.41e-07,3.41e-07,213,2,1
0.0,0.0,108,1,-1
0.0,0.0,54,1,1
0.0,0.0,108,1,-1
-0.0004301,0.0004301,209,2,1
0.0,0.0,108,1,-1
-0.000821633,0.000821633,213,2,1
0.0,0.0,108,1,-1
0.0,0.0,54,1,1
0.0,0.0,108,1,-1
-0.000682966,0.000682966,211,2,1
0.0,0.0,108,1,-1
0.0,0.0,54,1,1
0.0,0.0,108,1,-1
0.0,0.0,54,1,1
0.0,0.0,108,1,-1
0.0,0.0,54,1,1
0.0,0.0,108,1,-1
0.0,0.0,58,1,1
0.0,0.0,108,1,-1
0.0,0.0,54,1,1
0.0,0.0,108,1,-1
0.0,0.0,57,1,1
0.0,0.0,108,1,-1
0.0,0.0,54,1,1
0.0,0.0,108,1,-1
0.0,0.0,54,1,1
0.0,0.0,108,1,-1
-0.000681075,0.000681075,211,2,1
0.0,0.0,108,1,-1
-0.000785059,0.000785059,209,2,1
0.0,0.0,108,1,-1
0.0,0.0,54,1,1
0.0,0.0,108,1,-1
0.0,0.0,54,1,1
0.0,0.0,108,1,-1
0.0,0.0,59,1,1
0.0,0.0,222,1,-1
0.0,0.0,128,1,-1
-0.001106808,0.001106808,616,3,1
0.0,0.0,108,1,-1
-0.000768327,0.000768327,209,2,1
0.0,0.0,173,1,-1
0.0,0.0,108,1,-1
0.0,0.0,54,1,1
0.0,0.0,149,1,-1
0.0,0.0,57,1,1
0.0,0.0,108,1,-1
0.0,0.0,108,1,-1
0.0,0.0,108,1,-1
0.0,0.0,54,1,1
0.0,0.0,108,1,-1
0.0,0.0,108,1,-1
0.0,0.0,54,1,1
0.0,0.0,108,1,-1
0.0,0.0,54,1,1
0.0,0.0,108,1,-1
0.0,0.0,108,1,-1
0.0,0.0,54,1,1
0.0,0.0,108,1,-1
0.0,0.0,157,1,1
0.0,0.0,108,1,-1
0.0,0.0,54,1,1
0.0,0.0,108,1,-1
0.0,0.0,54,1,1
0.0,0.0,108,1,-1
0.0,0.0,155,1,1
0.0,0.0,108,1,-1
-0.000616607,0.000616607,211,2,1
0.0,0.0,108,1,-1
0.0,0.0,54,1,1
0.0,0.0,108,1,-1
0.0,0.0,108,1,-1
-4.51e-07,4.51e-07,213,2,1
0.0,0.0,108,1,-1
0.0,0.0,108,1,-1
0.0,0.0,54,1,1
0.0,0.0,108,1,-1
0.0,0.0,108,1,-1
-0.000573733,0.000573733,212,2,1
0.0,0.0,159,1,1
0.0,0.0,108,1,-1
0.0,0.0,108,1,-1
0.0,0.0,54,1,1
0.0,0.0,108,1,-1
0.0,0.0,54,1,1
0.0,0.0,108,1,-1
0.0,0.0,48,1,1
0.0,0.0,211,1,1
0.0,0.0,108,1,-1
0.0,0.0,54,1,1
0.0,0.0,108,1,-1
-0.000331895,0.000331895,213,2,1
0.0,0.0,108,1,-1
0.0,0.0,54,1,1
0.0,0.0,108,1,-1
0.0,0.0,54,1,1
0.0,0.0,108,1,-1
0.0,0.0,54,1,1
0.0,0.0,108,1,-1
-0.000206447,0.000206447,211,2,1
0.0,0.0,108,1,-1
0.0,0.0,54,1,1
0.0,0.0,108,1,-1
0.0,0.0,54,1,1
0.0,0.0,108,1,-1
0.0,0.0,54,1,1
0.0,0.0,108,1,-1
0.0,0.0,54,1,1
0.0,0.0,108,1,-1
0.0,0.0,54,1,1
0.0,0.0,108,1,-1
0.0,0.0,58,1,1
Clump Interarrival,Clump Duration,Clump Size,Clump Packets,Clump Direction
Clump Interarrival,Clump Duration,Clump Size,Clump Packets,Clump Direction
0.0,0.0,53,1,-1
0.0,0.0,250,1,1
Clump Interarrival,Clump Duration,Clump Size,Clump Packets,Clump Direction
Clump Interarrival,Clump Duration,Clump Size,Clump Packets,Clump Direction
Clump Interarrival,Clump Duration,Clump Size,Clump Packets,Clump Direction
0.0,0.0,53,1,-1
0.0,0.0,250,1,1
Clump Interarrival,Clump Duration,Clump Size,Clump Packets,Clump Direction
-0.000314801,0.000314801,140,2,-1
-0.000146429,0.000146429,333,3,-1
0.0,0.0,250,1,1
0.0,0.0,146,1,1
Clump Interarrival,Clump Duration,Clump Size,Clump Packets,Clump Direction
0.0,0.0,53,1,-1
0.0,0.0,87,1,-1
-0.000371039,0.000371039,179,2,-1
0.0,0.0,154,1,-1
0.0,0.0,250,1,1
Clump Interarrival,Clump Duration,Clump Size,Clump Packets,Clump Direction
-1.1792e-05,1.1792e-05,140,2,-1
0.0,0.0,128,1,-1
0.0,0.0,250,1,1
0.0,0.0,131,1,1
-0.000138524,0.000138524,262,3,-1
0.0,0.0,103,1,1
-0.00075962,0.00075962,102,2,-1
0.0,0.0,154,1,-1
0.0,0.0,109,1,1
0.0,0.0,153,1,1
Clump Interarrival,Clump Duration,Clump Size,Clump Packets,Clump Direction
0.0,0.0,53,1,-1
0.0,0.0,250,1,1
Clump Interarrival,Clump Duration,Clump Size,Clump Packets,Clump Direction
-0.000550302,0.000550302,627,6,-1
0.0,0.0,250,1,1
-0.000216635,0.000216635,359,3,-1
0.0,0.0,347,1,1
Clump Interarrival,Clump Duration,Clump Size,Clump Packets,Clump Direction
0.0,0.0,222,1,-1
-0.000506554,0.000506554,439,2,1
0.0,0.0,173,1,-1
-0.000905538,0.000905538,344,2,1
0.0,0.0,153,1,-1
0.0,0.0,58,1,1
0.0,0.0,108,1,-1
0.0,0.0,108,1,-1
0.0,0.0,54,1,1
0.0,0.0,108,1,-1
0.0,0.0,54,1,1
0.0,0.0,108,1,-1
-4.31e-07,4.31e-07,209,2,1
0.0,0.0,108,1,-1
0.0,0.0,54,1,1
0.0,0.0,108,1,-1
0.0,0.0,54,1,1
0.0,0.0,108,1,-1
0.0,0.0,54,1,1
0.0,0.0,108,1,-1
0.0,0.0,54,1,1
0.0,0.0,108,1,-1
0.0,0.0,54,1,1
0.0,0.0,108,1,-1
0.0,0.0,54,1,1
0.0,0.0,108,1,-1
0.0,0.0,157,1,1
0.0,0.0,108,1,-1
-3.9e-07,3.9e-07,209,2,1
0.0,0.0,108,1,-1
0.0,0.0,58,1,1
0.0,0.0,108,1,-1
0.0,0.0,54,1,1
0.0,0.0,159,1,1
0.0,0.0,108,1,-1
0.0,0.0,54,1,1
0.0,0.0,108,1,-1
0.0,0.0,54,1,1
0.0,0.0,108,1,-1
0.0,0.0,71,1,1
0.0,0.0,108,1,-1
-6.91e-07,6.91e-07,213,2,1
0.0,0.0,108,1,-1
0.0,0.0,54,1,1
0.0,0.0,108,1,-1
0.0,0.0,54,1,1
0.0,0.0,108,1,-1
0.0,0.0,54,1,1
0.0,0.0,108,1,-1
0.0,0.0,54,1,1
0.0,0.0,108,1,-1
0.0,0.0,57,1,1
0.0,0.0,108,1,-1
0.0,0.0,108,1,-1
0.0,0.0,108,1,-1
0.0,0.0,283,1,-1
0.0,0.0,283,1,-1
0.0,0.0,54,1,1
0.0,0.0,283,1,-1
0.0,0.0,122,1,-1
0.0,0.0,108,1,-1
0.0,0.0,108,1,-1
-5.51e-07,5.51e-07,214,2,1
0.0,0.0,108,1,-1
0.0,0.0,54,1,1
0.0,0.0,108,1,-1
0.0,0.0,57,1,1
0.0,0.0,108,1,-1
0.0,0.0,54,1,1
0.0,0.0,108,1,-1
0.0,0.0,54,1,1
0.0,0.0,108,1,-1
-5.31e-07,5.31e-07,211,2,1
0.0,0.0,108,1,-1
0.0,0.0,54,1,1
0.0,0.0,108,1,-1
-0.000509257,0.000509257,209,2,1
0.0,0.0,108,1,-1
0.0,0.0,54,1,1
0.0,0.0,159,1,1
0.0,0.0,108,1,-1
0.0,0.0,54,1,1
0.0,0.0,157,1,1
0.0,0.0,108,1,-1
0.0,0.0,54,1,1
0.0,0.0,157,1,1
0.0,0.0,108,1,-1
0.0,0.0,54,1,1
0.0,0.0,159,1,1
0.0,0.0,108,1,-1
0.0,0.0,54,1,1
0.0,0.0,108,1,-1
0.0,0.0,55,1,1
0.0,0.0,108,1,-1
0.0,0.0,55,1,1
0.0,0.0,108,1,-1
0.0,0.0,67,1,1
0.0,0.0,108,1,-1
0.0,0.0,54,1,1
0.0,0.0,108,1,-1
0.0,0.0,54,1,1
0.0,0.0,108,1,-1
0.0,0.0,54,1,1
0.0,0.0,108,1,-1
0.0,0.0,54,1,1
0.0,0.0,159,1,1
0.0,0.0,108,1,-1
0.0,0.0,54,1,1
0.0,0.0,108,1,-1
-0.000203043,0.000203043,209,2,1
0.0,0.0,108,1,-1
0.0,0.0,54,1,1
0.0,0.0,108,1,-1
0.0,0.0,54,1,1
0.0,0.0,108,1,-1
0.0,0.0,54,1,1
0.0,0.0,108,1,-1
0.0,0.0,54,1,1
0.0,0.0,159,1,1
0.0,0.0,108,1,-1
0.0,0.0,54,1,1
0.0,0.0,108,1,-1
0.0,0.0,54,1,1
0.0,0.0,108,1,-1
0.0,0.0,54,1,1
0.0,0.0,108,1,-1
0.0,0.0,54,1,1
0.0,0.0,108,1,-1
0.0,0.0,54,1,1
0.0,0.0,108,1,-1
0.0,0.0,54,1,1
0.0,0.0,108,1,-1
-0.000267505,0.000267505,209,2,1
0.0,0.0,108,1,-1
-1.222e-06,1.222e-06,209,2,1
0.0,0.0,108,1,-1
0.0,0.0,54,1,1
0.0,0.0,108,1,-1
0.0,0.0,54,1,1
0.0,0.0,108,1,-1
0.0,0.0,54,1,1
0.0,0.0,108,1,-1
0.0,0.0,54,1,1
0.0,0.0,108,1,-1
0.0,0.0,54,1,1
0.0,0.0,157,1,1
0.0,0.0,108,1,-1
0.0,0.0,54,1,1
0.0,0.0,108,1,-1
0.0,0.0,54,1,1
0.0,0.0,108,1,-1
0.0,0.0,54,1,1
0.0,0.0,108,1,-1
0.0,0.0,54,1,1
0.0,0.0,108,1,-1
0.0,0.0,54,1,1
0.0,0.0,108,1,-1
0.0,0.0,54,1,1
0.0,0.0,157,1,1
0.0,0.0,108,1,-1
0.0,0.0,58,1,1
0.0,0.0,108,1,-1
0.0,0.0,54,1,1
0.0,0.0,108,1,-1
0.0,0.0,71,1,1
0.0,0.0,108,1,-1
0.0,0.0,54,1,1
0.0,0.0,108,1,-1
0.0,0.0,54,1,1
0.0,0.0,108,1,-1
0.0,0.0,54,1,1
0.0,0.0,108,1,-1
-0.000547198,0.000547198,211,2,1
0.0,0.0,108,1,-1
0.0,0.0,58,1,1
0.0,0.0,222,1,-1
0.0,0.0,128,1,-1
0.0,0.0,58,1,1
0.0,0.0,108,1,-1
0.0,0.0,173,1,-1
-1.273e-06,1.273e-06,347,2,1
0.0,0.0,108,1,-1
0.0,0.0,147,1,-1
-0.00014732,0.00014732,255,2,1
0.0,0.0,155,1,-1
0.0,0.0,202,1,1
0.0,0.0,128,1,-1
0.0,0.0,237,1,1
0.0,0.0,108,1,-1
0.0,0.0,108,1,-1
0.0,0.0,54,1,1
0.0,0.0,108,1,-1
0.0,0.0,57,1,1
0.0,0.0,108,1,-1
0.0,0.0,54,1,1
0.0,0.0,108,1,-1
0.0,0.0,54,1,1
0.0,0.0,108,1,-1
0.0,0.0,57,1,1
0.0,0.0,108,1,-1
0.0,0.0,54,1,1
0.0,0.0,108,1,-1
0.0,0.0,54,1,1
0.0,0.0,108,1,-1
-0.00022682,0.00022682,209,2,1
0.0,0.0,108,1,-1
0.0,0.0,159,1,1
0.0,0.0,108,1,-1
0.0,0.0,54,1,1
0.0,0.0,108,1,-1
0.0,0.0,54,1,1
0.0,0.0,108,1,-1
0.0,0.0,54,1,1
0.0,0.0,108,1,-1
0.0,0.0,54,1,1
0.0,0.0,108,1,-1
0.0,0.0,67,1,1
0.0,0.0,108,1,-1
0.0,0.0,54,1,1
0.0,0.0,108,1,-1
0.0,0.0,54,1,1
0.0,0.0,108,1,-1
0.0,0.0,54,1,1
0.0,0.0,108,1,-1
0.0,0.0,54,1,1
0.0,0.0,108,1,-1
-0.000243232,0.000243232,213,2,1
0.0,0.0,108,1,-1
0.0,0.0,54,1,1
0.0,0.0,108,1,-1
-0.000143903,0.000143903,213,2,1
0.0,0.0,108,1,-1
0.0,0.0,54,1,1
0.0,0.0,108,1,-1
0.0,0.0,54,1,1
0.0,0.0,108,1,-1
-4.41e-07,4.41e-07,211,2,1
0.0,0.0,108,1,-1
-0.00050976,0.00050976,209,2,1
0.0,0.0,108,1,-1
-0.000795705,0.000795705,253,2,1
0.0,0.0,222,1,-1
0.0,0.0,128,1,-1
0.0,0.0,57,1,1
0.0,0.0,108,1,-1
-0.000266626,0.000266626,542,2,1
0.0,0.0,173,1,-1
0.0,0.0,108,1,-1
0.0,0.0,54,1,1
0.0,0.0,149,1,-1
0.0,0.0,108,1,-1
0.0,0.0,108,1,-1
0.0,0.0,54,1,1
0.0,0.0,108,1,-1
0.0,0.0,108,1,-1
0.0,0.0,54,1,1
0.0,0.0,108,1,-1
0.0,0.0,108,1,-1
0.0,0.0,54,1,1
0.0,0.0,108,1,-1
0.0,0.0,54,1,1
0.0,0.0,108,1,-1
0.0,0.0,108,1,-1
0.0,0.0,54,1,1
0.0,0.0,108,1,-1
0.0,0.0,108,1,-1
0.0,0.0,54,1,1
0.0,0.0,108,1,-1
0.0,0.0,108,1,-1
0.0,0.0,54,1,1
0.0,0.0,108,1,-1
-0.000443044,0.000443044,213,2,1
0.0,0.0,108,1,-1
0.0,0.0,108,1,-1
0.0,0.0,54,1,1
0.0,0.0,108,1,-1
0.0,0.0,155,1,1
0.0,0.0,108,1,-1
0.0,0.0,54,1,1
0.0,0.0,108,1,-1
0.0,0.0,108,1,-1
0.0,0.0,55,1,1
0.0,0.0,159,1,1
0.0,0.0,108,1,-1
0.0,0.0,159,1,1
0.0,0.0,108,1,-1
0.0,0.0,54,1,1
0.0,0.0,108,1,-1
0.0,0.0,108,1,-1
0.0,0.0,55,1,1
0.0,0.0,108,1,-1
0.0,0.0,155,1,1
0.0,0.0,108,1,-1
-3.81e-07,3.81e-07,209,2,1
0.0,0.0,108,1,-1
0.0,0.0,108,1,-1
-0.000308448,0.000308448,209,2,1
0.0,0.0,108,1,-1
-0.000320421,0.000320421,209,2,1
0.0,0.0,108,1,-1
0.0,0.0,157,1,1
0.0,0.0,108,1,-1
0.0,0.0,54,1,1
0.0,0.0,108,1,-1
0.0,0.0,108,1,-1
0.0,0.0,108,1,-1
0.0,0.0,54,1,1
0.0,0.0,157,1,1
0.0,0.0,157,1,1
0.0,0.0,108,1,-1
-0.000216964,0.000216964,211,2,1
0.0,0.0,108,1,-1
0.0,0.0,232,1,1
0.0,0.0,222,1,-1
0.0,0.0,128,1,-1
0.0,0.0,108,1,-1
0.0,0.0,58,1,1
0.0,0.0,108,1,-1
0.0,0.0,173,1,-1
0.0,0.0,287,1,1
0.0,0.0,108,1,-1
0.0,0.0,108,1,-1
0.0,0.0,54,1,1
0.0,0.0,159,1,1
0.0,0.0,165,1,-1
0.0,0.0,58,1,1
0.0,0.0,108,1,-1
0.0,0.0,108,1,-1
-0.00013137,0.00013137,140,2,-1
0.0,0.0,108,1,-1
0.0,0.0,70,1,-1
0.0,0.0,70,1,-1
0.0,0.0,283,1,-1
0.0,0.0,58,1,1
0.0,0.0,283,1,-1
0.0,0.0,108,1,-1
0.0,0.0,108,1,-1
0.0,0.0,236,1,-1
0.0,0.0,108,1,-1
0.0,0.0,54,1,1
0.0,0.0,108,1,-1
0.0,0.0,108,1,-1
0.0,0.0,108,1,-1
0.0,0.0,54,1,1
0.0,0.0,108,1,-1
0.0,0.0,108,1,-1
0.0,0.0,159,1,1
0.0,0.0,108,1,-1
-0.000197427,0.000197427,214,2,1
0.0,0.0,108,1,-1
0.0,0.0,155,1,1
0.0,0.0,108,1,-1
0.0,0.0,157,1,1
0.0,0.0,210,1,-1
0.0,0.0,58,1,1
0.0,0.0,261,1,1
0.0,0.0,108,1,-1
0.0,0.0,155,1,1
0.0,0.0,108,1,-1
0.0,0.0,155,1,1
0.0,0.0,108,1,-1
0.0,0.0,54,1,1
0.0,0.0,108,1,-1
0.0,0.0,155,1,1
0.0,0.0,108,1,-1
0.0,0.0,108,1,-1
-4.81e-07,4.81e-07,209,2,1
0.0,0.0,108,1,-1
0.0,0.0,108,1,-1
-0.000428229,0.000428229,211,2,1
0.0,0.0,108,1,-1
0.0,0.0,108,1,-1
0.0,0.0,108,1,-1
-0.000218157,0.000218157,211,2,1
0.0,0.0,108,1,-1
0.0,0.0,159,1,1
0.0,0.0,108,1,-1
0.0,0.0,155,1,1
0.0,0.0,108,1,-1
0.0,0.0,54,1,1
0.0,0.0,108,1,-1
0.0,0.0,157,1,1
0.0,0.0,108,1,-1
0.0,0.0,108,1,-1
0.0,0.0,108,1,-1
0.0,0.0,55,1,1
0.0,0.0,108,1,-1
0.0,0.0,157,1,1
0.0,0.0,108,1,-1
0.0,0.0,108,1,-1
0.0,0.0,55,1,1
0.0,0.0,44,1,1
0.0,0.0,108,1,-1
0.0,0.0,54,1,1
0.0,0.0,108,1,-1
0.0,0.0,108,1,-1
0.0,0.0,108,1,-1
0.0,0.0,54,1,1
0.0,0.0,155,1,1
0.0,0.0,108,1,-1
0.0,0.0,108,1,-1
-0.000539753,0.000539753,209,2,1
0.0,0.0,155,1,1
0.0,0.0,108,1,-1
0.0,0.0,211,1,1
0.0,0.0,108,1,-1
0.0,0.0,108,1,-1
0.0,0.0,159,1,1
0.0,0.0,108,1,-1
0.0,0.0,54,1,1
0.0,0.0,108,1,-1
0.0,0.0,54,1,1
0.0,0.0,108,1,-1
0.0,0.0,157,1,1
0.0,0.0,108,1,-1
0.0,0.0,54,1,1
0.0,0.0,108,1,-1
0.0,0.0,108,1,-1
0.0,0.0,54,1,1
0.0,0.0,108,1,-1
0.0,0.0,108,1,-1
0.0,0.0,54,1,1
0.0,0.0,108,1,-1
0.0,0.0,108,1,-1
0.0,0.0,54,1,1
0.0,0.0,108,1,-1
0.0,0.0,54,1,1
0.0,0.0,108,1,-1
0.0,0.0,108,1,-1
0.0,0.0,108,1,-1
-1.493e-06,1.493e-06,213,2,1
0.0,0.0,108,1,-1
0.0,0.0,54,1,1
0.0,0.0,108,1,-1
0.0,0.0,108,1,-1
0.0,0.0,54,1,1
0.0,0.0,108,1,-1
0.0,0.0,108,1,-1
0.0,0.0,54,1,1
0.0,0.0,108,1,-1
0.0,0.0,108,1,-1
-0.000456554,0.000456554,273,2,1
0.0,0.0,108,1,-1
0.0,0.0,108,1,-1
0.0,0.0,54,1,1
0.0,0.0,108,1,-1
0.0,0.0,54,1,1
0.0,0.0,108,1,-1
0.0,0.0,54,1,1
0.0,0.0,157,1,1
0.0,0.0,108,1,-1
0.0,0.0,54,1,1
0.0,0.0,108,1,-1
0.0,0.0,54,1,1
0.0,0.0,108,1,-1
-0.000862684,0.000862684,213,2,1
0.0,0.0,108,1,-1
0.0,0.0,54,1,1
0.0,0.0,108,1,-1
0.0,0.0,54,1,1
0.0,0.0,108,1,-1
0.0,0.0,54,1,1
0.0,0.0,108,1,-1
0.0,0.0,54,1,1
0.0,0.0,108,1,-1
-0.00025035,0.00025035,209,2,1
0.0,0.0,108,1,-1
0.0,0.0,54,1,1
0.0,0.0,108,1,-1
0.0,0.0,54,1,1
0.0,0.0,108,1,-1
0.0,0.0,54,1,1
0.0,0.0,108,1,-1
0.0,0.0,54,1,1
0.0,0.0,108,1,-1
0.0,0.0,59,1,1
0.0,0.0,108,1,-1
-0.000192419,0.000192419,228,2,1
0.0,0.0,108,1,-1
0.0,0.0,54,1,1
0.0,0.0,108,1,-1
0.0,0.0,54,1,1
0.0,0.0,108,1,-1
0.0,0.0,54,1,1
0.0,0.0,108,1,-1
0.0,0.0,54,1,1
0.0,0.0,108,1,-1
0.0,0.0,54,1,1
0.0,0.0,108,1,-1
-0.000626431,0.000626431,213,2,1
0.0,0.0,108,1,-1
0.0,0.0,54,1,1
0.0,0.0,108,1,-1
-0.000190405,0.000190405,209,2,1
0.0,0.0,108,1,-1
0.0,0.0,54,1,1
0.0,0.0,108,1,-1
0.0,0.0,54,1,1
0.0,0.0,108,1,-1
0.0,0.0,54,1,1
0.0,0.0,108,1,-1
-4.01e-07,4.01e-07,209,2,1
0.0,0.0,108,1,-1
0.0,0.0,54,1,1
0.0,0.0,108,1,-1
-0.000304434,0.000304434,211,2,1
0.0,0.0,108,1,-1
0.0,0.0,54,1,1
0.0,0.0,70,1,-1
-4.71e-07,4.71e-07,143,2,1
0.0,0.0,108,1,-1
0.0,0.0,108,1,-1
0.0,0.0,54,1,1
0.0,0.0,108,1,-1
0.0,0.0,57,1,1
0.0,0.0,108,1,-1
0.0,0.0,54,1,1
0.0,0.0,108,1,-1
0.0,0.0,54,1,1
0.0,0.0,157,1,1
0.0,0.0,108,1,-1
0.0,0.0,54,1,1
0.0,0.0,108,1,-1
0.0,0.0,54,1,1
0.0,0.0,108,1,-1
-0.000640349,0.000640349,209,2,1
0.0,0.0,108,1,-1
0.0,0.0,54,1,1
0.0,0.0,108,1,-1
0.0,0.0,54,1,1
0.0,0.0,108,1,-1
-0.000790848,0.000790848,224,2,1
0.0,0.0,108,1,-1
-0.000219672,0.000219672,211,2,1
0.0,0.0,108,1,-1
0.0,0.0,54,1,1
0.0,0.0,108,1,-1
-0.000503557,0.000503557,209,2,1
0.0,0.0,108,1,-1
0.0,0.0,54,1,1
0.0,0.0,108,1,-1
0.0,0.0,54,1,1
0.0,0.0,108,1,-1
0.0,0.0,108,1,-1
0.0,0.0,54,1,1
0.0,0.0,108,1,-1
0.0,0.0,54,1,1
0.0,0.0,108,1,-1
0.0,0.0,54,1,1
0.0,0.0,108,1,-1
0.0,0.0,54,1,1
0.0,0.0,108,1,-1
0.0,0.0,54,1,1
0.0,0.0,108,1,-1
-0.000280369,0.000280369,209,2,1
0.0,0.0,108,1,-1
-0.000214532,0.000214532,211,2,1
0.0,0.0,108,1,-1
0.0,0.0,54,1,1
0.0,0.0,108,1,-1
0.0,0.0,54,1,1
0.0,0.0,108,1,-1
-0.000152813,0.000152813,213,2,1
0.0,0.0,108,1,-1
0.0,0.0,54,1,1
0.0,0.0,108,1,-1
0.0,0.0,54,1,1
0.0,0.0,108,1,-1
0.0,0.0,54,1,1
0.0,0.0,159,1,1
0.0,0.0,108,1,-1
0.0,0.0,108,1,-1
0.0,0.0,54,1,1
0.0,0.0,108,1,-1
0.0,0.0,54,1,1
0.0,0.0,108,1,-1
0.0,0.0,54,1,1
0.0,0.0,108,1,-1
0.0,0.0,54,1,1
0.0,0.0,108,1,-1
0.0,0.0,54,1,1
0.0,0.0,108,1,-1
0.0,0.0,54,1,1
0.0,0.0,108,1,-1
0.0,0.0,54,1,1
0.0,0.0,108,1,-1
-0.000336967,0.000336967,209,2,1
0.0,0.0,108,1,-1
0.0,0.0,54,1,1
0.0,0.0,108,1,-1
0.0,0.0,54,1,1
0.0,0.0,108,1,-1
0.0,0.0,54,1,1
0.0,0.0,108,1,-1
0.0,0.0,54,1,1
0.0,0.0,108,1,-1
0.0,0.0,58,1,1
0.0,0.0,108,1,-1
0.0,0.0,71,1,1
0.0,0.0,108,1,-1
-0.000434706,0.000434706,213,2,1
0.0,0.0,108,1,-1
-0.000447149,0.000447149,213,2,1
0.0,0.0,108,1,-1
0.0,0.0,54,1,1
0.0,0.0,108,1,-1
0.0,0.0,54,1,1
0.0,0.0,108,1,-1
0.0,0.0,54,1,1
0.0,0.0,108,1,-1
0.0,0.0,54,1,1
0.0,0.0,159,1,1
0.0,0.0,108,1,-1
0.0,0.0,54,1,1
0.0,0.0,108,1,-1
0.0,0.0,54,1,1
0.0,0.0,108,1,-1
0.0,0.0,54,1,1
0.0,0.0,108,1,-1
0.0,0.0,54,1,1
0.0,0.0,157,1,1
0.0,0.0,108,1,-1
0.0,0.0,54,1,1
0.0,0.0,108,1,-1
-0.000214643,0.000214643,209,2,1
0.0,0.0,108,1,-1
-0.000239641,0.000239641,213,2,1
0.0,0.0,108,1,-1
0.0,0.0,54,1,1
0.0,0.0,108,1,-1
0.0,0.0,54,1,1
0.0,0.0,108,1,-1
0.0,0.0,54,1,1
0.0,0.0,108,1,-1
0.0,0.0,58,1,1
Clump Interarrival,Clump Duration,Clump Size,Clump Packets,Clump Direction
-0.000738344,0.000738344,627,6,-1
-0.000115241,0.000115241,388,2,1
-0.000187048,0.000187048,410,4,-1
0.0,0.0,116,1,1
Clump Interarrival,Clump Duration,Clump Size,Clump Packets,Clump Direction
-0.000720092,0.000720092,627,6,-1
-0.000895495,0.000895495,382,2,1
Clump Interarrival,Clump Duration,Clump Size,Clump Packets,Clump Direction
-0.00056182,0.00056182,627,6,-1
0.0,0.0,250,1,1
0.0,0.0,387,1,1
Clump Interarrival,Clump Duration,Clump Size,Clump Packets,Clump Direction
Clump Interarrival,Clump Duration,Clump Size,Clump Packets,Clump Direction
0.0,0.0,222,1,-1
-0.000916197,0.000916197,439,2,1
0.0,0.0,173,1,-1
0.0,0.0,58,1,1
0.0,0.0,289,1,1
0.0,0.0,153,1,-1
0.0,0.0,58,1,1
0.0,0.0,204,1,1
0.0,0.0,108,1,-1
0.0,0.0,108,1,-1
-0.000656214,0.000656214,213,2,1
0.0,0.0,108,1,-1
0.0,0.0,54,1,1
0.0,0.0,108,1,-1
0.0,0.0,54,1,1
0.0,0.0,108,1,-1
0.0,0.0,54,1,1
0.0,0.0,108,1,-1
0.0,0.0,54,1,1
0.0,0.0,155,1,1
0.0,0.0,108,1,-1
-0.000180957,0.000180957,213,2,1
0.0,0.0,108,1,-1
0.0,0.0,54,1,1
0.0,0.0,108,1,-1
0.0,0.0,54,1,1
0.0,0.0,108,1,-1
0.0,0.0,54,1,1
0.0,0.0,108,1,-1
0.0,0.0,58,1,1
0.0,0.0,108,1,-1
0.0,0.0,328,1,1
0.0,0.0,108,1,-1
0.0,0.0,58,1,1
0.0,0.0,283,1,-1
0.0,0.0,330,1,1
0.0,0.0,283,1,-1
0.0,0.0,283,1,-1
0.0,0.0,122,1,-1
0.0,0.0,58,1,1
0.0,0.0,108,1,-1
0.0,0.0,108,1,-1
0.0,0.0,55,1,1
0.0,0.0,108,1,-1
0.0,0.0,55,1,1
0.0,0.0,108,1,-1
0.0,0.0,71,1,1
0.0,0.0,108,1,-1
0.0,0.0,54,1,1
0.0,0.0,108,1,-1
0.0,0.0,159,1,1
0.0,0.0,108,1,-1
-4.91e-07,4.91e-07,211,2,1
0.0,0.0,108,1,-1
0.0,0.0,54,1,1
0.0,0.0,108,1,-1
-0.000281726,0.000281726,211,2,1
0.0,0.0,108,1,-1
-0.000753436,0.000753436,213,2,1
0.0,0.0,108,1,-1
0.0,0.0,54,1,1
0.0,0.0,108,1,-1
0.0,0.0,54,1,1
0.0,0.0,222,1,-1
0.0,0.0,128,1,-1
-0.00088216,0.00088216,610,3,1
0.0,0.0,108,1,-1
0.0,0.0,173,1,-1
0.0,0.0,54,1,1
0.0,0.0,108,1,-1
0.0,0.0,159,1,1
0.0,0.0,151,1,-1
0.0,0.0,58,1,1
0.0,0.0,200,1,1
0.0,0.0,108,1,-1
0.0,0.0,108,1,-1
0.0,0.0,108,1,-1
0.0,0.0,108,1,-1
-3.41e-07,3.41e-07,210,2,1
0.0,0.0,157,1,1
0.0,0.0,108,1,-1
0.0,0.0,108,1,-1
0.0,0.0,55,1,1
0.0,0.0,159,1,1
0.0,0.0,108,1,-1
0.0,0.0,54,1,1
0.0,0.0,108,1,-1
0.0,0.0,57,1,1
0.0,0.0,108,1,-1
0.0,0.0,206,1,1
0.0,0.0,222,1,-1
0.0,0.0,128,1,-1
0.0,0.0,108,1,-1
0.0,0.0,67,1,1
0.0,0.0,108,1,-1
0.0,0.0,385,1,1
0.0,0.0,173,1,-1
0.0,0.0,57,1,1
0.0,0.0,108,1,-1
0.0,0.0,159,1,1
0.0,0.0,108,1,-1
0.0,0.0,79,1,-1
0.0,0.0,79,1,-1
-5.11e-07,5.11e-07,95,2,1
-0.00065561,0.00065561,249,3,-1
0.0,0.0,92,1,-1
0.0,0.0,92,1,-1
0.0,0.0,153,1,-1
0.0,0.0,73,1,-1
-0.000220343,0.000220343,120,2,1
0.0,0.0,164,1,1
0.0,0.0,283,1,-1
0.0,0.0,70,1,-1
0.0,0.0,108,1,-1
0.0,0.0,249,1,1
0.0,0.0,70,1,-1
0.0,0.0,206,1,-1
0.0,0.0,155,1,1
-0.000815979,0.000815979,270,3,-1
0.0,0.0,277,1,1
-0.000151189,0.000151189,198,2,-1
0.0,0.0,253,1,1
-0.000527728,0.000527728,211,3,-1
-0.001257366,0.001257366,417,6,-1
0.0,0.0,108,1,-1
0.0,0.0,74,1,-1
0.0,0.0,263,1,1
-0.000808315,0.000808315,97,2,1
0.0,0.0,49,1,1
0.0,0.0,108,1,-1
0.0,0.0,80,1,-1
-0.000660115,0.000660115,210,2,1
0.0,0.0,85,1,-1
-0.000132912,0.000132912,119,2,1
0.0,0.0,108,1,-1
0.0,0.0,108,1,-1
0.0,0.0,108,1,-1
0.0,0.0,108,1,-1
-0.000178262,0.000178262,209,2,1
0.0,0.0,108,1,-1
0.0,0.0,155,1,1
0.0,0.0,108,1,-1
0.0,0.0,155,1,1
0.0,0.0,108,1,-1
-0.000686554,0.000686554,209,2,1
0.0,0.0,108,1,-1
0.0,0.0,108,1,-1
0.0,0.0,54,1,1
0.0,0.0,108,1,-1
0.0,0.0,108,1,-1
0.0,0.0,54,1,1
0.0,0.0,108,1,-1
0.0,0.0,108,1,-1
0.0,0.0,155,1,1
0.0,0.0,108,1,-1
0.0,0.0,108,1,-1
0.0,0.0,54,1,1
0.0,0.0,108,1,-1
0.0,0.0,108,1,-1
0.0,0.0,108,1,-1
-0.000262099,0.000262099,213,2,1
0.0,0.0,159,1,1
0.0,0.0,108,1,-1
0.0,0.0,108,1,-1
0.0,0.0,54,1,1
0.0,0.0,108,1,-1
0.0,0.0,108,1,-1
0.0,0.0,54,1,1
0.0,0.0,108,1,-1
0.0,0.0,54,1,1
0.0,0.0,108,1,-1
0.0,0.0,214,1,1
0.0,0.0,108,1,-1
-4.51e-07,4.51e-07,211,2,1
0.0,0.0,108,1,-1
0.0,0.0,54,1,1
0.0,0.0,108,1,-1
0.0,0.0,108,1,-1
0.0,0.0,54,1,1
Clump Interarrival,Clump Duration,Clump Size,Clump Packets,Clump Direction
-0.000103979,0.000103979,262,2,-1
-0.000326455,0.000326455,456,2,1
0.0,0.0,173,1,-1
0.0,0.0,58,1,1
0.0,0.0,153,1,-1
-0.000741038,0.000741038,262,2,1
0.0,0.0,108,1,-1
0.0,0.0,108,1,-1
0.0,0.0,58,1,1
0.0,0.0,108,1,-1
-6.12e-07,6.12e-07,214,2,1
0.0,0.0,108,1,-1
0.0,0.0,54,1,1
0.0,0.0,108,1,-1
0.0,0.0,54,1,1
0.0,0.0,108,1,-1
0.0,0.0,54,1,1
0.0,0.0,108,1,-1
0.0,0.0,54,1,1
0.0,0.0,108,1,-1
-0.000225551,0.000225551,213,2,1
0.0,0.0,108,1,-1
-0.000902193,0.000902193,213,2,1
0.0,0.0,108,1,-1
-0.000405987,0.000405987,211,2,1
0.0,0.0,108,1,-1
0.0,0.0,54,1,1
0.0,0.0,108,1,-1
0.0,0.0,54,1,1
0.0,0.0,108,1,-1
0.0,0.0,54,1,1
0.0,0.0,108,1,-1
0.0,0.0,54,1,1
0.0,0.0,108,1,-1
0.0,0.0,54,1,1
0.0,0.0,108,1,-1
0.0,0.0,54,1,1
0.0,0.0,108,1,-1
-0.000204892,0.000204892,213,2,1
0.0,0.0,108,1,-1
0.0,0.0,54,1,1
0.0,0.0,108,1,-1
0.0,0.0,54,1,1
0.0,0.0,108,1,-1
0.0,0.0,54,1,1
0.0,0.0,108,1,-1
0.0,0.0,54,1,1
0.0,0.0,108,1,-1
0.0,0.0,54,1,1
0.0,0.0,108,1,-1
0.0,0.0,57,1,1
0.0,0.0,328,1,1
0.0,0.0,108,1,-1
0.0,0.0,108,1,-1
0.0,0.0,58,1,1
0.0,0.0,283,1,-1
0.0,0.0,332,1,1
0.0,0.0,283,1,-1
0.0,0.0,283,1,-1
0.0,0.0,122,1,-1
0.0,0.0,108,1,-1
0.0,0.0,108,1,-1
0.0,0.0,54,1,1
0.0,0.0,108,1,-1
0.0,0.0,54,1,1
0.0,0.0,108,1,-1
0.0,0.0,54,1,1
0.0,0.0,108,1,-1
0.0,0.0,54,1,1
0.0,0.0,108,1,-1
0.0,0.0,54,1,1
0.0,0.0,108,1,-1
0.0,0.0,54,1,1
0.0,0.0,108,1,-1
0.0,0.0,157,1,1
0.0,0.0,108,1,-1
-5.31e-07,5.31e-07,211,2,1
0.0,0.0,108,1,-1
-0.000329118,0.000329118,211,2,1
0.0,0.0,108,1,-1
0.0,0.0,54,1,1
0.0,0.0,108,1,-1
0.0,0.0,54,1,1
0.0,0.0,108,1,-1
-6.41e-07,6.41e-07,213,2,1
0.0,0.0,108,1,-1
0.0,0.0,54,1,1
0.0,0.0,108,1,-1
0.0,0.0,54,1,1
0.0,0.0,108,1,-1
-0.00020464,0.00020464,211,2,1
0.0,0.0,108,1,-1
0.0,0.0,54,1,1
0.0,0.0,108,1,-1
-0.000980392,0.000980392,209,2,1
0.0,0.0,108,1,-1
0.0,0.0,54,1,1
0.0,0.0,108,1,-1
-0.000611467,0.000611467,211,2,1
0.0,0.0,108,1,-1
0.0,0.0,54,1,1
0.0,0.0,108,1,-1
0.0,0.0,54,1,1
0.0,0.0,108,1,-1
0.0,0.0,54,1,1
0.0,0.0,108,1,-1
0.0,0.0,54,1,1
0.0,0.0,108,1,-1
0.0,0.0,55,1,1
0.0,0.0,108,1,-1
0.0,0.0,71,1,1
0.0,0.0,108,1,-1
0.0,0.0,54,1,1
0.0,0.0,108,1,-1
0.0,0.0,67,1,1
0.0,0.0,108,1,-1
0.0,0.0,54,1,1
0.0,0.0,108,1,-1
0.0,0.0,54,1,1
0.0,0.0,108,1,-1
-6.21e-07,6.21e-07,213,2,1
0.0,0.0,108,1,-1
0.0,0.0,54,1,1
0.0,0.0,108,1,-1
0.0,0.0,54,1,1
0.0,0.0,108,1,-1
0.0,0.0,57,1,1
0.0,0.0,108,1,-1
0.0,0.0,54,1,1
0.0,0.0,108,1,-1
0.0,0.0,58,1,1
0.0,0.0,108,1,-1
-0.000616065,0.000616065,209,2,1
0.0,0.0,108,1,-1
0.0,0.0,57,1,1
0.0,0.0,108,1,-1
0.0,0.0,54,1,1
0.0,0.0,108,1,-1
0.0,0.0,54,1,1
0.0,0.0,159,1,1
0.0,0.0,108,1,-1
0.0,0.0,54,1,1
0.0,0.0,108,1,-1
0.0,0.0,54,1,1
0.0,0.0,108,1,-1
-0.000579161,0.000579161,209,2,1
0.0,0.0,108,1,-1
0.0,0.0,54,1,1
0.0,0.0,108,1,-1
-0.0003006,0.0003006,213,2,1
0.0,0.0,108,1,-1
0.0,0.0,54,1,1
0.0,0.0,108,1,-1
0.0,0.0,54,1,1
0.0,0.0,108,1,-1
0.0,0.0,54,1,1
0.0,0.0,108,1,-1
-0.000737647,0.000737647,209,2,1
0.0,0.0,108,1,-1
0.0,0.0,54,1,1
0.0,0.0,108,1,-1
-0.000170365,0.000170365,211,2,1
0.0,0.0,108,1,-1
-6.01e-07,6.01e-07,209,2,1
0.0,0.0,108,1,-1
0.0,0.0,54,1,1
0.0,0.0,108,1,-1
0.0,0.0,54,1,1
0.0,0.0,108,1,-1
0.0,0.0,54,1,1
0.0,0.0,108,1,-1
0.0,0.0,54,1,1
0.0,0.0,108,1,-1
0.0,0.0,54,1,1
0.0,0.0,108,1,-1
0.0,0.0,54,1,1
0.0,0.0,108,1,-1
0.0,0.0,58,1,1
0.0,0.0,222,1,-1
0.0,0.0,128,1,-1
0.0,0.0,108,1,-1
0.0,0.0,54,1,1
0.0,0.0,173,1,-1
0.0,0.0,289,1,1
0.0,0.0,108,1,-1
0.0,0.0,54,1,1
0.0,0.0,149,1,-1
0.0,0.0,108,1,-1
0.0,0.0,157,1,1
0.0,0.0,108,1,-1
-0.000323005,0.000323005,211,2,1
0.0,0.0,108,1,-1
0.0,0.0,108,1,-1
0.0,0.0,54,1,1
0.0,0.0,108,1,-1
0.0,0.0,108,1,-1
0.0,0.0,54,1,1
0.0,0.0,108,1,-1
0.0,0.0,108,1,-1
-0.000835372,0.000835372,209,2,1
0.0,0.0,108,1,-1
0.0,0.0,108,1,-1
-0.000488949,0.000488949,209,2,1
0.0,0.0,108,1,-1
0.0,0.0,108,1,-1
0.0,0.0,54,1,1
0.0,0.0,108,1,-1
0.0,0.0,108,1,-1
-0.000164704,0.000164704,209,2,1
0.0,0.0,108,1,-1
0.0,0.0,108,1,-1
-0.000347622,0.000347622,211,2,1
0.0,0.0,108,1,-1
0.0,0.0,108,1,-1
-5.01e-07,5.01e-07,255,2,1
0.0,0.0,128,1,-1
0.0,0.0,222,1,-1
0.0,0.0,108,1,-1
0.0,0.0,108,1,-1
-0.000733444,0.000733444,445,2,1
0.0,0.0,108,1,-1
0.0,0.0,108,1,-1
0.0,0.0,54,1,1
0.0,0.0,173,1,-1
0.0,0.0,108,1,-1
0.0,0.0,108,1,-1
-0.000201621,0.000201621,211,2,1
0.0,0.0,149,1,-1
0.0,0.0,200,1,1
0.0,0.0,108,1,-1
0.0,0.0,155,1,1
0.0,0.0,108,1,-1
0.0,0.0,108,1,-1
0.0,0.0,54,1,1
0.0,0.0,157,1,1
0.0,0.0,108,1,-1
0.0,0.0,157,1,1
0.0,0.0,108,1,-1
0.0,0.0,108,1,-1
0.0,0.0,54,1,1
0.0,0.0,108,1,-1
0.0,0.0,108,1,-1
0.0,0.0,108,1,-1
0.0,0.0,108,1,-1
0.0,0.0,54,1,1
0.0,0.0,108,1,-1
0.0,0.0,108,1,-1
0.0,0.0,108,1,-1
0.0,0.0,159,1,1
0.0,0.0,108,1,-1
0.0,0.0,108,1,-1
0.0,0.0,55,1,1
0.0,0.0,108,1,-1
-0.000946846,0.000946846,205,2,1
0.0,0.0,108,1,-1
0.0,0.0,108,1,-1
0.0,0.0,54,1,1
0.0,0.0,108,1,-1
0.0,0.0,55,1,1
-0.00017332,0.00017332,203,2,1
0.0,0.0,108,1,-1
0.0,0.0,108,1,-1
-4.11e-07,4.11e-07,211,2,1
0.0,0.0,159,1,1
0.0,0.0,108,1,-1
0.0,0.0,157,1,1
0.0,0.0,108,1,-1
0.0,0.0,108,1,-1
-0.000365476,0.000365476,209,2,1
0.0,0.0,157,1,1
0.0,0.0,108,1,-1
0.0,0.0,108,1,-1
0.0,0.0,108,1,-1
0.0,0.0,54,1,1
0.0,0.0,157,1,1
0.0,0.0,157,1,1
0.0,0.0,108,1,-1
0.0,0.0,108,1,-1
0.0,0.0,108,1,-1
-0.000204649,0.000204649,209,2,1
0.0,0.0,108,1,-1
0.0,0.0,108,1,-1
0.0,0.0,108,1,-1
-0.000356996,0.000356996,213,2,1
0.0,0.0,108,1,-1
0.0,0.0,108,1,-1
0.0,0.0,108,1,-1
-0.000480712,0.000480712,211,2,1
0.0,0.0,157,1,1
0.0,0.0,108,1,-1
0.0,0.0,159,1,1
0.0,0.0,108,1,-1
0.0,0.0,108,1,-1
0.0,0.0,54,1,1
0.0,0.0,108,1,-1
0.0,0.0,108,1,-1
0.0,0.0,108,1,-1
0.0,0.0,54,1,1
0.0,0.0,108,1,-1
0.0,0.0,108,1,-1
0.0,0.0,108,1,-1
-0.000785696,0.000785696,213,2,1
0.0,0.0,108,1,-1
0.0,0.0,155,1,1
0.0,0.0,108,1,-1
0.0,0.0,108,1,-1
0.0,0.0,54,1,1
0.0,0.0,155,1,1
0.0,0.0,108,1,-1
0.0,0.0,157,1,1
0.0,0.0,108,1,-1
0.0,0.0,108,1,-1
0.0,0.0,54,1,1
0.0,0.0,108,1,-1
0.0,0.0,108,1,-1
0.0,0.0,108,1,-1
-0.000181014,0.000181014,209,2,1
0.0,0.0,108,1,-1
0.0,0.0,108,1,-1
0.0,0.0,108,1,-1
-6.41e-07,6.41e-07,211,2,1
0.0,0.0,108,1,-1
0.0,0.0,108,1,-1
0.0,0.0,108,1,-1
0.0,0.0,108,1,-1
0.0,0.0,54,1,1
-0.000719289,0.000719289,209,2,1
0.0,0.0,108,1,-1
0.0,0.0,108,1,-1
0.0,0.0,155,1,1
-0.000224284,0.000224284,209,2,1
0.0,0.0,108,1,-1
0.0,0.0,159,1,1
0.0,0.0,108,1,-1
0.0,0.0,108,1,-1
0.0,0.0,54,1,1
0.0,0.0,108,1,-1
0.0,0.0,157,1,1
0.0,0.0,108,1,-1
0.0,0.0,108,1,-1
0.0,0.0,54,1,1
0.0,0.0,155,1,1
0.0,0.0,108,1,-1
0.0,0.0,108,1,-1
0.0,0.0,108,1,-1
0.0,0.0,54,1,1
0.0,0.0,108,1,-1
0.0,0.0,108,1,-1
0.0,0.0,108,1,-1
0.0,0.0,54,1,1
0.0,0.0,108,1,-1
0.0,0.0,159,1,1
0.0,0.0,108,1,-1
-0.000540438,0.000540438,209,2,1
0.0,0.0,108,1,-1
0.0,0.0,157,1,1
0.0,0.0,108,1,-1
0.0,0.0,54,1,1
0.0,0.0,155,1,1
0.0,0.0,108,1,-1
0.0,0.0,159,1,1
0.0,0.0,108,1,-1
0.0,0.0,108,1,-1
-0.000231831,0.000231831,209,2,1
0.0,0.0,108,1,-1
0.0,0.0,108,1,-1
0.0,0.0,108,1,-1
0.0,0.0,54,1,1
0.0,0.0,108,1,-1
0.0,0.0,108,1,-1
0.0,0.0,108,1,-1
-0.000219397,0.000219397,211,2,1
0.0,0.0,108,1,-1
0.0,0.0,108,1,-1
0.0,0.0,108,1,-1
0.0,0.0,108,1,-1
0.0,0.0,108,1,-1
0.0,0.0,54,1,1
0.0,0.0,108,1,-1
0.0,0.0,108,1,-1
-0.000947311,0.000947311,213,2,1
0.0,0.0,108,1,-1
0.0,0.0,159,1,1
0.0,0.0,108,1,-1
0.0,0.0,108,1,-1
-0.000791374,0.000791374,211,2,1
0.0,0.0,108,1,-1
0.0,0.0,108,1,-1
0.0,0.0,108,1,-1
0.0,0.0,54,1,1
0.0,0.0,159,1,1
0.0,0.0,108,1,-1
0.0,0.0,108,1,-1
0.0,0.0,108,1,-1
-0.000178229,0.000178229,209,2,1
0.0,0.0,108,1,-1
0.0,0.0,108,1,-1
0.0,0.0,108,1,-1
-0.000617995,0.000617995,211,2,1
0.0,0.0,155,1,1
0.0,0.0,108,1,-1
0.0,0.0,108,1,-1
0.0,0.0,108,1,-1
0.0,0.0,54,1,1
0.0,0.0,108,1,-1
0.0,0.0,108,1,-1
0.0,0.0,108,1,-1
-0.000111892,0.000111892,211,2,1
0.0,0.0,159,1,1
0.0,0.0,108,1,-1
0.0,0.0,54,1,1
0.0,0.0,155,1,1
0.0,0.0,108,1,-1
0.0,0.0,157,1,1
0.0,0.0,108,1,-1
0.0,0.0,54,1,1
0.0,0.0,108,1,-1
0.0,0.0,108,1,-1
0.0,0.0,108,1,-1
0.0,0.0,54,1,1
0.0,0.0,108,1,-1
0.0,0.0,155,1,1
0.0,0.0,108,1,-1
0.0,0.0,108,1,-1
0.0,0.0,108,1,-1
-0.000729534,0.000729534,211,2,1
0.0,0.0,157,1,1
0.0,0.0,108,1,-1
0.0,0.0,108,1,-1
-5.21e-07,5.21e-07,211,2,1
0.0,0.0,108,1,-1
0.0,0.0,157,1,1
0.0,0.0,108,1,-1
0.0,0.0,54,1,1
0.0,0.0,108,1,-1
0.0,0.0,108,1,-1
0.0,0.0,108,1,-1
0.0,0.0,108,1,-1
0.0,0.0,54,1,1
0.0,0.0,108,1,-1
0.0,0.0,108,1,-1
-0.000234606,0.000234606,211,2,1
0.0,0.0,108,1,-1
0.0,0.0,108,1,-1
0.0,0.0,159,1,1
0.0,0.0,108,1,-1
-0.00020004,0.00020004,213,2,1
0.0,0.0,108,1,-1
0.0,0.0,108,1,-1
0.0,0.0,108,1,-1
0.0,0.0,108,1,-1
0.0,0.0,54,1,1
0.0,0.0,108,1,-1
0.0,0.0,54,1,1
0.0,0.0,108,1,-1
0.0,0.0,108,1,-1
0.0,0.0,108,1,-1
-8.12e-07,8.12e-07,209,2,1
0.0,0.0,108,1,-1
0.0,0.0,108,1,-1
0.0,0.0,54,1,1
0.0,0.0,108,1,-1
0.0,0.0,108,1,-1
-0.000187716,0.000187716,213,2,1
0.0,0.0,108,1,-1
-0.00012129,0.00012129,209,2,1
0.0,0.0,108,1,-1
0.0,0.0,108,1,-1
-0.000793657,0.000793657,213,2,1
0.0,0.0,108,1,-1
0.0,0.0,155,1,1
0.0,0.0,108,1,-1
0.0,0.0,54,1,1
0.0,0.0,108,1,-1
0.0,0.0,159,1,1
0.0,0.0,108,1,-1
0.0,0.0,54,1,1
0.0,0.0,108,1,-1
0.0,0.0,108,1,-1
0.0,0.0,54,1,1
0.0,0.0,108,1,-1
0.0,0.0,108,1,-1
-0.000225628,0.000225628,209,2,1
0.0,0.0,108,1,-1
0.0,0.0,108,1,-1
0.0,0.0,108,1,-1
-9.4279e-05,9.4279e-05,213,2,1
0.0,0.0,108,1,-1
0.0,0.0,108,1,-1
0.0,0.0,54,1,1
0.0,0.0,108,1,-1
-0.000470854,0.000470854,203,2,1
0.0,0.0,108,1,-1
0.0,0.0,54,1,1
0.0,0.0,108,1,-1
0.0,0.0,155,1,1
0.0,0.0,108,1,-1
0.0,0.0,54,1,1
0.0,0.0,108,1,-1
-0.000758951,0.000758951,203,2,1
0.0,0.0,108,1,-1
-9.12e-07,9.12e-07,213,2,1
0.0,0.0,108,1,-1
0.0,0.0,108,1,-1
-0.000435404,0.000435404,211,2,1
0.0,0.0,108,1,-1
0.0,0.0,155,1,1
0.0,0.0,108,1,-1
0.0,0.0,54,1,1
0.0,0.0,108,1,-1
-0.000392555,0.000392555,269,2,1
0.0,0.0,108,1,-1
0.0,0.0,108,1,-1
0.0,0.0,54,1,1
0.0,0.0,108,1,-1
0.0,0.0,54,1,1
0.0,0.0,108,1,-1
-4.7e-07,4.7e-07,212,2,1
0.0,0.0,108,1,-1
0.0,0.0,54,1,1
0.0,0.0,108,1,-1
-0.000479959,0.000479959,217,2,1
0.0,0.0,108,1,-1
0.0,0.0,57,1,1
0.0,0.0,108,1,-1
0.0,0.0,54,1,1
0.0,0.0,108,1,-1
0.0,0.0,54,1,1
0.0,0.0,108,1,-1
0.0,0.0,54,1,1
0.0,0.0,108,1,-1
-1.122e-06,1.122e-06,211,2,1
0.0,0.0,108,1,-1
0.0,0.0,54,1,1
0.0,0.0,108,1,-1
0.0,0.0,54,1,1
0.0,0.0,108,1,-1
0.0,0.0,54,1,1
0.0,0.0,108,1,-1
-0.000619713,0.000619713,213,2,1
0.0,0.0,108,1,-1
0.0,0.0,54,1,1
0.0,0.0,108,1,-1
0.0,0.0,54,1,1
0.0,0.0,157,1,1
0.0,0.0,108,1,-1
0.0,0.0,54,1,1
0.0,0.0,108,1,-1
0.0,0.0,54,1,1
0.0,0.0,108,1,-1
0.0,0.0,54,1,1
0.0,0.0,108,1,-1
0.0,0.0,54,1,1
0.0,0.0,108,1,-1
0.0,0.0,54,1,1
0.0,0.0,108,1,-1
0.0,0.0,54,1,1
0.0,0.0,108,1,-1
0.0,0.0,54,1,1
0.0,0.0,108,1,-1
0.0,0.0,54,1,1
0.0,0.0,108,1,-1
0.0,0.0,54,1,1
0.0,0.0,216,1,1
Clump Interarrival,Clump Duration,Clump Size,Clump Packets,Clump Direction
0.0,0.0,222,1,-1
-0.000489513,0.000489513,439,2,1
0.0,0.0,173,1,-1
-0.000846441,0.000846441,347,2,1
0.0,0.0,153,1,-1
-0.000671614,0.000671614,256,2,1
0.0,0.0,108,1,-1
0.0,0.0,155,1,1
0.0,0.0,108,1,-1
0.0,0.0,54,1,1
0.0,0.0,108,1,-1
-0.000217603,0.000217603,214,2,1
0.0,0.0,108,1,-1
0.0,0.0,54,1,1
0.0,0.0,108,1,-1
0.0,0.0,54,1,1
0.0,0.0,155,1,1
0.0,0.0,108,1,-1
0.0,0.0,108,1,-1
0.0,0.0,108,1,-1
0.0,0.0,54,1,1
0.0,0.0,108,1,-1
-0.000518186,0.000518186,211,2,1
0.0,0.0,108,1,-1
-5.81e-07,5.81e-07,211,2,1
0.0,0.0,108,1,-1
-6.21e-07,6.21e-07,209,2,1
0.0,0.0,108,1,-1
-6.31e-07,6.31e-07,209,2,1
0.0,0.0,108,1,-1
0.0,0.0,54,1,1
0.0,0.0,108,1,-1
0.0,0.0,54,1,1
0.0,0.0,159,1,1
0.0,0.0,108,1,-1
-0.000792896,0.000792896,209,2,1
0.0,0.0,108,1,-1
0.0,0.0,54,1,1
0.0,0.0,108,1,-1
0.0,0.0,54,1,1
0.0,0.0,108,1,-1
0.0,0.0,54,1,1
0.0,0.0,108,1,-1
0.0,0.0,54,1,1
0.0,0.0,108,1,-1
-8.01e-07,8.01e-07,383,2,1
0.0,0.0,108,1,-1
0.0,0.0,359,1,1
0.0,0.0,108,1,-1
0.0,0.0,283,1,-1
0.0,0.0,283,1,-1
0.0,0.0,58,1,1
0.0,0.0,283,1,-1
0.0,0.0,122,1,-1
0.0,0.0,108,1,-1
0.0,0.0,155,1,1
0.0,0.0,108,1,-1
0.0,0.0,54,1,1
0.0,0.0,159,1,1
0.0,0.0,108,1,-1
0.0,0.0,54,1,1
0.0,0.0,108,1,-1
0.0,0.0,54,1,1
0.0,0.0,155,1,1
0.0,0.0,108,1,-1
-0.000421282,0.000421282,211,2,1
0.0,0.0,108,1,-1
-0.00031497,0.00031497,211,2,1
0.0,0.0,108,1,-1
0.0,0.0,54,1,1
0.0,0.0,108,1,-1
-6.11e-07,6.11e-07,213,2,1
0.0,0.0,108,1,-1
0.0,0.0,54,1,1
0.0,0.0,108,1,-1
0.0,0.0,54,1,1
0.0,0.0,108,1,-1
0.0,0.0,54,1,1
0.0,0.0,155,1,1
0.0,0.0,108,1,-1
-6.62e-07,6.62e-07,213,2,1
0.0,0.0,108,1,-1
-0.000310747,0.000310747,211,2,1
0.0,0.0,108,1,-1
0.0,0.0,54,1,1
0.0,0.0,108,1,-1
0.0,0.0,54,1,1
0.0,0.0,108,1,-1
-7.31e-07,7.31e-07,210,2,1
0.0,0.0,108,1,-1
0.0,0.0,55,1,1
0.0,0.0,108,1,-1
-7.61e-07,7.61e-07,212,2,1
0.0,0.0,108,1,-1
0.0,0.0,71,1,1
0.0,0.0,108,1,-1
-7.72e-07,7.72e-07,213,2,1
0.0,0.0,108,1,-1
0.0,0.0,54,1,1
0.0,0.0,108,1,-1
-0.000552136,0.000552136,209,2,1
0.0,0.0,108,1,-1
0.0,0.0,159,1,1
0.0,0.0,108,1,-1
0.0,0.0,54,1,1
0.0,0.0,108,1,-1
0.0,0.0,159,1,1
0.0,0.0,108,1,-1
-6.11e-07,6.11e-07,209,2,1
0.0,0.0,108,1,-1
-6.11e-07,6.11e-07,211,2,1
0.0,0.0,108,1,-1
0.0,0.0,55,1,1
0.0,0.0,108,1,-1
0.0,0.0,67,1,1
0.0,0.0,108,1,-1
0.0,0.0,54,1,1
0.0,0.0,108,1,-1
0.0,0.0,54,1,1
0.0,0.0,108,1,-1
-0.000422521,0.000422521,213,2,1
0.0,0.0,108,1,-1
0.0,0.0,54,1,1
0.0,0.0,155,1,1
0.0,0.0,108,1,-1
0.0,0.0,54,1,1
0.0,0.0,108,1,-1
0.0,0.0,54,1,1
0.0,0.0,108,1,-1
0.0,0.0,54,1,1
0.0,0.0,108,1,-1
-6.21e-07,6.21e-07,209,2,1
0.0,0.0,108,1,-1
0.0,0.0,54,1,1
0.0,0.0,108,1,-1
0.0,0.0,57,1,1
0.0,0.0,108,1,-1
0.0,0.0,57,1,1
0.0,0.0,108,1,-1
0.0,0.0,54,1,1
0.0,0.0,157,1,1
0.0,0.0,108,1,-1
0.0,0.0,54,1,1
0.0,0.0,108,1,-1
0.0,0.0,58,1,1
0.0,0.0,108,1,-1
0.0,0.0,54,1,1
0.0,0.0,108,1,-1
-7.31e-07,7.31e-07,213,2,1
0.0,0.0,108,1,-1
0.0,0.0,54,1,1
0.0,0.0,108,1,-1
0.0,0.0,58,1,1
0.0,0.0,195,1,1
0.0,0.0,222,1,-1
0.0,0.0,128,1,-1
0.0,0.0,108,1,-1
0.0,0.0,159,1,1
0.0,0.0,173,1,-1
-6.21e-07,6.21e-07,347,2,1
0.0,0.0,108,1,-1
0.0,0.0,149,1,-1
-9.72e-07,9.72e-07,253,2,1
0.0,0.0,108,1,-1
0.0,0.0,155,1,1
0.0,0.0,108,1,-1
0.0,0.0,54,1,1
0.0,0.0,108,1,-1
0.0,0.0,108,1,-1
0.0,0.0,54,1,1
0.0,0.0,108,1,-1
0.0,0.0,159,1,1
0.0,0.0,108,1,-1
0.0,0.0,54,1,1
0.0,0.0,108,1,-1
0.0,0.0,108,1,-1
-6.01e-07,6.01e-07,213,2,1
0.0,0.0,108,1,-1
0.0,0.0,159,1,1
0.0,0.0,108,1,-1
0.0,0.0,54,1,1
0.0,0.0,108,1,-1
0.0,0.0,159,1,1
0.0,0.0,108,1,-1
-6.61e-07,6.61e-07,213,2,1
0.0,0.0,108,1,-1
-6.02e-07,6.02e-07,209,2,1
0.0,0.0,108,1,-1
0.0,0.0,195,1,1
0.0,0.0,128,1,-1
0.0,0.0,222,1,-1
0.0,0.0,108,1,-1
-0.001061858,0.001061858,598,3,1
0.0,0.0,108,1,-1
0.0,0.0,155,1,1
0.0,0.0,173,1,-1
0.0,0.0,108,1,-1
0.0,0.0,108,1,-1
0.0,0.0,54,1,1
0.0,0.0,149,1,-1
0.0,0.0,108,1,-1
0.0,0.0,108,1,-1
0.0,0.0,159,1,1
0.0,0.0,108,1,-1
0.0,0.0,54,1,1
0.0,0.0,108,1,-1
0.0,0.0,54,1,1
0.0,0.0,108,1,-1
0.0,0.0,108,1,-1
0.0,0.0,159,1,1
0.0,0.0,108,1,-1
0.0,0.0,108,1,-1
0.0,0.0,54,1,1
0.0,0.0,159,1,1
0.0,0.0,108,1,-1
0.0,0.0,108,1,-1
0.0,0.0,108,1,-1
0.0,0.0,108,1,-1
-0.000916787,0.000916787,370,3,1
0.0,0.0,155,1,1
0.0,0.0,108,1,-1
0.0,0.0,108,1,-1
0.0,0.0,159,1,1
0.0,0.0,108,1,-1
0.0,0.0,108,1,-1
0.0,0.0,54,1,1
0.0,0.0,159,1,1
0.0,0.0,108,1,-1
0.0,0.0,108,1,-1
0.0,0.0,155,1,1
0.0,0.0,108,1,-1
0.0,0.0,108,1,-1
-0.000364835,0.000364835,213,2,1
0.0,0.0,108,1,-1
0.0,0.0,157,1,1
0.0,0.0,108,1,-1
0.0,0.0,54,1,1
0.0,0.0,108,1,-1
0.0,0.0,108,1,-1
0.0,0.0,54,1,1
0.0,0.0,108,1,-1
0.0,0.0,108,1,-1
0.0,0.0,108,1,-1
-0.000565778,0.000565778,213,2,1
0.0,0.0,108,1,-1
0.0,0.0,54,1,1
0.0,0.0,108,1,-1
0.0,0.0,157,1,1
0.0,0.0,108,1,-1
0.0,0.0,108,1,-1
0.0,0.0,54,1,1
0.0,0.0,108,1,-1
0.0,0.0,157,1,1
0.0,0.0,108,1,-1
0.0,0.0,108,1,-1
0.0,0.0,54,1,1
0.0,0.0,108,1,-1
0.0,0.0,108,1,-1
0.0,0.0,108,1,-1
0.0,0.0,54,1,1
0.0,0.0,108,1,-1
0.0,0.0,108,1,-1
0.0,0.0,48,1,1
0.0,0.0,108,1,-1
0.0,0.0,54,1,1
0.0,0.0,108,1,-1
0.0,0.0,108,1,-1
0.0,0.0,157,1,1
0.0,0.0,108,1,-1
0.0,0.0,54,1,1
0.0,0.0,108,1,-1
0.0,0.0,108,1,-1
0.0,0.0,108,1,-1
0.0,0.0,155,1,1
0.0,0.0,108,1,-1
0.0,0.0,108,1,-1
0.0,0.0,54,1,1
0.0,0.0,108,1,-1
0.0,0.0,108,1,-1
0.0,0.0,108,1,-1
0.0,0.0,54,1,1
0.0,0.0,108,1,-1
0.0,0.0,108,1,-1
0.0,0.0,108,1,-1
-4.21e-07,4.21e-07,211,2,1
0.0,0.0,155,1,1
0.0,0.0,108,1,-1
0.0,0.0,108,1,-1
0.0,0.0,108,1,-1
-0.000875371,0.000875371,209,2,1
0.0,0.0,108,1,-1
0.0,0.0,108,1,-1
0.0,0.0,54,1,1
0.0,0.0,155,1,1
0.0,0.0,108,1,-1
0.0,0.0,108,1,-1
0.0,0.0,54,1,1
0.0,0.0,159,1,1
0.0,0.0,108,1,-1
0.0,0.0,108,1,-1
0.0,0.0,108,1,-1
0.0,0.0,67,1,1
0.0,0.0,159,1,1
0.0,0.0,155,1,1
0.0,0.0,108,1,-1
0.0,0.0,108,1,-1
0.0,0.0,54,1,1
0.0,0.0,108,1,-1
0.0,0.0,108,1,-1
0.0,0.0,159,1,1
0.0,0.0,108,1,-1
-0.000865834,0.000865834,209,2,1
0.0,0.0,108,1,-1
0.0,0.0,108,1,-1
-6.61e-07,6.61e-07,209,2,1
0.0,0.0,108,1,-1
0.0,0.0,108,1,-1
0.0,0.0,108,1,-1
0.0,0.0,108,1,-1
0.0,0.0,54,1,1
0.0,0.0,159,1,1
0.0,0.0,108,1,-1
0.0,0.0,108,1,-1
0.0,0.0,54,1,1
0.0,0.0,108,1,-1
0.0,0.0,155,1,1
0.0,0.0,108,1,-1
0.0,0.0,159,1,1
0.0,0.0,108,1,-1
0.0,0.0,54,1,1
0.0,0.0,108,1,-1
0.0,0.0,157,1,1
0.0,0.0,108,1,-1
0.0,0.0,54,1,1
0.0,0.0,155,1,1
0.0,0.0,108,1,-1
0.0,0.0,108,1,-1
0.0,0.0,155,1,1
0.0,0.0,155,1,1
0.0,0.0,108,1,-1
0.0,0.0,54,1,1
0.0,0.0,108,1,-1
0.0,0.0,108,1,-1
0.0,0.0,155,1,1
0.0,0.0,108,1,-1
0.0,0.0,54,1,1
0.0,0.0,108,1,-1
0.0,0.0,108,1,-1
0.0,0.0,108,1,-1
0.0,0.0,57,1,1
0.0,0.0,108,1,-1
0.0,0.0,108,1,-1
0.0,0.0,157,1,1
0.0,0.0,108,1,-1
0.0,0.0,54,1,1
0.0,0.0,108,1,-1
0.0,0.0,108,1,-1
0.0,0.0,157,1,1
-0.000733975,0.000733975,209,2,1
0.0,0.0,108,1,-1
0.0,0.0,159,1,1
0.0,0.0,108,1,-1
0.0,0.0,108,1,-1
0.0,0.0,54,1,1
0.0,0.0,155,1,1
0.0,0.0,108,1,-1
0.0,0.0,108,1,-1
0.0,0.0,108,1,-1
0.0,0.0,54,1,1
0.0,0.0,108,1,-1
0.0,0.0,54,1,1
0.0,0.0,108,1,-1
0.0,0.0,108,1,-1
0.0,0.0,157,1,1
0.0,0.0,159,1,1
0.0,0.0,108,1,-1
-0.000342623,0.000342623,213,2,1
0.0,0.0,108,1,-1
0.0,0.0,108,1,-1
0.0,0.0,157,1,1
0.0,0.0,108,1,-1
0.0,0.0,54,1,1
0.0,0.0,108,1,-1
0.0,0.0,108,1,-1
0.0,0.0,157,1,1
0.0,0.0,108,1,-1
0.0,0.0,54,1,1
0.0,0.0,108,1,-1
0.0,0.0,108,1,-1
0.0,0.0,108,1,-1
0.0,0.0,54,1,1
0.0,0.0,159,1,1
0.0,0.0,108,1,-1
0.0,0.0,108,1,-1
0.0,0.0,108,1,-1
0.0,0.0,54,1,1
0.0,0.0,108,1,-1
0.0,0.0,108,1,-1
-0.000920344,0.000920344,368,3,1
0.0,0.0,108,1,-1
0.0,0.0,108,1,-1
0.0,0.0,108,1,-1
0.0,0.0,54,1,1
0.0,0.0,108,1,-1
0.0,0.0,155,1,1
0.0,0.0,108,1,-1
0.0,0.0,54,1,1
0.0,0.0,108,1,-1
0.0,0.0,108,1,-1
0.0,0.0,108,1,-1
0.0,0.0,54,1,1
0.0,0.0,157,1,1
0.0,0.0,108,1,-1
0.0,0.0,157,1,1
0.0,0.0,108,1,-1
0.0,0.0,155,1,1
0.0,0.0,108,1,-1
0.0,0.0,108,1,-1
-0.000887878,0.000887878,209,2,1
0.0,0.0,108,1,-1
0.0,0.0,54,1,1
0.0,0.0,108,1,-1
0.0,0.0,108,1,-1
0.0,0.0,108,1,-1
0.0,0.0,54,1,1
0.0,0.0,108,1,-1
0.0,0.0,108,1,-1
0.0,0.0,54,1,1
0.0,0.0,108,1,-1
0.0,0.0,108,1,-1
-0.000822597,0.000822597,209,2,1
0.0,0.0,108,1,-1
0.0,0.0,108,1,-1
-0.00050989,0.00050989,209,2,1
0.0,0.0,108,1,-1
0.0,0.0,108,1,-1
0.0,0.0,54,1,1
0.0,0.0,108,1,-1
0.0,0.0,108,1,-1
0.0,0.0,54,1,1
0.0,0.0,108,1,-1
0.0,0.0,54,1,1
0.0,0.0,108,1,-1
0.0,0.0,108,1,-1
0.0,0.0,54,1,1
0.0,0.0,108,1,-1
0.0,0.0,108,1,-1
0.0,0.0,54,1,1
0.0,0.0,155,1,1
0.0,0.0,108,1,-1
0.0,0.0,157,1,1
0.0,0.0,108,1,-1
0.0,0.0,54,1,1
0.0,0.0,108,1,-1
0.0,0.0,155,1,1
0.0,0.0,108,1,-1
-0.00029562,0.00029562,209,2,1
0.0,0.0,108,1,-1
0.0,0.0,157,1,1
0.0,0.0,108,1,-1
0.0,0.0,54,1,1
0.0,0.0,108,1,-1
0.0,0.0,159,1,1
0.0,0.0,108,1,-1
0.0,0.0,57,1,1
0.0,0.0,108,1,-1
0.0,0.0,108,1,-1
0.0,0.0,54,1,1
0.0,0.0,159,1,1
0.0,0.0,108,1,-1
0.0,0.0,54,1,1
0.0,0.0,155,1,1
0.0,0.0,108,1,-1
-0.000243894,0.000243894,211,2,1
0.0,0.0,108,1,-1
0.0,0.0,54,1,1
0.0,0.0,155,1,1
0.0,0.0,108,1,-1
0.0,0.0,54,1,1
0.0,0.0,157,1,1
0.0,0.0,108,1,-1
-0.000864306,0.000864306,211,2,1
0.0,0.0,108,1,-1
0.0,0.0,54,1,1
0.0,0.0,108,1,-1
0.0,0.0,54,1,1
0.0,0.0,108,1,-1
0.0,0.0,54,1,1
0.0,0.0,108,1,-1
0.0,0.0,71,1,1
0.0,0.0,108,1,-1
-0.000931755,0.000931755,213,2,1
0.0,0.0,108,1,-1
0.0,0.0,54,1,1
0.0,0.0,108,1,-1
-6.81e-07,6.81e-07,211,2,1
0.0,0.0,108,1,-1
0.0,0.0,54,1,1
0.0,0.0,108,1,-1
0.0,0.0,54,1,1
0.0,0.0,159,1,1
0.0,0.0,108,1,-1
0.0,0.0,54,1,1
0.0,0.0,108,1,-1
0.0,0.0,54,1,1
0.0,0.0,108,1,-1
0.0,0.0,54,1,1
0.0,0.0,108,1,-1
0.0,0.0,71,1,1
0.0,0.0,211,1,1
Clump Interarrival,Clump Duration,Clump Size,Clump Packets,Clump Direction
0.0,0.0,222,1,-1
0.0,0.0,71,1,1
0.0,0.0,173,1,-1
0.0,0.0,57,1,1
0.0,0.0,153,1,-1
0.0,0.0,58,1,1
0.0,0.0,108,1,-1
0.0,0.0,108,1,-1
0.0,0.0,54,1,1
0.0,0.0,108,1,-1
0.0,0.0,54,1,1
0.0,0.0,108,1,-1
0.0,0.0,57,1,1
0.0,0.0,108,1,-1
0.0,0.0,54,1,1
0.0,0.0,108,1,-1
0.0,0.0,57,1,1
0.0,0.0,108,1,-1
0.0,0.0,54,1,1
0.0,0.0,108,1,-1
0.0,0.0,54,1,1
0.0,0.0,108,1,-1
0.0,0.0,54,1,1
0.0,0.0,108,1,-1
0.0,0.0,54,1,1
0.0,0.0,108,1,-1
-7.82e-07,7.82e-07,211,2,1
0.0,0.0,108,1,-1
0.0,0.0,54,1,1
0.0,0.0,108,1,-1
-4.61e-07,4.61e-07,211,2,1
0.0,0.0,108,1,-1
0.0,0.0,54,1,1
0.0,0.0,108,1,-1
0.0,0.0,54,1,1
0.0,0.0,108,1,-1
0.0,0.0,58,1,1
0.0,0.0,108,1,-1
0.0,0.0,57,1,1
0.0,0.0,108,1,-1
0.0,0.0,283,1,-1
0.0,0.0,283,1,-1
0.0,0.0,283,1,-1
0.0,0.0,122,1,-1
0.0,0.0,169,1,1
0.0,0.0,108,1,-1
0.0,0.0,108,1,-1
-4.41e-07,4.41e-07,209,2,1
0.0,0.0,108,1,-1
0.0,0.0,54,1,1
0.0,0.0,108,1,-1
0.0,0.0,54,1,1
0.0,0.0,108,1,-1
0.0,0.0,108,1,-1
0.0,0.0,54,1,1
0.0,0.0,108,1,-1
0.0,0.0,54,1,1
0.0,0.0,108,1,-1
0.0,0.0,54,1,1
0.0,0.0,108,1,-1
0.0,0.0,54,1,1
0.0,0.0,108,1,-1
0.0,0.0,54,1,1
0.0,0.0,108,1,-1
0.0,0.0,54,1,1
0.0,0.0,108,1,-1
0.0,0.0,54,1,1
0.0,0.0,108,1,-1
0.0,0.0,54,1,1
0.0,0.0,108,1,-1
0.0,0.0,54,1,1
0.0,0.0,108,1,-1
0.0,0.0,54,1,1
0.0,0.0,108,1,-1
0.0,0.0,54,1,1
0.0,0.0,108,1,-1
0.0,0.0,54,1,1
0.0,0.0,108,1,-1
0.0,0.0,54,1,1
0.0,0.0,108,1,-1
0.0,0.0,54,1,1
0.0,0.0,108,1,-1
0.0,0.0,54,1,1
0.0,0.0,108,1,-1
0.0,0.0,54,1,1
0.0,0.0,108,1,-1
0.0,0.0,54,1,1
0.0,0.0,108,1,-1
0.0,0.0,54,1,1
0.0,0.0,108,1,-1
0.0,0.0,54,1,1
0.0,0.0,108,1,-1
-4.81e-07,4.81e-07,253,2,1
0.0,0.0,222,1,-1
0.0,0.0,128,1,-1
-4.61e-07,4.61e-07,233,2,1
0.0,0.0,108,1,-1
0.0,0.0,48,1,1
0.0,0.0,173,1,-1
0.0,0.0,108,1,-1
0.0,0.0,149,1,-1
0.0,0.0,54,1,1
0.0,0.0,159,1,1
0.0,0.0,108,1,-1
0.0,0.0,108,1,-1
0.0,0.0,155,1,1
0.0,0.0,108,1,-1
0.0,0.0,54,1,1
0.0,0.0,108,1,-1
0.0,0.0,108,1,-1
0.0,0.0,54,1,1
0.0,0.0,108,1,-1
0.0,0.0,108,1,-1
0.0,0.0,54,1,1
0.0,0.0,108,1,-1
0.0,0.0,108,1,-1
0.0,0.0,55,1,1
0.0,0.0,108,1,-1
0.0,0.0,155,1,1
0.0,0.0,108,1,-1
0.0,0.0,55,1,1
0.0,0.0,157,1,1
0.0,0.0,108,1,-1
0.0,0.0,67,1,1
0.0,0.0,108,1,-1
0.0,0.0,108,1,-1
0.0,0.0,54,1,1
0.0,0.0,157,1,1
0.0,0.0,108,1,-1
0.0,0.0,108,1,-1
0.0,0.0,54,1,1
0.0,0.0,108,1,-1
0.0,0.0,108,1,-1
-0.00054807,0.00054807,209,2,1
0.0,0.0,108,1,-1
0.0,0.0,108,1,-1
-6.01e-07,6.01e-07,209,2,1
0.0,0.0,108,1,-1
0.0,0.0,222,1,-1
0.0,0.0,128,1,-1
0.0,0.0,108,1,-1
-0.000446376,0.000446376,439,2,1
0.0,0.0,108,1,-1
0.0,0.0,173,1,-1
-4.91e-07,4.91e-07,343,2,1
0.0,0.0,108,1,-1
0.0,0.0,157,1,1
0.0,0.0,108,1,-1
0.0,0.0,147,1,-1
-4.41e-07,4.41e-07,255,2,1
0.0,0.0,108,1,-1
0.0,0.0,155,1,-1
0.0,0.0,206,1,1
0.0,0.0,128,1,-1
0.0,0.0,108,1,-1
0.0,0.0,155,1,1
0.0,0.0,108,1,-1
0.0,0.0,58,1,1
0.0,0.0,108,1,-1
0.0,0.0,54,1,1
0.0,0.0,108,1,-1
0.0,0.0,108,1,-1
0.0,0.0,54,1,1
0.0,0.0,108,1,-1
0.0,0.0,108,1,-1
0.0,0.0,54,1,1
0.0,0.0,108,1,-1
0.0,0.0,159,1,1
0.0,0.0,108,1,-1
0.0,0.0,54,1,1
0.0,0.0,108,1,-1
0.0,0.0,108,1,-1
0.0,0.0,54,1,1
0.0,0.0,108,1,-1
0.0,0.0,108,1,-1
0.0,0.0,54,1,1
0.0,0.0,108,1,-1
0.0,0.0,108,1,-1
-4.51e-07,4.51e-07,213,2,1
0.0,0.0,108,1,-1
0.0,0.0,108,1,-1
0.0,0.0,108,1,-1
0.0,0.0,54,1,1
0.0,0.0,54,1,1
0.0,0.0,108,1,-1
0.0,0.0,108,1,-1
0.0,0.0,157,1,1
0.0,0.0,108,1,-1
0.0,0.0,54,1,1
0.0,0.0,108,1,-1
0.0,0.0,108,1,-1
-0.000407784,0.000407784,211,2,1
0.0,0.0,108,1,-1
0.0,0.0,108,1,-1
0.0,0.0,54,1,1
0.0,0.0,108,1,-1
0.0,0.0,108,1,-1
-3.21e-07,3.21e-07,209,2,1
0.0,0.0,108,1,-1
0.0,0.0,54,1,1
0.0,0.0,108,1,-1
0.0,0.0,108,1,-1
0.0,0.0,54,1,1
0.0,0.0,108,1,-1
0.0,0.0,108,1,-1
0.0,0.0,54,1,1
0.0,0.0,108,1,-1
0.0,0.0,108,1,-1
0.0,0.0,54,1,1
0.0,0.0,108,1,-1
0.0,0.0,108,1,-1
0.0,0.0,54,1,1
0.0,0.0,108,1,-1
0.0,0.0,108,1,-1
0.0,0.0,54,1,1
0.0,0.0,108,1,-1
0.0,0.0,54,1,1
0.0,0.0,108,1,-1
0.0,0.0,108,1,-1
0.0,0.0,54,1,1
0.0,0.0,108,1,-1
0.0,0.0,108,1,-1
-4.61e-07,4.61e-07,213,2,1
0.0,0.0,108,1,-1
0.0,0.0,108,1,-1
0.0,0.0,54,1,1
0.0,0.0,108,1,-1
0.0,0.0,108,1,-1
0.0,0.0,54,1,1
0.0,0.0,108,1,-1
0.0,0.0,108,1,-1
0.0,0.0,54,1,1
0.0,0.0,108,1,-1
0.0,0.0,108,1,-1
0.0,0.0,54,1,1
0.0,0.0,108,1,-1
0.0,0.0,108,1,-1
0.0,0.0,54,1,1
0.0,0.0,108,1,-1
0.0,0.0,157,1,1
0.0,0.0,108,1,-1
0.0,0.0,54,1,1
0.0,0.0,108,1,-1
0.0,0.0,54,1,1
0.0,0.0,108,1,-1
0.0,0.0,108,1,-1
0.0,0.0,54,1,1
0.0,0.0,108,1,-1
0.0,0.0,155,1,1
0.0,0.0,108,1,-1
0.0,0.0,54,1,1
0.0,0.0,108,1,-1
0.0,0.0,108,1,-1
0.0,0.0,58,1,1
0.0,0.0,108,1,-1
0.0,0.0,108,1,-1
0.0,0.0,54,1,1
0.0,0.0,108,1,-1
-4.61e-07,4.61e-07,213,2,1
0.0,0.0,108,1,-1
-4.51e-07,4.51e-07,211,2,1
0.0,0.0,108,1,-1
0.0,0.0,54,1,1
0.0,0.0,108,1,-1
0.0,0.0,54,1,1
0.0,0.0,108,1,-1
0.0,0.0,54,1,1
0.0,0.0,108,1,-1
0.0,0.0,54,1,1
0.0,0.0,108,1,-1
0.0,0.0,71,1,1
0.0,0.0,108,1,-1
0.0,0.0,54,1,1
0.0,0.0,108,1,-1
0.0,0.0,54,1,1
0.0,0.0,108,1,-1
-4.51e-07,4.51e-07,211,2,1
0.0,0.0,108,1,-1
0.0,0.0,54,1,1
0.0,0.0,108,1,-1
-5.31e-07,5.31e-07,211,2,1
0.0,0.0,108,1,-1
0.0,0.0,54,1,1
0.0,0.0,108,1,-1
0.0,0.0,54,1,1
0.0,0.0,108,1,-1
0.0,0.0,67,1,1
0.0,0.0,108,1,-1
0.0,0.0,54,1,1
0.0,0.0,108,1,-1
0.0,0.0,54,1,1
0.0,0.0,108,1,-1
0.0,0.0,54,1,1
0.0,0.0,108,1,-1
0.0,0.0,54,1,1
0.0,0.0,108,1,-1
0.0,0.0,54,1,1
0.0,0.0,108,1,-1
-3.11e-07,3.11e-07,211,2,1
0.0,0.0,108,1,-1
0.0,0.0,57,1,1
0.0,0.0,108,1,-1
0.0,0.0,54,1,1
0.0,0.0,155,1,1
0.0,0.0,108,1,-1
0.0,0.0,57,1,1
0.0,0.0,108,1,-1
0.0,0.0,54,1,1
0.0,0.0,108,1,-1
0.0,0.0,54,1,1
0.0,0.0,108,1,-1
0.0,0.0,58,1,1
0.0,0.0,108,1,-1
0.0,0.0,54,1,1
0.0,0.0,108,1,-1
0.0,0.0,58,1,1
Clump Interarrival,Clump Duration,Clump Size,Clump Packets,Clump Direction
0.0,0.0,222,1,-1
0.0,0.0,58,1,1
0.0,0.0,173,1,-1
0.0,0.0,58,1,1
0.0,0.0,153,1,-1
0.0,0.0,54,1,1
0.0,0.0,204,1,1
0.0,0.0,108,1,-1
0.0,0.0,108,1,-1
0.0,0.0,55,1,1
0.0,0.0,108,1,-1
0.0,0.0,54,1,1
0.0,0.0,108,1,-1
0.0,0.0,57,1,1
0.0,0.0,108,1,-1
0.0,0.0,54,1,1
0.0,0.0,108,1,-1
0.0,0.0,157,1,1
0.0,0.0,108,1,-1
0.0,0.0,54,1,1
0.0,0.0,108,1,-1
-6.52e-07,6.52e-07,211,2,1
0.0,0.0,108,1,-1
0.0,0.0,54,1,1
0.0,0.0,108,1,-1
0.0,0.0,54,1,1
0.0,0.0,108,1,-1
-6.51e-07,6.51e-07,210,2,1
0.0,0.0,108,1,-1
-6.61e-07,6.61e-07,210,2,1
0.0,0.0,108,1,-1
0.0,0.0,71,1,1
0.0,0.0,108,1,-1
0.0,0.0,54,1,1
0.0,0.0,108,1,-1
0.0,0.0,57,1,1
0.0,0.0,108,1,-1
0.0,0.0,108,1,-1
0.0,0.0,108,1,-1
0.0,0.0,283,1,-1
0.0,0.0,283,1,-1
0.0,0.0,58,1,1
0.0,0.0,283,1,-1
0.0,0.0,122,1,-1
0.0,0.0,108,1,-1
0.0,0.0,108,1,-1
0.0,0.0,54,1,1
0.0,0.0,108,1,-1
0.0,0.0,54,1,1
0.0,0.0,108,1,-1
0.0,0.0,54,1,1
0.0,0.0,108,1,-1
0.0,0.0,54,1,1
0.0,0.0,108,1,-1
0.0,0.0,54,1,1
0.0,0.0,108,1,-1
0.0,0.0,54,1,1
0.0,0.0,108,1,-1
0.0,0.0,58,1,1
0.0,0.0,222,1,-1
0.0,0.0,128,1,-1
0.0,0.0,108,1,-1
0.0,0.0,54,1,1
0.0,0.0,173,1,-1
0.0,0.0,287,1,1
0.0,0.0,108,1,-1
0.0,0.0,54,1,1
0.0,0.0,149,1,-1
0.0,0.0,283,1,-1
0.0,0.0,58,1,1
0.0,0.0,108,1,-1
0.0,0.0,120,1,-1
0.0,0.0,108,1,-1
0.0,0.0,108,1,-1
0.0,0.0,54,1,1
0.0,0.0,108,1,-1
0.0,0.0,108,1,-1
0.0,0.0,54,1,1
0.0,0.0,108,1,-1
0.0,0.0,108,1,-1
0.0,0.0,54,1,1
0.0,0.0,108,1,-1
0.0,0.0,108,1,-1
0.0,0.0,54,1,1
0.0,0.0,108,1,-1
0.0,0.0,108,1,-1
0.0,0.0,54,1,1
0.0,0.0,108,1,-1
0.0,0.0,55,1,1
0.0,0.0,108,1,-1
0.0,0.0,108,1,-1
-6.31e-07,6.31e-07,210,2,1
0.0,0.0,108,1,-1
0.0,0.0,67,1,1
0.0,0.0,108,1,-1
0.0,0.0,108,1,-1
0.0,0.0,54,1,1
0.0,0.0,108,1,-1
0.0,0.0,54,1,1
0.0,0.0,108,1,-1
0.0,0.0,108,1,-1
0.0,0.0,54,1,1
0.0,0.0,108,1,-1
0.0,0.0,155,1,1
0.0,0.0,108,1,-1
0.0,0.0,54,1,1
0.0,0.0,108,1,-1
0.0,0.0,54,1,1
0.0,0.0,108,1,-1
0.0,0.0,108,1,-1
0.0,0.0,54,1,1
0.0,0.0,108,1,-1
0.0,0.0,108,1,-1
0.0,0.0,108,1,-1
0.0,0.0,54,1,1
0.0,0.0,108,1,-1
0.0,0.0,155,1,1
0.0,0.0,108,1,-1
0.0,0.0,54,1,1
0.0,0.0,108,1,-1
0.0,0.0,108,1,-1
0.0,0.0,54,1,1
0.0,0.0,108,1,-1
0.0,0.0,108,1,-1
0.0,0.0,54,1,1
0.0,0.0,108,1,-1
0.0,0.0,54,1,1
0.0,0.0,108,1,-1
0.0,0.0,108,1,-1
0.0,0.0,54,1,1
0.0,0.0,108,1,-1
0.0,0.0,108,1,-1
0.0,0.0,54,1,1
0.0,0.0,159,1,1
0.0,0.0,108,1,-1
0.0,0.0,108,1,-1
0.0,0.0,54,1,1
0.0,0.0,108,1,-1
0.0,0.0,54,1,1
0.0,0.0,159,1,1
0.0,0.0,108,1,-1
0.0,0.0,108,1,-1
0.0,0.0,54,1,1
0.0,0.0,108,1,-1
0.0,0.0,108,1,-1
0.0,0.0,54,1,1
0.0,0.0,108,1,-1
0.0,0.0,108,1,-1
0.0,0.0,108,1,-1
0.0,0.0,54,1,1
0.0,0.0,108,1,-1
0.0,0.0,54,1,1
0.0,0.0,108,1,-1
0.0,0.0,108,1,-1
0.0,0.0,55,1,1
0.0,0.0,108,1,-1
0.0,0.0,108,1,-1
0.0,0.0,58,1,1
0.0,0.0,222,1,-1
0.0,0.0,128,1,-1
0.0,0.0,108,1,-1
0.0,0.0,57,1,1
0.0,0.0,108,1,-1
0.0,0.0,173,1,-1
0.0,0.0,108,1,-1
0.0,0.0,54,1,1
0.0,0.0,108,1,-1
0.0,0.0,153,1,-1
0.0,0.0,108,1,-1
0.0,0.0,54,1,1
0.0,0.0,283,1,-1
0.0,0.0,79,1,-1
0.0,0.0,108,1,-1
0.0,0.0,206,1,-1
-4.61e-07,4.61e-07,238,2,1
0.0,0.0,73,1,-1
0.0,0.0,108,1,-1
-9.1623e-05,9.1623e-05,166,2,-1
0.0,0.0,83,1,-1
0.0,0.0,92,1,-1
0.0,0.0,92,1,-1
0.0,0.0,49,1,1
-4.4e-07,4.4e-07,213,2,1
0.0,0.0,90,1,-1
0.0,0.0,90,1,-1
0.0,0.0,45,1,1
0.0,0.0,70,1,-1
-0.000297962,0.000297962,140,2,-1
-0.00063587,0.00063587,198,2,-1
0.0,0.0,281,1,1
0.0,0.0,49,1,1
0.0,0.0,70,1,-1
-0.000592011,0.000592011,130,2,-1
-0.001256806,0.001256806,282,4,-1
0.0,0.0,74,1,-1
-7e-08,7e-08,120,2,1
-0.000244321,0.000244321,180,2,1
0.0,0.0,46,1,1
0.0,0.0,146,1,1
-4.41e-07,4.41e-07,274,2,1
0.0,0.0,108,1,-1
0.0,0.0,108,1,-1
0.0,0.0,108,1,-1
-0.00018508,0.00018508,160,2,-1
-4.7e-07,4.7e-07,211,2,1
0.0,0.0,85,1,-1
0.0,0.0,85,1,-1
0.0,0.0,72,1,1
0.0,0.0,108,1,-1
0.0,0.0,108,1,-1
0.0,0.0,108,1,-1
0.0,0.0,54,1,1
0.0,0.0,159,1,1
0.0,0.0,108,1,-1
0.0,0.0,108,1,-1
0.0,0.0,108,1,-1
0.0,0.0,54,1,1
0.0,0.0,157,1,1
0.0,0.0,108,1,-1
0.0,0.0,108,1,-1
0.0,0.0,108,1,-1
0.0,0.0,54,1,1
0.0,0.0,108,1,-1
0.0,0.0,54,1,1
0.0,0.0,108,1,-1
0.0,0.0,108,1,-1
0.0,0.0,108,1,-1
0.0,0.0,54,1,1
0.0,0.0,108,1,-1
0.0,0.0,108,1,-1
0.0,0.0,159,1,1
0.0,0.0,108,1,-1
0.0,0.0,54,1,1
0.0,0.0,108,1,-1
0.0,0.0,108,1,-1
0.0,0.0,54,1,1
0.0,0.0,108,1,-1
0.0,0.0,108,1,-1
0.0,0.0,54,1,1
0.0,0.0,108,1,-1
0.0,0.0,108,1,-1
0.0,0.0,157,1,1
0.0,0.0,108,1,-1
0.0,0.0,54,1,1
0.0,0.0,108,1,-1
0.0,0.0,108,1,-1
0.0,0.0,108,1,-1
0.0,0.0,54,1,1
0.0,0.0,108,1,-1
0.0,0.0,108,1,-1
0.0,0.0,54,1,1
0.0,0.0,108,1,-1
0.0,0.0,108,1,-1
0.0,0.0,108,1,-1
0.0,0.0,108,1,-1
0.0,0.0,54,1,1
0.0,0.0,108,1,-1
0.0,0.0,54,1,1
0.0,0.0,108,1,-1
0.0,0.0,108,1,-1
0.0,0.0,108,1,-1
0.0,0.0,54,1,1
0.0,0.0,108,1,-1
0.0,0.0,108,1,-1
0.0,0.0,54,1,1
0.0,0.0,108,1,-1
0.0,0.0,108,1,-1
0.0,0.0,108,1,-1
0.0,0.0,54,1,1
0.0,0.0,108,1,-1
0.0,0.0,54,1,1
0.0,0.0,108,1,-1
0.0,0.0,108,1,-1
0.0,0.0,108,1,-1
-6.51e-07,6.51e-07,211,2,1
0.0,0.0,108,1,-1
0.0,0.0,54,1,1
0.0,0.0,108,1,-1
0.0,0.0,108,1,-1
0.0,0.0,108,1,-1
0.0,0.0,54,1,1
0.0,0.0,108,1,-1
0.0,0.0,108,1,-1
0.0,0.0,54,1,1
0.0,0.0,108,1,-1
0.0,0.0,155,1,1
0.0,0.0,108,1,-1
0.0,0.0,108,1,-1
0.0,0.0,108,1,-1
-6.51e-07,6.51e-07,209,2,1
0.0,0.0,108,1,-1
0.0,0.0,108,1,-1
0.0,0.0,108,1,-1
0.0,0.0,108,1,-1
0.0,0.0,54,1,1
0.0,0.0,54,1,1
0.0,0.0,108,1,-1
0.0,0.0,108,1,-1
0.0,0.0,108,1,-1
0.0,0.0,55,1,1
0.0,0.0,108,1,-1
0.0,0.0,108,1,-1
0.0,0.0,55,1,1
0.0,0.0,108,1,-1
0.0,0.0,55,1,1
0.0,0.0,108,1,-1
0.0,0.0,108,1,-1
0.0,0.0,55,1,1
0.0,0.0,108,1,-1
0.0,0.0,67,1,1
0.0,0.0,108,1,-1
0.0,0.0,108,1,-1
0.0,0.0,54,1,1
0.0,0.0,108,1,-1
0.0,0.0,108,1,-1
0.0,0.0,54,1,1
0.0,0.0,108,1,-1
0.0,0.0,108,1,-1
0.0,0.0,54,1,1
0.0,0.0,108,1,-1
0.0,0.0,108,1,-1
0.0,0.0,54,1,1
0.0,0.0,108,1,-1
0.0,0.0,54,1,1
0.0,0.0,155,1,1
0.0,0.0,108,1,-1
0.0,0.0,54,1,1
0.0,0.0,108,1,-1
0.0,0.0,54,1,1
0.0,0.0,108,1,-1
0.0,0.0,54,1,1
0.0,0.0,108,1,-1
0.0,0.0,54,1,1
0.0,0.0,108,1,-1
0.0,0.0,54,1,1
0.0,0.0,108,1,-1
0.0,0.0,54,1,1
0.0,0.0,159,1,1
0.0,0.0,108,1,-1
0.0,0.0,54,1,1
0.0,0.0,108,1,-1
0.0,0.0,54,1,1
0.0,0.0,108,1,-1
0.0,0.0,54,1,1
0.0,0.0,108,1,-1
0.0,0.0,108,1,-1
0.0,0.0,54,1,1
0.0,0.0,108,1,-1
0.0,0.0,54,1,1
0.0,0.0,108,1,-1
0.0,0.0,54,1,1
0.0,0.0,108,1,-1
0.0,0.0,54,1,1
0.0,0.0,108,1,-1
0.0,0.0,54,1,1
0.0,0.0,108,1,-1
0.0,0.0,54,1,1
0.0,0.0,108,1,-1
0.0,0.0,54,1,1
0.0,0.0,108,1,-1
0.0,0.0,58,1,1
0.0,0.0,108,1,-1
0.0,0.0,54,1,1
0.0,0.0,108,1,-1
0.0,0.0,54,1,1
0.0,0.0,79,1,-1
0.0,0.0,108,1,-1
0.0,0.0,79,1,-1
0.0,0.0,89,1,1
0.0,0.0,108,1,-1
0.0,0.0,54,1,1
0.0,0.0,108,1,-1
0.0,0.0,108,1,-1
0.0,0.0,54,1,1
0.0,0.0,108,1,-1
0.0,0.0,57,1,1
0.0,0.0,108,1,-1
0.0,0.0,54,1,1
0.0,0.0,108,1,-1
0.0,0.0,54,1,1
Clump Interarrival,Clump Duration,Clump Size,Clump Packets,Clump Direction
0.0,0.0,108,1,-1
0.0,0.0,76,1,1
0.0,0.0,108,1,-1
0.0,0.0,73,1,1
0.0,0.0,108,1,-1
0.0,0.0,73,1,1
0.0,0.0,108,1,-1
0.0,0.0,77,1,1
0.0,0.0,108,1,-1
0.0,0.0,76,1,1
0.0,0.0,108,1,-1
0.0,0.0,100,1,1
0.0,0.0,108,1,-1
0.0,0.0,73,1,1
0.0,0.0,108,1,-1
0.0,0.0,76,1,1
0.0,0.0,108,1,-1
0.0,0.0,73,1,1
0.0,0.0,155,1,1
0.0,0.0,108,1,-1
0.0,0.0,73,1,1
0.0,0.0,108,1,-1
0.0,0.0,73,1,1
0.0,0.0,108,1,-1
0.0,0.0,73,1,1
0.0,0.0,108,1,-1
0.0,0.0,73,1,1
0.0,0.0,108,1,-1
0.0,0.0,73,1,1
0.0,0.0,108,1,-1
0.0,0.0,73,1,1
0.0,0.0,108,1,-1
0.0,0.0,73,1,1
0.0,0.0,108,1,-1
0.0,0.0,73,1,1
0.0,0.0,108,1,-1
0.0,0.0,73,1,1
0.0,0.0,108,1,-1
0.0,0.0,73,1,1
0.0,0.0,108,1,-1
0.0,0.0,73,1,1
0.0,0.0,108,1,-1
0.0,0.0,77,1,1
0.0,0.0,108,1,-1
0.0,0.0,53,1,1
0.0,0.0,108,1,-1
0.0,0.0,54,1,1
0.0,0.0,283,1,-1
0.0,0.0,54,1,1
0.0,0.0,283,1,-1
0.0,0.0,50,1,1
0.0,0.0,283,1,-1
0.0,0.0,50,1,1
0.0,0.0,122,1,-1
0.0,0.0,77,1,1
0.0,0.0,108,1,-1
0.0,0.0,53,1,1
0.0,0.0,108,1,-1
0.0,0.0,73,1,1
0.0,0.0,108,1,-1
0.0,0.0,73,1,1
0.0,0.0,108,1,-1
0.0,0.0,73,1,1
0.0,0.0,108,1,-1
0.0,0.0,73,1,1
0.0,0.0,108,1,-1
0.0,0.0,76,1,1
0.0,0.0,108,1,-1
0.0,0.0,74,1,1
0.0,0.0,108,1,-1
0.0,0.0,73,1,1
0.0,0.0,108,1,-1
0.0,0.0,73,1,1
0.0,0.0,108,1,-1
0.0,0.0,75,1,1
0.0,0.0,108,1,-1
0.0,0.0,104,1,1
0.0,0.0,108,1,-1
0.0,0.0,73,1,1
0.0,0.0,108,1,-1
0.0,0.0,77,1,1
0.0,0.0,222,1,-1
0.0,0.0,128,1,-1
0.0,0.0,53,1,1
0.0,0.0,108,1,-1
0.0,0.0,73,1,1
0.0,0.0,54,1,1
0.0,0.0,173,1,-1
0.0,0.0,53,1,1
0.0,0.0,108,1,-1
0.0,0.0,73,1,1
0.0,0.0,149,1,-1
0.0,0.0,76,1,1
0.0,0.0,108,1,-1
0.0,0.0,283,1,-1
0.0,0.0,120,1,-1
0.0,0.0,50,1,1
0.0,0.0,108,1,-1
0.0,0.0,50,1,1
0.0,0.0,108,1,-1
0.0,0.0,76,1,1
0.0,0.0,108,1,-1
0.0,0.0,50,1,1
0.0,0.0,108,1,-1
0.0,0.0,73,1,1
0.0,0.0,108,1,-1
0.0,0.0,50,1,1
0.0,0.0,108,1,-1
0.0,0.0,73,1,1
0.0,0.0,108,1,-1
0.0,0.0,50,1,1
0.0,0.0,108,1,-1
0.0,0.0,73,1,1
0.0,0.0,108,1,-1
0.0,0.0,73,1,1
0.0,0.0,108,1,-1
0.0,0.0,50,1,1
0.0,0.0,108,1,-1
0.0,0.0,73,1,1
0.0,0.0,108,1,-1
0.0,0.0,50,1,1
0.0,0.0,108,1,-1
0.0,0.0,74,1,1
0.0,0.0,108,1,-1
0.0,0.0,50,1,1
0.0,0.0,108,1,-1
0.0,0.0,73,1,1
0.0,0.0,108,1,-1
0.0,0.0,50,1,1
0.0,0.0,108,1,-1
0.0,0.0,73,1,1
0.0,0.0,108,1,-1
0.0,0.0,50,1,1
0.0,0.0,108,1,-1
0.0,0.0,73,1,1
0.0,0.0,108,1,-1
0.0,0.0,50,1,1
0.0,0.0,108,1,-1
0.0,0.0,73,1,1
0.0,0.0,108,1,-1
0.0,0.0,54,1,1
0.0,0.0,128,1,-1
0.0,0.0,222,1,-1
0.0,0.0,77,1,1
0.0,0.0,108,1,-1
0.0,0.0,108,1,-1
0.0,0.0,51,1,1
0.0,0.0,108,1,-1
0.0,0.0,173,1,-1
0.0,0.0,79,1,1
0.0,0.0,108,1,-1
0.0,0.0,81,1,1
0.0,0.0,50,1,1
0.0,0.0,108,1,-1
0.0,0.0,155,1,-1
0.0,0.0,73,1,1
0.0,0.0,108,1,-1
-0.000835664,0.000835664,256,2,1
0.0,0.0,163,1,-1
0.0,0.0,54,1,1
0.0,0.0,50,1,1
0.0,0.0,128,1,-1
0.0,0.0,53,1,1
0.0,0.0,242,1,1
0.0,0.0,108,1,-1
0.0,0.0,73,1,1
0.0,0.0,108,1,-1
0.0,0.0,50,1,1
0.0,0.0,108,1,-1
0.0,0.0,73,1,1
0.0,0.0,108,1,-1
0.0,0.0,50,1,1
0.0,0.0,108,1,-1
0.0,0.0,73,1,1
0.0,0.0,108,1,-1
0.0,0.0,50,1,1
0.0,0.0,108,1,-1
0.0,0.0,73,1,1
0.0,0.0,108,1,-1
0.0,0.0,51,1,1
0.0,0.0,108,1,-1
0.0,0.0,73,1,1
0.0,0.0,108,1,-1
0.0,0.0,50,1,1
0.0,0.0,108,1,-1
0.0,0.0,73,1,1
0.0,0.0,108,1,-1
0.0,0.0,53,1,1
0.0,0.0,108,1,-1
0.0,0.0,73,1,1
0.0,0.0,108,1,-1
0.0,0.0,50,1,1
0.0,0.0,108,1,-1
0.0,0.0,73,1,1
0.0,0.0,108,1,-1
0.0,0.0,73,1,1
0.0,0.0,108,1,-1
0.0,0.0,50,1,1
0.0,0.0,155,1,1
0.0,0.0,108,1,-1
0.0,0.0,73,1,1
0.0,0.0,108,1,-1
0.0,0.0,50,1,1
0.0,0.0,108,1,-1
0.0,0.0,73,1,1
0.0,0.0,108,1,-1
0.0,0.0,50,1,1
0.0,0.0,108,1,-1
0.0,0.0,73,1,1
0.0,0.0,108,1,-1
0.0,0.0,108,1,-1
-0.000243423,0.000243423,123,2,1
0.0,0.0,108,1,-1
0.0,0.0,73,1,1
0.0,0.0,108,1,-1
0.0,0.0,50,1,1
0.0,0.0,108,1,-1
0.0,0.0,73,1,1
0.0,0.0,108,1,-1
0.0,0.0,50,1,1
0.0,0.0,108,1,-1
0.0,0.0,73,1,1
0.0,0.0,108,1,-1
0.0,0.0,50,1,1
0.0,0.0,108,1,-1
0.0,0.0,108,1,-1
0.0,0.0,108,1,-1
0.0,0.0,108,1,-1
-0.000994146,0.000994146,230,2,1
0.0,0.0,51,1,1
0.0,0.0,108,1,-1
0.0,0.0,108,1,-1
-4.7e-07,4.7e-07,231,2,1
0.0,0.0,108,1,-1
0.0,0.0,108,1,-1
0.0,0.0,108,1,-1
0.0,0.0,108,1,-1
0.0,0.0,103,1,1
0.0,0.0,50,1,1
0.0,0.0,50,1,1
0.0,0.0,50,1,1
0.0,0.0,108,1,-1
0.0,0.0,108,1,-1
-0.000838603,0.000838603,228,2,1
0.0,0.0,50,1,1
0.0,0.0,108,1,-1
0.0,0.0,53,1,1
0.0,0.0,108,1,-1
0.0,0.0,54,1,1
0.0,0.0,108,1,-1
0.0,0.0,108,1,-1
0.0,0.0,73,1,1
0.0,0.0,50,1,1
0.0,0.0,108,1,-1
0.0,0.0,108,1,-1
0.0,0.0,73,1,1
0.0,0.0,50,1,1
0.0,0.0,108,1,-1
0.0,0.0,108,1,-1
0.0,0.0,73,1,1
0.0,0.0,50,1,1
0.0,0.0,108,1,-1
0.0,0.0,108,1,-1
0.0,0.0,73,1,1
0.0,0.0,50,1,1
0.0,0.0,108,1,-1
0.0,0.0,73,1,1
0.0,0.0,108,1,-1
0.0,0.0,50,1,1
0.0,0.0,108,1,-1
0.0,0.0,108,1,-1
0.0,0.0,73,1,1
0.0,0.0,50,1,1
0.0,0.0,108,1,-1
0.0,0.0,108,1,-1
0.0,0.0,73,1,1
0.0,0.0,50,1,1
0.0,0.0,108,1,-1
0.0,0.0,108,1,-1
0.0,0.0,73,1,1
0.0,0.0,53,1,1
0.0,0.0,108,1,-1
0.0,0.0,108,1,-1
0.0,0.0,73,1,1
0.0,0.0,50,1,1
0.0,0.0,108,1,-1
0.0,0.0,108,1,-1
0.0,0.0,73,1,1
0.0,0.0,50,1,1
0.0,0.0,108,1,-1
0.0,0.0,108,1,-1
0.0,0.0,73,1,1
0.0,0.0,50,1,1
0.0,0.0,108,1,-1
0.0,0.0,108,1,-1
0.0,0.0,73,1,1
0.0,0.0,50,1,1
0.0,0.0,108,1,-1
0.0,0.0,108,1,-1
0.0,0.0,73,1,1
0.0,0.0,50,1,1
0.0,0.0,108,1,-1
0.0,0.0,108,1,-1
0.0,0.0,73,1,1
0.0,0.0,50,1,1
0.0,0.0,108,1,-1
0.0,0.0,108,1,-1
0.0,0.0,73,1,1
0.0,0.0,73,1,1
0.0,0.0,108,1,-1
0.0,0.0,108,1,-1
0.0,0.0,73,1,1
0.0,0.0,159,1,1
0.0,0.0,50,1,1
0.0,0.0,108,1,-1
0.0,0.0,108,1,-1
0.0,0.0,74,1,1
0.0,0.0,52,1,1
0.0,0.0,108,1,-1
0.0,0.0,108,1,-1
0.0,0.0,100,1,1
0.0,0.0,50,1,1
0.0,0.0,108,1,-1
0.0,0.0,108,1,-1
0.0,0.0,76,1,1
0.0,0.0,50,1,1
0.0,0.0,108,1,-1
0.0,0.0,108,1,-1
0.0,0.0,73,1,1
0.0,0.0,157,1,1
0.0,0.0,50,1,1
0.0,0.0,108,1,-1
0.0,0.0,108,1,-1
0.0,0.0,108,1,-1
0.0,0.0,108,1,-1
0.0,0.0,108,1,-1
0.0,0.0,108,1,-1
0.0,0.0,73,1,1
-4.91e-07,4.91e-07,314,2,1
0.0,0.0,50,1,1
0.0,0.0,159,1,1
0.0,0.0,108,1,-1
0.0,0.0,108,1,-1
0.0,0.0,50,1,1
0.0,0.0,108,1,-1
0.0,0.0,108,1,-1
0.0,0.0,73,1,1
0.0,0.0,50,1,1
0.0,0.0,108,1,-1
0.0,0.0,108,1,-1
0.0,0.0,73,1,1
0.0,0.0,50,1,1
0.0,0.0,108,1,-1
0.0,0.0,108,1,-1
0.0,0.0,73,1,1
0.0,0.0,50,1,1
0.0,0.0,108,1,-1
0.0,0.0,108,1,-1
0.0,0.0,50,1,1
0.0,0.0,108,1,-1
0.0,0.0,108,1,-1
0.0,0.0,73,1,1
0.0,0.0,50,1,1
0.0,0.0,108,1,-1
0.0,0.0,108,1,-1
0.0,0.0,76,1,1
0.0,0.0,50,1,1
0.0,0.0,108,1,-1
0.0,0.0,108,1,-1
0.0,0.0,73,1,1
0.0,0.0,50,1,1
0.0,0.0,157,1,1
0.0,0.0,108,1,-1
0.0,0.0,108,1,-1
0.0,0.0,50,1,1
0.0,0.0,50,1,1
0.0,0.0,108,1,-1
0.0,0.0,73,1,1
0.0,0.0,108,1,-1
0.0,0.0,50,1,1
0.0,0.0,108,1,-1
0.0,0.0,108,1,-1
-4.81e-07,4.81e-07,230,2,1
0.0,0.0,73,1,1
0.0,0.0,108,1,-1
0.0,0.0,108,1,-1
0.0,0.0,50,1,1
0.0,0.0,73,1,1
0.0,0.0,108,1,-1
0.0,0.0,108,1,-1
0.0,0.0,50,1,1
0.0,0.0,73,1,1
0.0,0.0,108,1,-1
0.0,0.0,108,1,-1
0.0,0.0,73,1,1
-4.81e-07,4.81e-07,207,2,1
0.0,0.0,108,1,-1
0.0,0.0,108,1,-1
0.0,0.0,73,1,1
0.0,0.0,51,1,1
0.0,0.0,108,1,-1
0.0,0.0,108,1,-1
0.0,0.0,76,1,1
0.0,0.0,77,1,1
0.0,0.0,108,1,-1
0.0,0.0,108,1,-1
0.0,0.0,76,1,1
0.0,0.0,128,1,-1
0.0,0.0,50,1,1
0.0,0.0,222,1,-1
0.0,0.0,53,1,1
0.0,0.0,108,1,-1
0.0,0.0,50,1,1
-0.000856815,0.000856815,439,2,1
0.0,0.0,108,1,-1
0.0,0.0,74,1,1
0.0,0.0,173,1,-1
0.0,0.0,108,1,-1
0.0,0.0,54,1,1
0.0,0.0,54,1,1
0.0,0.0,108,1,-1
0.0,0.0,157,1,-1
0.0,0.0,76,1,1
0.0,0.0,108,1,-1
0.0,0.0,50,1,1
0.0,0.0,165,1,-1
0.0,0.0,50,1,1
0.0,0.0,128,1,-1
0.0,0.0,53,1,1
0.0,0.0,108,1,-1
0.0,0.0,73,1,1
0.0,0.0,108,1,-1
0.0,0.0,50,1,1
0.0,0.0,108,1,-1
0.0,0.0,73,1,1
0.0,0.0,108,1,-1
0.0,0.0,50,1,1
0.0,0.0,108,1,-1
0.0,0.0,73,1,1
0.0,0.0,108,1,-1
0.0,0.0,50,1,1
0.0,0.0,108,1,-1
0.0,0.0,73,1,1
0.0,0.0,108,1,-1
0.0,0.0,73,1,1
0.0,0.0,108,1,-1
0.0,0.0,53,1,1
0.0,0.0,108,1,-1
0.0,0.0,73,1,1
0.0,0.0,108,1,-1
0.0,0.0,50,1,1
0.0,0.0,108,1,-1
0.0,0.0,73,1,1
0.0,0.0,108,1,-1
0.0,0.0,50,1,1
0.0,0.0,108,1,-1
0.0,0.0,73,1,1
0.0,0.0,108,1,-1
0.0,0.0,50,1,1
0.0,0.0,108,1,-1
0.0,0.0,73,1,1
0.0,0.0,108,1,-1
0.0,0.0,50,1,1
0.0,0.0,108,1,-1
0.0,0.0,73,1,1
0.0,0.0,108,1,-1
0.0,0.0,73,1,1
0.0,0.0,108,1,-1
0.0,0.0,50,1,1
0.0,0.0,108,1,-1
0.0,0.0,73,1,1
0.0,0.0,108,1,-1
0.0,0.0,50,1,1
0.0,0.0,108,1,-1
0.0,0.0,73,1,1
0.0,0.0,108,1,-1
0.0,0.0,50,1,1
0.0,0.0,108,1,-1
0.0,0.0,75,1,1
0.0,0.0,108,1,-1
0.0,0.0,53,1,1
0.0,0.0,108,1,-1
0.0,0.0,76,1,1
0.0,0.0,108,1,-1
0.0,0.0,77,1,1
0.0,0.0,108,1,-1
0.0,0.0,73,1,1
0.0,0.0,108,1,-1
0.0,0.0,50,1,1
0.0,0.0,108,1,-1
0.0,0.0,73,1,1
0.0,0.0,108,1,-1
0.0,0.0,73,1,1
0.0,0.0,108,1,-1
0.0,0.0,50,1,1
0.0,0.0,108,1,-1
0.0,0.0,74,1,1
0.0,0.0,108,1,-1
0.0,0.0,50,1,1
0.0,0.0,108,1,-1
0.0,0.0,77,1,1
0.0,0.0,108,1,-1
0.0,0.0,53,1,1
0.0,0.0,108,1,-1
0.0,0.0,74,1,1
0.0,0.0,108,1,-1
0.0,0.0,76,1,1
0.0,0.0,108,1,-1
0.0,0.0,53,1,1
0.0,0.0,108,1,-1
0.0,0.0,76,1,1
0.0,0.0,108,1,-1
0.0,0.0,50,1,1
0.0,0.0,108,1,-1
0.0,0.0,73,1,1
0.0,0.0,108,1,-1
0.0,0.0,50,1,1
Clump Interarrival,Clump Duration,Clump Size,Clump Packets,Clump Direction
0.0,0.0,222,1,-1
0.0,0.0,77,1,1
0.0,0.0,173,1,-1
0.0,0.0,77,1,1
0.0,0.0,153,1,-1
-1.172e-06,1.172e-06,281,2,1
0.0,0.0,108,1,-1
0.0,0.0,50,1,1
0.0,0.0,108,1,-1
0.0,0.0,76,1,1
0.0,0.0,108,1,-1
0.0,0.0,73,1,1
0.0,0.0,108,1,-1
0.0,0.0,73,1,1
0.0,0.0,108,1,-1
0.0,0.0,73,1,1
0.0,0.0,108,1,-1
0.0,0.0,73,1,1
0.0,0.0,108,1,-1
0.0,0.0,73,1,1
0.0,0.0,108,1,-1
0.0,0.0,76,1,1
0.0,0.0,108,1,-1
0.0,0.0,76,1,1
0.0,0.0,108,1,-1
0.0,0.0,100,1,1
0.0,0.0,108,1,-1
0.0,0.0,73,1,1
0.0,0.0,108,1,-1
0.0,0.0,73,1,1
0.0,0.0,108,1,-1
0.0,0.0,73,1,1
0.0,0.0,108,1,-1
0.0,0.0,74,1,1
0.0,0.0,108,1,-1
0.0,0.0,74,1,1
0.0,0.0,108,1,-1
0.0,0.0,73,1,1
0.0,0.0,108,1,-1
0.0,0.0,73,1,1
0.0,0.0,108,1,-1
0.0,0.0,76,1,1
0.0,0.0,108,1,-1
0.0,0.0,77,1,1
0.0,0.0,108,1,-1
0.0,0.0,73,1,1
0.0,0.0,159,1,1
0.0,0.0,108,1,-1
0.0,0.0,73,1,1
0.0,0.0,108,1,-1
0.0,0.0,73,1,1
0.0,0.0,108,1,-1
0.0,0.0,73,1,1
0.0,0.0,108,1,-1
0.0,0.0,73,1,1
0.0,0.0,108,1,-1
0.0,0.0,73,1,1
0.0,0.0,108,1,-1
0.0,0.0,73,1,1
0.0,0.0,157,1,1
0.0,0.0,108,1,-1
0.0,0.0,73,1,1
0.0,0.0,108,1,-1
0.0,0.0,73,1,1
0.0,0.0,108,1,-1
0.0,0.0,73,1,1
0.0,0.0,108,1,-1
0.0,0.0,73,1,1
0.0,0.0,108,1,-1
0.0,0.0,73,1,1
0.0,0.0,108,1,-1
0.0,0.0,74,1,1
0.0,0.0,108,1,-1
0.0,0.0,73,1,1
0.0,0.0,108,1,-1
0.0,0.0,73,1,1
0.0,0.0,108,1,-1
0.0,0.0,73,1,1
0.0,0.0,108,1,-1
0.0,0.0,73,1,1
0.0,0.0,108,1,-1
0.0,0.0,76,1,1
0.0,0.0,108,1,-1
0.0,0.0,77,1,1
0.0,0.0,108,1,-1
0.0,0.0,53,1,1
0.0,0.0,108,1,-1
0.0,0.0,55,1,1
0.0,0.0,283,1,-1
0.0,0.0,64,1,1
0.0,0.0,283,1,-1
0.0,0.0,69,1,1
0.0,0.0,283,1,-1
0.0,0.0,54,1,1
0.0,0.0,330,1,1
0.0,0.0,122,1,-1
0.0,0.0,54,1,1
0.0,0.0,169,1,1
0.0,0.0,108,1,-1
0.0,0.0,108,1,1
0.0,0.0,108,1,-1
0.0,0.0,73,1,1
0.0,0.0,108,1,-1
0.0,0.0,73,1,1
0.0,0.0,108,1,-1
0.0,0.0,74,1,1
0.0,0.0,108,1,-1
0.0,0.0,73,1,1
0.0,0.0,108,1,-1
0.0,0.0,74,1,1
0.0,0.0,108,1,-1
0.0,0.0,73,1,1
0.0,0.0,108,1,-1
0.0,0.0,76,1,1
0.0,0.0,108,1,-1
0.0,0.0,77,1,1
0.0,0.0,108,1,-1
0.0,0.0,73,1,1
0.0,0.0,108,1,-1
0.0,0.0,73,1,1
0.0,0.0,108,1,-1
0.0,0.0,73,1,1
0.0,0.0,108,1,-1
0.0,0.0,73,1,1
0.0,0.0,108,1,-1
0.0,0.0,73,1,1
0.0,0.0,108,1,-1
0.0,0.0,73,1,1
0.0,0.0,108,1,-1
0.0,0.0,73,1,1
0.0,0.0,108,1,-1
0.0,0.0,73,1,1
0.0,0.0,108,1,-1
0.0,0.0,73,1,1
0.0,0.0,155,1,1
0.0,0.0,108,1,-1
0.0,0.0,73,1,1
0.0,0.0,108,1,-1
0.0,0.0,77,1,1
0.0,0.0,222,1,-1
0.0,0.0,128,1,-1
0.0,0.0,77,1,1
0.0,0.0,381,1,1
0.0,0.0,173,1,-1
0.0,0.0,128,1,-1
0.0,0.0,53,1,1
0.0,0.0,108,1,-1
0.0,0.0,73,1,1
0.0,0.0,153,1,-1
0.0,0.0,108,1,-1
0.0,0.0,73,1,1
0.0,0.0,55,1,1
0.0,0.0,283,1,-1
-7.21e-07,7.21e-07,387,2,1
0.0,0.0,206,1,-1
0.0,0.0,63,1,1
0.0,0.0,108,1,-1
0.0,0.0,72,1,1
0.0,0.0,79,1,-1
0.0,0.0,50,1,1
0.0,0.0,79,1,-1
0.0,0.0,54,1,1
0.0,0.0,108,1,-1
0.0,0.0,73,1,1
0.0,0.0,83,1,-1
0.0,0.0,92,1,-1
0.0,0.0,66,1,-1
0.0,0.0,54,1,1
0.0,0.0,53,1,1
0.0,0.0,189,1,1
0.0,0.0,70,1,-1
0.0,0.0,54,1,1
0.0,0.0,54,1,1
0.0,0.0,90,1,-1
0.0,0.0,50,1,1
0.0,0.0,99,1,-1
0.0,0.0,99,1,-1
0.0,0.0,71,1,-1
-0.001901283,0.001901283,555,8,-1
0.0,0.0,53,1,1
0.0,0.0,66,1,-1
0.0,0.0,54,1,1
0.0,0.0,74,1,-1
0.0,0.0,108,1,-1
0.0,0.0,54,1,1
0.0,0.0,184,1,1
0.0,0.0,53,1,1
0.0,0.0,53,1,1
-6.31e-07,6.31e-07,112,2,1
0.0,0.0,61,1,1
-0.000977283,0.000977283,319,2,1
0.0,0.0,54,1,1
0.0,0.0,108,1,-1
0.0,0.0,76,1,1
0.0,0.0,80,1,-1
0.0,0.0,54,1,1
0.0,0.0,85,1,-1
0.0,0.0,54,1,1
0.0,0.0,54,1,1
0.0,0.0,50,1,1
0.0,0.0,108,1,-1
0.0,0.0,50,1,1
0.0,0.0,108,1,-1
0.0,0.0,73,1,1
0.0,0.0,108,1,-1
0.0,0.0,53,1,1
0.0,0.0,108,1,-1
0.0,0.0,73,1,1
0.0,0.0,108,1,-1
0.0,0.0,50,1,1
0.0,0.0,108,1,-1
0.0,0.0,73,1,1
0.0,0.0,108,1,-1
0.0,0.0,73,1,1
0.0,0.0,108,1,-1
0.0,0.0,50,1,1
0.0,0.0,108,1,-1
0.0,0.0,73,1,1
0.0,0.0,108,1,-1
0.0,0.0,50,1,1
0.0,0.0,108,1,-1
0.0,0.0,73,1,1
0.0,0.0,108,1,-1
0.0,0.0,50,1,1
0.0,0.0,108,1,-1
0.0,0.0,73,1,1
0.0,0.0,108,1,-1
0.0,0.0,50,1,1
0.0,0.0,108,1,-1
0.0,0.0,73,1,1
0.0,0.0,108,1,-1
0.0,0.0,50,1,1
0.0,0.0,108,1,-1
0.0,0.0,73,1,1
0.0,0.0,108,1,-1
0.0,0.0,50,1,1
0.0,0.0,108,1,-1
0.0,0.0,73,1,1
0.0,0.0,108,1,-1
0.0,0.0,50,1,1
0.0,0.0,108,1,-1
0.0,0.0,73,1,1
0.0,0.0,108,1,-1
0.0,0.0,50,1,1
0.0,0.0,108,1,-1
0.0,0.0,73,1,1
0.0,0.0,108,1,-1
0.0,0.0,51,1,1
0.0,0.0,108,1,-1
0.0,0.0,77,1,1
0.0,0.0,108,1,-1
0.0,0.0,50,1,1
0.0,0.0,108,1,-1
0.0,0.0,74,1,1
0.0,0.0,108,1,-1
0.0,0.0,74,1,1
0.0,0.0,108,1,-1
0.0,0.0,52,1,1
0.0,0.0,108,1,-1
0.0,0.0,83,1,1
0.0,0.0,108,1,-1
0.0,0.0,69,1,1
0.0,0.0,108,1,-1
0.0,0.0,73,1,1
0.0,0.0,108,1,-1
0.0,0.0,50,1,1
0.0,0.0,108,1,-1
0.0,0.0,73,1,1
0.0,0.0,108,1,-1
0.0,0.0,50,1,1
0.0,0.0,108,1,-1
0.0,0.0,76,1,1
0.0,0.0,108,1,-1
0.0,0.0,50,1,1
0.0,0.0,157,1,1
0.0,0.0,108,1,-1
0.0,0.0,73,1,1
0.0,0.0,108,1,-1
0.0,0.0,50,1,1
0.0,0.0,108,1,-1
0.0,0.0,73,1,1
0.0,0.0,108,1,-1
0.0,0.0,73,1,1
0.0,0.0,108,1,-1
0.0,0.0,54,1,1
0.0,0.0,222,1,-1
0.0,0.0,128,1,-1
-0.000542855,0.000542855,435,2,1
0.0,0.0,177,1,1
0.0,0.0,108,1,-1
0.0,0.0,76,1,1
0.0,0.0,108,1,-1
0.0,0.0,50,1,1
0.0,0.0,173,1,-1
0.0,0.0,53,1,1
0.0,0.0,108,1,-1
0.0,0.0,108,1,-1
0.0,0.0,73,1,1
0.0,0.0,50,1,1
0.0,0.0,155,1,1
0.0,0.0,151,1,-1
0.0,0.0,50,1,1
0.0,0.0,108,1,-1
0.0,0.0,50,1,1
0.0,0.0,108,1,-1
0.0,0.0,108,1,-1
0.0,0.0,73,1,1
0.0,0.0,50,1,1
0.0,0.0,108,1,-1
0.0,0.0,50,1,1
0.0,0.0,108,1,-1
0.0,0.0,73,1,1
0.0,0.0,108,1,-1
0.0,0.0,50,1,1
0.0,0.0,108,1,-1
0.0,0.0,50,1,1
0.0,0.0,108,1,-1
0.0,0.0,73,1,1
0.0,0.0,108,1,-1
0.0,0.0,50,1,1
0.0,0.0,108,1,-1
0.0,0.0,73,1,1
0.0,0.0,108,1,-1
0.0,0.0,50,1,1
0.0,0.0,159,1,1
0.0,0.0,108,1,-1
0.0,0.0,50,1,1
0.0,0.0,108,1,-1
0.0,0.0,73,1,1
0.0,0.0,108,1,-1
0.0,0.0,50,1,1
0.0,0.0,108,1,-1
0.0,0.0,51,1,1
0.0,0.0,159,1,1
0.0,0.0,108,1,-1
0.0,0.0,74,1,1
0.0,0.0,108,1,-1
0.0,0.0,51,1,1
0.0,0.0,108,1,-1
0.0,0.0,77,1,1
0.0,0.0,108,1,-1
0.0,0.0,50,1,1
0.0,0.0,108,1,-1
0.0,0.0,51,1,1
0.0,0.0,108,1,-1
0.0,0.0,74,1,1
0.0,0.0,108,1,-1
0.0,0.0,108,1,-1
0.0,0.0,52,1,1
0.0,0.0,60,1,1
0.0,0.0,108,1,-1
0.0,0.0,92,1,1
0.0,0.0,108,1,-1
0.0,0.0,50,1,1
0.0,0.0,108,1,-1
0.0,0.0,50,1,1
0.0,0.0,108,1,-1
0.0,0.0,73,1,1
0.0,0.0,108,1,-1
0.0,0.0,108,1,-1
0.0,0.0,50,1,1
0.0,0.0,155,1,1
0.0,0.0,51,1,1
0.0,0.0,108,1,-1
0.0,0.0,73,1,1
0.0,0.0,108,1,-1
0.0,0.0,53,1,1
0.0,0.0,108,1,-1
0.0,0.0,50,1,1
0.0,0.0,108,1,-1
0.0,0.0,73,1,1
0.0,0.0,108,1,-1
0.0,0.0,53,1,1
0.0,0.0,108,1,-1
0.0,0.0,50,1,1
0.0,0.0,108,1,-1
0.0,0.0,73,1,1
0.0,0.0,108,1,-1
0.0,0.0,50,1,1
0.0,0.0,108,1,-1
0.0,0.0,74,1,1
0.0,0.0,108,1,-1
0.0,0.0,50,1,1
0.0,0.0,108,1,-1
0.0,0.0,73,1,1
0.0,0.0,108,1,-1
0.0,0.0,50,1,1
0.0,0.0,159,1,1
0.0,0.0,108,1,-1
0.0,0.0,53,1,1
0.0,0.0,108,1,-1
0.0,0.0,73,1,1
0.0,0.0,108,1,-1
0.0,0.0,50,1,1
0.0,0.0,108,1,-1
0.0,0.0,50,1,1
0.0,0.0,108,1,-1
0.0,0.0,73,1,1
0.0,0.0,108,1,-1
0.0,0.0,108,1,-1
0.0,0.0,73,1,1
0.0,0.0,108,1,-1
0.0,0.0,50,1,1
0.0,0.0,155,1,1
0.0,0.0,108,1,-1
0.0,0.0,50,1,1
0.0,0.0,108,1,-1
0.0,0.0,73,1,1
0.0,0.0,108,1,-1
0.0,0.0,50,1,1
0.0,0.0,108,1,-1
0.0,0.0,50,1,1
0.0,0.0,108,1,-1
0.0,0.0,108,1,-1
0.0,0.0,73,1,1
0.0,0.0,50,1,1
0.0,0.0,108,1,-1
0.0,0.0,50,1,1
0.0,0.0,108,1,-1
0.0,0.0,73,1,1
0.0,0.0,108,1,-1
0.0,0.0,50,1,1
0.0,0.0,108,1,-1
0.0,0.0,50,1,1
0.0,0.0,108,1,-1
0.0,0.0,108,1,-1
0.0,0.0,73,1,1
0.0,0.0,50,1,1
0.0,0.0,108,1,-1
0.0,0.0,50,1,1
0.0,0.0,108,1,-1
0.0,0.0,108,1,-1
0.0,0.0,74,1,1
0.0,0.0,50,1,1
0.0,0.0,108,1,-1
0.0,0.0,73,1,1
0.0,0.0,108,1,-1
0.0,0.0,108,1,-1
0.0,0.0,51,1,1
0.0,0.0,108,1,-1
0.0,0.0,78,1,1
0.0,0.0,108,1,-1
0.0,0.0,108,1,-1
0.0,0.0,60,1,1
0.0,0.0,52,1,1
0.0,0.0,108,1,-1
0.0,0.0,92,1,1
0.0,0.0,108,1,-1
0.0,0.0,108,1,-1
0.0,0.0,50,1,1
0.0,0.0,50,1,1
0.0,0.0,108,1,-1
0.0,0.0,73,1,1
0.0,0.0,108,1,-1
0.0,0.0,108,1,-1
0.0,0.0,50,1,1
0.0,0.0,50,1,1
0.0,0.0,108,1,-1
0.0,0.0,73,1,1
0.0,0.0,108,1,-1
0.0,0.0,108,1,-1
0.0,0.0,53,1,1
0.0,0.0,50,1,1
0.0,0.0,108,1,-1
0.0,0.0,73,1,1
0.0,0.0,108,1,-1
0.0,0.0,108,1,-1
0.0,0.0,50,1,1
0.0,0.0,50,1,1
0.0,0.0,108,1,-1
0.0,0.0,73,1,1
0.0,0.0,108,1,-1
0.0,0.0,108,1,-1
0.0,0.0,73,1,1
0.0,0.0,50,1,1
0.0,0.0,108,1,-1
0.0,0.0,50,1,1
0.0,0.0,108,1,-1
0.0,0.0,108,1,-1
0.0,0.0,74,1,1
0.0,0.0,50,1,1
0.0,0.0,108,1,-1
0.0,0.0,50,1,1
0.0,0.0,157,1,1
0.0,0.0,108,1,-1
0.0,0.0,108,1,-1
0.0,0.0,73,1,1
0.0,0.0,50,1,1
0.0,0.0,108,1,-1
0.0,0.0,50,1,1
0.0,0.0,108,1,-1
0.0,0.0,108,1,-1
0.0,0.0,76,1,1
0.0,0.0,50,1,1
0.0,0.0,108,1,-1
0.0,0.0,73,1,1
0.0,0.0,108,1,-1
0.0,0.0,108,1,-1
0.0,0.0,50,1,1
0.0,0.0,50,1,1
0.0,0.0,108,1,-1
0.0,0.0,73,1,1
0.0,0.0,108,1,-1
0.0,0.0,79,1,-1
0.0,0.0,108,1,-1
0.0,0.0,54,1,1
0.0,0.0,79,1,-1
0.0,0.0,50,1,1
0.0,0.0,50,1,1
0.0,0.0,54,1,1
0.0,0.0,202,1,1
0.0,0.0,108,1,-1
0.0,0.0,73,1,1
0.0,0.0,108,1,-1
0.0,0.0,108,1,-1
0.0,0.0,50,1,1
0.0,0.0,50,1,1
0.0,0.0,108,1,-1
0.0,0.0,73,1,1
0.0,0.0,108,1,-1
0.0,0.0,108,1,-1
0.0,0.0,50,1,1
0.0,0.0,50,1,1
0.0,0.0,108,1,-1
0.0,0.0,73,1,1
0.0,0.0,108,1,-1
0.0,0.0,108,1,-1
0.0,0.0,50,1,1
0.0,0.0,50,1,1
0.0,0.0,108,1,-1
0.0,0.0,75,1,1
0.0,0.0,108,1,-1
0.0,0.0,51,1,1
0.0,0.0,108,1,-1
0.0,0.0,54,1,1
0.0,0.0,108,1,-1
0.0,0.0,83,1,1
0.0,0.0,108,1,-1
0.0,0.0,73,1,1
0.0,0.0,108,1,-1
0.0,0.0,73,1,1
0.0,0.0,108,1,-1
0.0,0.0,50,1,1
0.0,0.0,108,1,-1
0.0,0.0,50,1,1
0.0,0.0,108,1,-1
0.0,0.0,73,1,1
0.0,0.0,108,1,-1
0.0,0.0,51,1,1
0.0,0.0,108,1,-1
0.0,0.0,73,1,1
0.0,0.0,108,1,-1
0.0,0.0,50,1,1
0.0,0.0,108,1,-1
0.0,0.0,50,1,1
0.0,0.0,108,1,-1
0.0,0.0,73,1,1
0.0,0.0,108,1,-1
0.0,0.0,50,1,1
0.0,0.0,108,1,-1
0.0,0.0,50,1,1
0.0,0.0,108,1,-1
0.0,0.0,73,1,1
0.0,0.0,108,1,-1
0.0,0.0,53,1,1
0.0,0.0,108,1,-1
0.0,0.0,50,1,1
0.0,0.0,108,1,-1
0.0,0.0,73,1,1
0.0,0.0,108,1,-1
0.0,0.0,108,1,-1
0.0,0.0,50,1,1
0.0,0.0,50,1,1
0.0,0.0,108,1,-1
0.0,0.0,73,1,1
0.0,0.0,108,1,-1
0.0,0.0,108,1,-1
0.0,0.0,74,1,1
0.0,0.0,50,1,1
0.0,0.0,108,1,-1
0.0,0.0,53,1,1
0.0,0.0,108,1,-1
0.0,0.0,73,1,1
0.0,0.0,108,1,-1
0.0,0.0,50,1,1
0.0,0.0,108,1,-1
0.0,0.0,73,1,1
0.0,0.0,108,1,-1
0.0,0.0,108,1,-1
-6.01e-07,6.01e-07,205,2,1
0.0,0.0,108,1,-1
0.0,0.0,73,1,1
0.0,0.0,108,1,-1
0.0,0.0,108,1,-1
0.0,0.0,50,1,1
0.0,0.0,50,1,1
0.0,0.0,108,1,-1
0.0,0.0,73,1,1
0.0,0.0,108,1,-1
0.0,0.0,108,1,-1
0.0,0.0,50,1,1
0.0,0.0,50,1,1
0.0,0.0,108,1,-1
0.0,0.0,73,1,1
0.0,0.0,108,1,-1
0.0,0.0,50,1,1
0.0,0.0,108,1,-1
0.0,0.0,50,1,1
0.0,0.0,108,1,-1
0.0,0.0,108,1,-1
0.0,0.0,73,1,1
0.0,0.0,157,1,1
0.0,0.0,50,1,1
0.0,0.0,108,1,-1
0.0,0.0,50,1,1
0.0,0.0,108,1,-1
0.0,0.0,108,1,-1
0.0,0.0,73,1,1
0.0,0.0,157,1,1
0.0,0.0,50,1,1
0.0,0.0,108,1,-1
0.0,0.0,73,1,1
0.0,0.0,108,1,-1
0.0,0.0,108,1,-1
0.0,0.0,51,1,1
0.0,0.0,108,1,-1
0.0,0.0,51,1,1
0.0,0.0,75,1,1
0.0,0.0,108,1,-1
0.0,0.0,61,1,1
0.0,0.0,108,1,-1
0.0,0.0,108,1,-1
0.0,0.0,96,1,1
0.0,0.0,50,1,1
0.0,0.0,108,1,-1
0.0,0.0,108,1,-1
0.0,0.0,73,1,1
0.0,0.0,108,1,-1
0.0,0.0,50,1,1
0.0,0.0,50,1,1
0.0,0.0,155,1,1
0.0,0.0,108,1,-1
0.0,0.0,73,1,1
0.0,0.0,108,1,-1
0.0,0.0,108,1,-1
0.0,0.0,50,1,1
0.0,0.0,50,1,1
0.0,0.0,108,1,-1
0.0,0.0,108,1,-1
0.0,0.0,73,1,1
0.0,0.0,50,1,1
0.0,0.0,108,1,-1
0.0,0.0,50,1,1
0.0,0.0,108,1,-1
0.0,0.0,108,1,-1
0.0,0.0,73,1,1
0.0,0.0,50,1,1
0.0,0.0,108,1,-1
0.0,0.0,54,1,1
0.0,0.0,128,1,-1
0.0,0.0,222,1,-1
0.0,0.0,76,1,1
0.0,0.0,108,1,-1
0.0,0.0,53,1,1
-6.31e-07,6.31e-07,435,2,1
0.0,0.0,108,1,-1
0.0,0.0,108,1,-1
0.0,0.0,50,1,1
0.0,0.0,50,1,1
0.0,0.0,173,1,-1
0.0,0.0,77,1,1
0.0,0.0,108,1,-1
0.0,0.0,50,1,1
0.0,0.0,108,1,-1
0.0,0.0,108,1,-1
0.0,0.0,50,1,1
0.0,0.0,50,1,1
0.0,0.0,161,1,-1
0.0,0.0,77,1,1
0.0,0.0,108,1,-1
0.0,0.0,108,1,-1
0.0,0.0,53,1,1
0.0,0.0,50,1,1
0.0,0.0,108,1,-1
0.0,0.0,108,1,-1
0.0,0.0,50,1,1
0.0,0.0,50,1,1
0.0,0.0,108,1,-1
0.0,0.0,108,1,-1
0.0,0.0,76,1,1
0.0,0.0,50,1,1
0.0,0.0,108,1,-1
0.0,0.0,108,1,-1
0.0,0.0,50,1,1
0.0,0.0,50,1,1
0.0,0.0,108,1,-1
0.0,0.0,108,1,-1
0.0,0.0,73,1,1
0.0,0.0,50,1,1
0.0,0.0,108,1,-1
0.0,0.0,108,1,-1
0.0,0.0,50,1,1
0.0,0.0,73,1,1
0.0,0.0,108,1,-1
0.0,0.0,108,1,-1
0.0,0.0,50,1,1
0.0,0.0,50,1,1
0.0,0.0,108,1,-1
0.0,0.0,108,1,-1
0.0,0.0,73,1,1
0.0,0.0,50,1,1
0.0,0.0,108,1,-1
0.0,0.0,108,1,-1
0.0,0.0,50,1,1
0.0,0.0,51,1,1
0.0,0.0,108,1,-1
0.0,0.0,108,1,-1
0.0,0.0,74,1,1
0.0,0.0,52,1,1
0.0,0.0,108,1,-1
0.0,0.0,108,1,-1
0.0,0.0,53,1,1
0.0,0.0,60,1,1
0.0,0.0,108,1,-1
0.0,0.0,108,1,-1
0.0,0.0,92,1,1
0.0,0.0,54,1,1
0.0,0.0,108,1,-1
0.0,0.0,108,1,-1
0.0,0.0,50,1,1
0.0,0.0,50,1,1
0.0,0.0,108,1,-1
0.0,0.0,108,1,-1
0.0,0.0,73,1,1
0.0,0.0,50,1,1
0.0,0.0,108,1,-1
0.0,0.0,108,1,-1
0.0,0.0,73,1,1
0.0,0.0,50,1,1
0.0,0.0,108,1,-1
0.0,0.0,108,1,-1
0.0,0.0,50,1,1
0.0,0.0,50,1,1
0.0,0.0,108,1,-1
0.0,0.0,108,1,-1
0.0,0.0,73,1,1
0.0,0.0,50,1,1
0.0,0.0,108,1,-1
0.0,0.0,50,1,1
0.0,0.0,108,1,-1
0.0,0.0,76,1,1
0.0,0.0,108,1,-1
0.0,0.0,108,1,-1
0.0,0.0,53,1,1
0.0,0.0,53,1,1
0.0,0.0,108,1,-1
0.0,0.0,73,1,1
0.0,0.0,108,1,-1
-0.000956475,0.000956475,291,2,1
0.0,0.0,108,1,-1
0.0,0.0,108,1,-1
0.0,0.0,50,1,1
0.0,0.0,108,1,-1
0.0,0.0,108,1,-1
0.0,0.0,73,1,1
0.0,0.0,50,1,1
0.0,0.0,108,1,-1
0.0,0.0,108,1,-1
0.0,0.0,76,1,1
0.0,0.0,50,1,1
Clump Interarrival,Clump Duration,Clump Size,Clump Packets,Clump Direction
0.0,0.0,222,1,-1
0.0,0.0,77,1,1
0.0,0.0,173,1,-1
0.0,0.0,76,1,1
0.0,0.0,153,1,-1
0.0,0.0,77,1,1
0.0,0.0,108,1,-1
0.0,0.0,55,1,1
0.0,0.0,108,1,-1
0.0,0.0,80,1,1
0.0,0.0,108,1,-1
0.0,0.0,79,1,1
0.0,0.0,108,1,-1
0.0,0.0,100,1,1
0.0,0.0,108,1,-1
0.0,0.0,73,1,1
0.0,0.0,108,1,-1
0.0,0.0,73,1,1
0.0,0.0,157,1,1
0.0,0.0,108,1,-1
0.0,0.0,73,1,1
0.0,0.0,108,1,-1
0.0,0.0,73,1,1
0.0,0.0,108,1,-1
0.0,0.0,73,1,1
0.0,0.0,108,1,-1
0.0,0.0,73,1,1
0.0,0.0,108,1,-1
0.0,0.0,73,1,1
0.0,0.0,108,1,-1
0.0,0.0,73,1,1
0.0,0.0,108,1,-1
0.0,0.0,73,1,1
0.0,0.0,108,1,-1
0.0,0.0,73,1,1
0.0,0.0,108,1,-1
0.0,0.0,73,1,1
0.0,0.0,108,1,-1
0.0,0.0,73,1,1
0.0,0.0,155,1,1
0.0,0.0,108,1,-1
0.0,0.0,73,1,1
0.0,0.0,108,1,-1
0.0,0.0,73,1,1
0.0,0.0,108,1,-1
0.0,0.0,77,1,1
0.0,0.0,108,1,-1
0.0,0.0,50,1,1
0.0,0.0,108,1,-1
0.0,0.0,53,1,1
0.0,0.0,108,1,-1
0.0,0.0,76,1,1
0.0,0.0,283,1,-1
0.0,0.0,54,1,1
0.0,0.0,283,1,-1
0.0,0.0,73,1,1
0.0,0.0,283,1,-1
0.0,0.0,50,1,1
0.0,0.0,122,1,-1
0.0,0.0,54,1,1
0.0,0.0,108,1,-1
0.0,0.0,50,1,1
0.0,0.0,108,1,-1
0.0,0.0,73,1,1
0.0,0.0,108,1,-1
0.0,0.0,73,1,1
0.0,0.0,108,1,-1
0.0,0.0,73,1,1
0.0,0.0,108,1,-1
0.0,0.0,73,1,1
0.0,0.0,108,1,-1
0.0,0.0,73,1,1
0.0,0.0,108,1,-1
0.0,0.0,73,1,1
0.0,0.0,108,1,-1
0.0,0.0,74,1,1
0.0,0.0,108,1,-1
0.0,0.0,74,1,1
0.0,0.0,108,1,-1
0.0,0.0,77,1,1
0.0,0.0,108,1,-1
0.0,0.0,104,1,1
0.0,0.0,108,1,-1
0.0,0.0,222,1,-1
0.0,0.0,128,1,-1
-0.000213869,0.000213869,130,2,1
0.0,0.0,108,1,-1
0.0,0.0,50,1,1
0.0,0.0,173,1,-1
-4.91e-07,4.91e-07,363,2,1
0.0,0.0,108,1,-1
0.0,0.0,50,1,1
0.0,0.0,149,1,-1
0.0,0.0,76,1,1
0.0,0.0,283,1,-1
0.0,0.0,50,1,1
0.0,0.0,120,1,-1
0.0,0.0,108,1,-1
0.0,0.0,54,1,1
0.0,0.0,108,1,-1
0.0,0.0,53,1,1
0.0,0.0,108,1,-1
0.0,0.0,73,1,1
0.0,0.0,108,1,-1
0.0,0.0,73,1,1
0.0,0.0,108,1,-1
0.0,0.0,73,1,1
0.0,0.0,108,1,-1
0.0,0.0,50,1,1
0.0,0.0,108,1,-1
0.0,0.0,73,1,1
0.0,0.0,108,1,-1
0.0,0.0,50,1,1
0.0,0.0,108,1,-1
0.0,0.0,73,1,1
0.0,0.0,108,1,-1
0.0,0.0,50,1,1
0.0,0.0,108,1,-1
0.0,0.0,73,1,1
0.0,0.0,108,1,-1
0.0,0.0,50,1,1
0.0,0.0,108,1,-1
0.0,0.0,73,1,1
0.0,0.0,108,1,-1
0.0,0.0,50,1,1
0.0,0.0,108,1,-1
0.0,0.0,73,1,1
0.0,0.0,108,1,-1
0.0,0.0,108,1,-1
0.0,0.0,73,1,1
0.0,0.0,50,1,1
0.0,0.0,108,1,-1
0.0,0.0,73,1,1
0.0,0.0,108,1,-1
0.0,0.0,50,1,1
0.0,0.0,108,1,-1
0.0,0.0,76,1,1
0.0,0.0,108,1,-1
0.0,0.0,50,1,1
0.0,0.0,108,1,-1
0.0,0.0,73,1,1
0.0,0.0,108,1,-1
0.0,0.0,108,1,-1
0.0,0.0,108,1,-1
0.0,0.0,73,1,1
0.0,0.0,50,1,1
0.0,0.0,108,1,-1
0.0,0.0,73,1,1
0.0,0.0,108,1,-1
0.0,0.0,51,1,1
0.0,0.0,108,1,-1
0.0,0.0,79,1,1
0.0,0.0,108,1,-1
0.0,0.0,77,1,1
0.0,0.0,108,1,-1
0.0,0.0,77,1,1
0.0,0.0,108,1,-1
0.0,0.0,73,1,1
0.0,0.0,108,1,-1
-5.41e-07,5.41e-07,205,2,1
0.0,0.0,108,1,-1
0.0,0.0,73,1,1
0.0,0.0,108,1,-1
0.0,0.0,50,1,1
0.0,0.0,159,1,1
0.0,0.0,108,1,-1
0.0,0.0,77,1,1
0.0,0.0,128,1,-1
0.0,0.0,222,1,-1
0.0,0.0,53,1,1
0.0,0.0,108,1,-1
0.0,0.0,54,1,1
0.0,0.0,108,1,-1
0.0,0.0,73,1,1
0.0,0.0,173,1,-1
0.0,0.0,108,1,-1
0.0,0.0,54,1,1
0.0,0.0,53,1,1
0.0,0.0,108,1,-1
0.0,0.0,73,1,1
0.0,0.0,155,1,1
0.0,0.0,151,1,-1
0.0,0.0,53,1,1
0.0,0.0,108,1,-1
0.0,0.0,50,1,1
0.0,0.0,50,1,1
0.0,0.0,108,1,-1
0.0,0.0,73,1,1
0.0,0.0,108,1,-1
0.0,0.0,108,1,-1
0.0,0.0,50,1,1
0.0,0.0,50,1,1
0.0,0.0,108,1,-1
0.0,0.0,73,1,1
0.0,0.0,108,1,-1
0.0,0.0,108,1,-1
0.0,0.0,50,1,1
0.0,0.0,50,1,1
0.0,0.0,108,1,-1
0.0,0.0,73,1,1
0.0,0.0,108,1,-1
0.0,0.0,73,1,1
0.0,0.0,108,1,-1
0.0,0.0,50,1,1
0.0,0.0,108,1,-1
0.0,0.0,108,1,-1
0.0,0.0,73,1,1
0.0,0.0,108,1,-1
0.0,0.0,50,1,1
0.0,0.0,50,1,1
0.0,0.0,108,1,-1
0.0,0.0,108,1,-1
0.0,0.0,73,1,1
0.0,0.0,50,1,1
0.0,0.0,108,1,-1
0.0,0.0,50,1,1
0.0,0.0,108,1,-1
0.0,0.0,73,1,1
0.0,0.0,108,1,-1
0.0,0.0,108,1,-1
0.0,0.0,50,1,1
0.0,0.0,50,1,1
0.0,0.0,108,1,-1
0.0,0.0,73,1,1
0.0,0.0,108,1,-1
0.0,0.0,50,1,1
0.0,0.0,108,1,-1
0.0,0.0,50,1,1
0.0,0.0,159,1,1
0.0,0.0,108,1,-1
0.0,0.0,73,1,1
0.0,0.0,108,1,-1
0.0,0.0,50,1,1
0.0,0.0,157,1,1
0.0,0.0,108,1,-1
0.0,0.0,51,1,1
0.0,0.0,108,1,-1
0.0,0.0,75,1,1
0.0,0.0,108,1,-1
0.0,0.0,53,1,1
0.0,0.0,108,1,-1
0.0,0.0,79,1,1
0.0,0.0,108,1,-1
0.0,0.0,77,1,1
0.0,0.0,108,1,-1
0.0,0.0,108,1,-1
0.0,0.0,73,1,1
0.0,0.0,50,1,1
0.0,0.0,108,1,-1
0.0,0.0,54,1,1
0.0,0.0,108,1,-1
0.0,0.0,108,1,-1
0.0,0.0,73,1,1
-5.21e-07,5.21e-07,209,2,1
0.0,0.0,108,1,-1
0.0,0.0,73,1,1
0.0,0.0,108,1,-1
0.0,0.0,108,1,-1
0.0,0.0,50,1,1
0.0,0.0,50,1,1
0.0,0.0,108,1,-1
0.0,0.0,73,1,1
0.0,0.0,108,1,-1
0.0,0.0,108,1,-1
0.0,0.0,50,1,1
0.0,0.0,50,1,1
0.0,0.0,108,1,-1
0.0,0.0,73,1,1
0.0,0.0,108,1,-1
0.0,0.0,50,1,1
0.0,0.0,108,1,-1
0.0,0.0,53,1,1
0.0,0.0,108,1,-1
0.0,0.0,73,1,1
0.0,0.0,108,1,-1
0.0,0.0,108,1,-1
0.0,0.0,50,1,1
0.0,0.0,50,1,1
0.0,0.0,108,1,-1
0.0,0.0,73,1,1
0.0,0.0,108,1,-1
0.0,0.0,53,1,1
0.0,0.0,108,1,-1
0.0,0.0,50,1,1
0.0,0.0,108,1,-1
0.0,0.0,108,1,-1
0.0,0.0,73,1,1
0.0,0.0,50,1,1
0.0,0.0,108,1,-1
0.0,0.0,73,1,1
0.0,0.0,108,1,-1
0.0,0.0,108,1,-1
0.0,0.0,50,1,1
0.0,0.0,73,1,1
0.0,0.0,108,1,-1
0.0,0.0,50,1,1
0.0,0.0,108,1,-1
0.0,0.0,73,1,1
0.0,0.0,108,1,-1
0.0,0.0,50,1,1
0.0,0.0,108,1,-1
0.0,0.0,50,1,1
0.0,0.0,108,1,-1
0.0,0.0,108,1,-1
0.0,0.0,108,1,-1
0.0,0.0,73,1,1
0.0,0.0,50,1,1
0.0,0.0,108,1,-1
0.0,0.0,108,1,-1
0.0,0.0,108,1,-1
-4.61e-07,4.61e-07,230,2,1
0.0,0.0,50,1,1
0.0,0.0,108,1,-1
0.0,0.0,108,1,-1
0.0,0.0,73,1,1
0.0,0.0,108,1,-1
0.0,0.0,50,1,1
0.0,0.0,50,1,1
0.0,0.0,108,1,-1
0.0,0.0,108,1,-1
0.0,0.0,73,1,1
0.0,0.0,108,1,-1
0.0,0.0,50,1,1
0.0,0.0,50,1,1
0.0,0.0,108,1,-1
0.0,0.0,108,1,-1
0.0,0.0,73,1,1
0.0,0.0,108,1,-1
0.0,0.0,74,1,1
0.0,0.0,52,1,1
0.0,0.0,108,1,-1
0.0,0.0,108,1,-1
0.0,0.0,76,1,1
0.0,0.0,81,1,1
0.0,0.0,108,1,-1
0.0,0.0,51,1,1
0.0,0.0,159,1,1
0.0,0.0,128,1,-1
-4.5e-07,4.5e-07,233,2,1
0.0,0.0,222,1,-1
0.0,0.0,108,1,-1
-4.81e-07,4.81e-07,461,2,1
0.0,0.0,108,1,-1
0.0,0.0,108,1,-1
0.0,0.0,50,1,1
0.0,0.0,50,1,1
0.0,0.0,108,1,-1
0.0,0.0,50,1,1
0.0,0.0,173,1,-1
0.0,0.0,77,1,1
0.0,0.0,108,1,-1
0.0,0.0,108,1,-1
0.0,0.0,51,1,1
0.0,0.0,54,1,1
0.0,0.0,108,1,-1
0.0,0.0,76,1,1
0.0,0.0,145,1,-1
0.0,0.0,54,1,1
0.0,0.0,153,1,-1
0.0,0.0,108,1,-1
0.0,0.0,108,1,-1
-2.91e-07,2.91e-07,209,2,1
0.0,0.0,128,1,-1
0.0,0.0,50,1,1
0.0,0.0,53,1,1
0.0,0.0,108,1,-1
0.0,0.0,76,1,1
0.0,0.0,108,1,-1
0.0,0.0,108,1,-1
-4.71e-07,4.71e-07,209,2,1
0.0,0.0,108,1,-1
0.0,0.0,73,1,1
0.0,0.0,108,1,-1
0.0,0.0,50,1,1
0.0,0.0,108,1,-1
0.0,0.0,50,1,1
0.0,0.0,108,1,-1
0.0,0.0,73,1,1
0.0,0.0,108,1,-1
0.0,0.0,108,1,-1
0.0,0.0,50,1,1
0.0,0.0,73,1,1
0.0,0.0,108,1,-1
0.0,0.0,50,1,1
0.0,0.0,108,1,-1
0.0,0.0,50,1,1
0.0,0.0,108,1,-1
0.0,0.0,73,1,1
0.0,0.0,108,1,-1
0.0,0.0,50,1,1
0.0,0.0,108,1,-1
0.0,0.0,73,1,1
0.0,0.0,108,1,-1
0.0,0.0,50,1,1
0.0,0.0,108,1,-1
0.0,0.0,73,1,1
0.0,0.0,108,1,-1
0.0,0.0,50,1,1
0.0,0.0,108,1,-1
0.0,0.0,50,1,1
0.0,0.0,108,1,-1
0.0,0.0,73,1,1
0.0,0.0,108,1,-1
0.0,0.0,50,1,1
0.0,0.0,108,1,-1
0.0,0.0,50,1,1
0.0,0.0,108,1,-1
0.0,0.0,73,1,1
0.0,0.0,108,1,-1
0.0,0.0,108,1,-1
0.0,0.0,50,1,1
-9.52e-07,9.52e-07,206,2,1
0.0,0.0,108,1,-1
0.0,0.0,76,1,1
0.0,0.0,108,1,-1
0.0,0.0,108,1,-1
0.0,0.0,53,1,1
0.0,0.0,53,1,1
0.0,0.0,108,1,-1
0.0,0.0,100,1,1
0.0,0.0,108,1,-1
0.0,0.0,74,1,1
0.0,0.0,108,1,-1
0.0,0.0,51,1,1
0.0,0.0,108,1,-1
0.0,0.0,50,1,1
0.0,0.0,108,1,-1
0.0,0.0,76,1,1
0.0,0.0,108,1,-1
0.0,0.0,50,1,1
0.0,0.0,108,1,-1
0.0,0.0,73,1,1
0.0,0.0,108,1,-1
0.0,0.0,50,1,1
0.0,0.0,108,1,-1
0.0,0.0,50,1,1
0.0,0.0,108,1,-1
0.0,0.0,74,1,1
0.0,0.0,108,1,-1
0.0,0.0,54,1,1
0.0,0.0,108,1,-1
0.0,0.0,51,1,1
0.0,0.0,108,1,-1
0.0,0.0,76,1,1
0.0,0.0,108,1,-1
0.0,0.0,50,1,1
0.0,0.0,108,1,-1
0.0,0.0,73,1,1
0.0,0.0,108,1,-1
0.0,0.0,50,1,1
0.0,0.0,108,1,-1
0.0,0.0,50,1,1
0.0,0.0,108,1,-1
0.0,0.0,73,1,1
0.0,0.0,108,1,-1
0.0,0.0,108,1,-1
0.0,0.0,50,1,1
0.0,0.0,50,1,1
0.0,0.0,108,1,-1
0.0,0.0,73,1,1
0.0,0.0,108,1,-1
0.0,0.0,108,1,-1
0.0,0.0,50,1,1
0.0,0.0,50,1,1
0.0,0.0,108,1,-1
0.0,0.0,73,1,1
0.0,0.0,108,1,-1
0.0,0.0,108,1,-1
0.0,0.0,50,1,1
0.0,0.0,73,1,1
0.0,0.0,157,1,1
0.0,0.0,108,1,-1
0.0,0.0,108,1,-1
0.0,0.0,73,1,1
0.0,0.0,108,1,-1
-5.31e-07,5.31e-07,205,2,1
0.0,0.0,50,1,1
0.0,0.0,108,1,-1
0.0,0.0,108,1,-1
0.0,0.0,73,1,1
0.0,0.0,108,1,-1
0.0,0.0,50,1,1
0.0,0.0,50,1,1
0.0,0.0,108,1,-1
0.0,0.0,108,1,-1
0.0,0.0,73,1,1
0.0,0.0,108,1,-1
0.0,0.0,50,1,1
0.0,0.0,50,1,1
0.0,0.0,108,1,-1
0.0,0.0,108,1,-1
0.0,0.0,73,1,1
0.0,0.0,108,1,-1
0.0,0.0,50,1,1
0.0,0.0,50,1,1
0.0,0.0,108,1,-1
0.0,0.0,108,1,-1
0.0,0.0,73,1,1
0.0,0.0,108,1,-1
0.0,0.0,50,1,1
0.0,0.0,50,1,1
0.0,0.0,108,1,-1
0.0,0.0,108,1,-1
0.0,0.0,73,1,1
0.0,0.0,108,1,-1
0.0,0.0,51,1,1
0.0,0.0,108,1,-1
0.0,0.0,108,1,-1
0.0,0.0,75,1,1
0.0,0.0,60,1,1
0.0,0.0,108,1,-1
0.0,0.0,52,1,1
0.0,0.0,108,1,-1
0.0,0.0,92,1,1
0.0,0.0,108,1,-1
0.0,0.0,108,1,-1
0.0,0.0,50,1,1
0.0,0.0,50,1,1
0.0,0.0,108,1,-1
0.0,0.0,108,1,-1
0.0,0.0,73,1,1
0.0,0.0,108,1,-1
0.0,0.0,50,1,1
0.0,0.0,50,1,1
0.0,0.0,108,1,-1
0.0,0.0,73,1,1
0.0,0.0,108,1,-1
0.0,0.0,108,1,-1
0.0,0.0,51,1,1
0.0,0.0,108,1,-1
0.0,0.0,108,1,-1
0.0,0.0,76,1,1
0.0,0.0,108,1,-1
0.0,0.0,50,1,1
0.0,0.0,50,1,1
0.0,0.0,108,1,-1
0.0,0.0,108,1,-1
0.0,0.0,77,1,1
0.0,0.0,108,1,-1
0.0,0.0,50,1,1
0.0,0.0,53,1,1
0.0,0.0,108,1,-1
0.0,0.0,108,1,-1
0.0,0.0,73,1,1
0.0,0.0,108,1,-1
0.0,0.0,50,1,1
0.0,0.0,50,1,1
0.0,0.0,108,1,-1
0.0,0.0,108,1,-1
0.0,0.0,73,1,1
0.0,0.0,50,1,1
0.0,0.0,108,1,-1
0.0,0.0,73,1,1
0.0,0.0,108,1,-1
0.0,0.0,108,1,-1
0.0,0.0,50,1,1
0.0,0.0,50,1,1
0.0,0.0,108,1,-1
0.0,0.0,73,1,1
0.0,0.0,108,1,-1
0.0,0.0,50,1,1
0.0,0.0,108,1,-1
0.0,0.0,73,1,1
0.0,0.0,108,1,-1
0.0,0.0,108,1,-1
0.0,0.0,50,1,1
0.0,0.0,50,1,1
0.0,0.0,108,1,-1
0.0,0.0,73,1,1
0.0,0.0,108,1,-1
0.0,0.0,108,1,-1
0.0,0.0,73,1,1
0.0,0.0,50,1,1
0.0,0.0,108,1,-1
0.0,0.0,50,1,1
0.0,0.0,108,1,-1
0.0,0.0,108,1,-1
0.0,0.0,73,1,1
0.0,0.0,50,1,1
0.0,0.0,108,1,-1
0.0,0.0,50,1,1
0.0,0.0,108,1,-1
0.0,0.0,108,1,-1
0.0,0.0,76,1,1
0.0,0.0,108,1,-1
0.0,0.0,50,1,1
0.0,0.0,108,1,-1
0.0,0.0,108,1,-1
0.0,0.0,73,1,1
0.0,0.0,108,1,-1
-0.000235513,0.000235513,294,2,1
0.0,0.0,108,1,-1
0.0,0.0,77,1,1
0.0,0.0,108,1,-1
0.0,0.0,108,1,-1
0.0,0.0,60,1,1
0.0,0.0,52,1,1
0.0,0.0,108,1,-1
-0.000433617,0.000433617,333,2,1
0.0,0.0,108,1,-1
0.0,0.0,50,1,1
0.0,0.0,108,1,-1
0.0,0.0,108,1,-1
0.0,0.0,108,1,-1
0.0,0.0,108,1,-1
0.0,0.0,73,1,1
0.0,0.0,76,1,1
0.0,0.0,108,1,-1
0.0,0.0,108,1,-1
0.0,0.0,108,1,-1
0.0,0.0,50,1,1
0.0,0.0,50,1,1
0.0,0.0,73,1,1
0.0,0.0,108,1,-1
0.0,0.0,108,1,-1
0.0,0.0,108,1,-1
0.0,0.0,50,1,1
0.0,0.0,73,1,1
0.0,0.0,50,1,1
0.0,0.0,73,1,1
0.0,0.0,50,1,1
0.0,0.0,147,1,1
Clump Interarrival,Clump Duration,Clump Size,Clump Packets,Clump Direction
0.0,0.0,222,1,-1
0.0,0.0,77,1,1
0.0,0.0,173,1,-1
0.0,0.0,77,1,1
0.0,0.0,153,1,-1
-0.000670876,0.000670876,281,2,1
0.0,0.0,108,1,-1
-4.91e-07,4.91e-07,209,2,1
0.0,0.0,108,1,-1
0.0,0.0,73,1,1
0.0,0.0,108,1,-1
0.0,0.0,76,1,1
0.0,0.0,157,1,1
0.0,0.0,108,1,-1
-0.000431624,0.000431624,231,2,1
0.0,0.0,108,1,-1
0.0,0.0,73,1,1
0.0,0.0,108,1,-1
0.0,0.0,73,1,1
0.0,0.0,108,1,-1
-0.000771885,0.000771885,228,2,1
0.0,0.0,108,1,-1
-0.00067152,0.00067152,228,2,1
0.0,0.0,108,1,-1
-0.000613833,0.000613833,232,2,1
0.0,0.0,108,1,-1
-0.000846212,0.000846212,228,2,1
0.0,0.0,108,1,-1
0.0,0.0,73,1,1
0.0,0.0,108,1,-1
0.0,0.0,73,1,1
0.0,0.0,157,1,1
0.0,0.0,108,1,-1
-0.000540999,0.000540999,228,2,1
0.0,0.0,108,1,-1
-0.000285924,0.000285924,232,2,1
0.0,0.0,108,1,-1
0.0,0.0,77,1,1
0.0,0.0,108,1,-1
0.0,0.0,50,1,1
0.0,0.0,108,1,-1
0.0,0.0,54,1,1
0.0,0.0,281,1,1
0.0,0.0,283,1,-1
-0.000931787,0.000931787,409,2,1
0.0,0.0,283,1,-1
0.0,0.0,54,1,1
0.0,0.0,283,1,-1
0.0,0.0,50,1,1
0.0,0.0,122,1,-1
0.0,0.0,54,1,1
0.0,0.0,108,1,-1
0.0,0.0,54,1,1
0.0,0.0,108,1,-1
-0.000172589,0.000172589,230,2,1
0.0,0.0,108,1,-1
-4.71e-07,4.71e-07,230,2,1
0.0,0.0,108,1,-1
0.0,0.0,74,1,1
0.0,0.0,108,1,-1
0.0,0.0,74,1,1
0.0,0.0,159,1,1
0.0,0.0,108,1,-1
0.0,0.0,83,1,1
0.0,0.0,108,1,-1
0.0,0.0,108,1,-1
-6.01e-07,6.01e-07,232,2,1
0.0,0.0,108,1,-1
-0.000949794,0.000949794,228,2,1
0.0,0.0,108,1,-1
0.0,0.0,73,1,1
0.0,0.0,108,1,-1
0.0,0.0,77,1,1
0.0,0.0,222,1,-1
0.0,0.0,128,1,-1
-0.000282953,0.000282953,252,2,1
0.0,0.0,108,1,-1
0.0,0.0,53,1,1
0.0,0.0,157,1,1
0.0,0.0,173,1,-1
0.0,0.0,53,1,1
0.0,0.0,108,1,-1
0.0,0.0,157,1,1
0.0,0.0,149,1,-1
-0.000441662,0.000441662,251,2,1
0.0,0.0,108,1,-1
-0.000512847,0.000512847,208,2,1
0.0,0.0,108,1,-1
-0.000610227,0.000610227,230,2,1
0.0,0.0,108,1,-1
-0.000240514,0.000240514,232,2,1
0.0,0.0,108,1,-1
-0.000194219,0.000194219,205,2,1
0.0,0.0,108,1,-1
-0.000248308,0.000248308,228,2,1
0.0,0.0,108,1,-1
0.0,0.0,50,1,1
0.0,0.0,108,1,-1
-0.000232159,0.000232159,232,2,1
0.0,0.0,108,1,-1
-0.000393306,0.000393306,207,2,1
0.0,0.0,108,1,-1
-0.000752009,0.000752009,232,2,1
0.0,0.0,108,1,-1
-3.5e-07,3.5e-07,205,2,1
0.0,0.0,108,1,-1
-0.00038622,0.00038622,232,2,1
0.0,0.0,108,1,-1
-6.01e-07,6.01e-07,209,2,1
0.0,0.0,108,1,-1
-5.31e-07,5.31e-07,232,2,1
0.0,0.0,108,1,-1
0.0,0.0,54,1,1
0.0,0.0,204,1,1
0.0,0.0,222,1,-1
0.0,0.0,128,1,-1
-0.000405096,0.000405096,460,2,1
0.0,0.0,108,1,-1
0.0,0.0,108,1,-1
0.0,0.0,50,1,1
0.0,0.0,157,1,1
-0.000385221,0.000385221,210,2,1
0.0,0.0,173,1,-1
-0.000617948,0.000617948,366,2,1
0.0,0.0,108,1,-1
0.0,0.0,108,1,-1
-0.000214436,0.000214436,213,2,1
-0.000119323,0.000119323,205,2,1
0.0,0.0,151,1,-1
-0.000379391,0.000379391,279,2,1
0.0,0.0,108,1,-1
-0.000181843,0.000181843,208,2,1
0.0,0.0,108,1,-1
-0.000452813,0.000452813,210,2,1
0.0,0.0,108,1,-1
-0.000663836,0.000663836,206,2,1
0.0,0.0,108,1,-1
0.0,0.0,108,1,-1
-0.000548163,0.000548163,233,2,1
0.0,0.0,108,1,-1
0.0,0.0,60,1,1
-0.000155447,0.000155447,209,2,1
0.0,0.0,108,1,-1
-0.000266098,0.000266098,251,2,1
0.0,0.0,108,1,-1
-0.000578809,0.000578809,207,2,1
0.0,0.0,108,1,-1
-0.000631456,0.000631456,228,2,1
0.0,0.0,108,1,-1
0.0,0.0,108,1,-1
0.0,0.0,50,1,1
-0.000275506,0.000275506,205,2,1
0.0,0.0,108,1,-1
-0.000580272,0.000580272,230,2,1
0.0,0.0,108,1,-1
-5.01e-07,5.01e-07,209,2,1
0.0,0.0,108,1,-1
-0.000749047,0.000749047,209,2,1
0.0,0.0,108,1,-1
-0.000160887,0.000160887,231,2,1
0.0,0.0,108,1,-1
-0.000382102,0.000382102,208,2,1
0.0,0.0,108,1,-1
-7.21e-07,7.21e-07,228,2,1
0.0,0.0,108,1,-1
-0.000166778,0.000166778,210,2,1
0.0,0.0,108,1,-1
-0.000221389,0.000221389,232,2,1
0.0,0.0,108,1,-1
-0.000693243,0.000693243,207,2,1
0.0,0.0,108,1,-1
-0.000240504,0.000240504,207,2,1
0.0,0.0,108,1,-1
0.0,0.0,108,1,-1
-0.000161088,0.000161088,230,2,1
0.0,0.0,53,1,1
0.0,0.0,108,1,-1
0.0,0.0,50,1,1
0.0,0.0,157,1,1
0.0,0.0,108,1,-1
0.0,0.0,73,1,1
0.0,0.0,155,1,1
0.0,0.0,108,1,-1
-0.000254861,0.000254861,209,2,1
0.0,0.0,108,1,-1
-0.000228923,0.000228923,230,2,1
0.0,0.0,108,1,-1
-4.91e-07,4.91e-07,205,2,1
0.0,0.0,108,1,-1
-0.000540836,0.000540836,205,2,1
0.0,0.0,108,1,-1
0.0,0.0,108,1,-1
-0.000568637,0.000568637,230,2,1
-0.000146861,0.000146861,205,2,1
0.0,0.0,108,1,-1
0.0,0.0,53,1,1
0.0,0.0,236,1,1
0.0,0.0,128,1,-1
0.0,0.0,222,1,-1
0.0,0.0,53,1,1
0.0,0.0,108,1,-1
0.0,0.0,108,1,-1
-0.000979078,0.000979078,230,2,1
-0.000610257,0.000610257,207,2,1
0.0,0.0,108,1,-1
-7.71e-07,7.71e-07,207,2,1
0.0,0.0,108,1,-1
-0.000332514,0.000332514,232,2,1
0.0,0.0,108,1,-1
-0.000232389,0.000232389,209,2,1
0.0,0.0,108,1,-1
-0.000402844,0.000402844,207,2,1
0.0,0.0,108,1,-1
0.0,0.0,74,1,1
0.0,0.0,108,1,-1
-0.000710862,0.000710862,205,2,1
0.0,0.0,108,1,-1
-0.000238631,0.000238631,207,2,1
0.0,0.0,108,1,-1
-0.000361127,0.000361127,230,2,1
0.0,0.0,108,1,-1
-0.000733554,0.000733554,213,2,1
0.0,0.0,108,1,-1
-0.000506195,0.000506195,209,2,1
0.0,0.0,108,1,-1
-0.00026019,0.00026019,230,2,1
0.0,0.0,108,1,-1
-6.41e-07,6.41e-07,210,2,1
0.0,0.0,108,1,-1
-5.81e-07,5.81e-07,206,2,1
0.0,0.0,108,1,-1
0.0,0.0,75,1,1
0.0,0.0,159,1,1
0.0,0.0,108,1,-1
0.0,0.0,60,1,1
0.0,0.0,108,1,-1
-0.000434202,0.000434202,251,2,1
0.0,0.0,108,1,-1
0.0,0.0,50,1,1
0.0,0.0,159,1,1
0.0,0.0,108,1,-1
-0.000565321,0.000565321,207,2,1
0.0,0.0,108,1,-1
-0.000868815,0.000868815,228,2,1
0.0,0.0,108,1,-1
-0.000222471,0.000222471,207,2,1
0.0,0.0,108,1,-1
-0.000841865,0.000841865,232,2,1
0.0,0.0,108,1,-1
-0.000466539,0.000466539,205,2,1
0.0,0.0,108,1,-1
-7.62e-07,7.62e-07,207,2,1
0.0,0.0,108,1,-1
0.0,0.0,74,1,1
0.0,0.0,157,1,1
0.0,0.0,108,1,-1
-0.000483072,0.000483072,208,2,1
0.0,0.0,108,1,-1
-0.00033068,0.00033068,209,2,1
0.0,0.0,108,1,-1
-7.81e-07,7.81e-07,232,2,1
0.0,0.0,108,1,-1
-0.000511614,0.000511614,210,2,1
0.0,0.0,108,1,-1
-0.00022171,0.00022171,207,2,1
0.0,0.0,108,1,-1
0.0,0.0,73,1,1
0.0,0.0,108,1,-1
-0.000409656,0.000409656,209,2,1
0.0,0.0,108,1,-1
-0.000212552,0.000212552,232,2,1
0.0,0.0,108,1,-1
-7.31e-07,7.31e-07,208,2,1
0.0,0.0,108,1,-1
-0.000187356,0.000187356,209,2,1
0.0,0.0,108,1,-1
-0.000390899,0.000390899,228,2,1
0.0,0.0,108,1,-1
0.0,0.0,108,1,-1
-0.000519439,0.000519439,209,2,1
-0.000215127,0.000215127,209,2,1
0.0,0.0,108,1,-1
0.0,0.0,73,1,1
0.0,0.0,157,1,1
0.0,0.0,108,1,-1
0.0,0.0,50,1,1
0.0,0.0,155,1,1
0.0,0.0,108,1,-1
0.0,0.0,50,1,1
0.0,0.0,155,1,1
0.0,0.0,108,1,-1
0.0,0.0,73,1,1
0.0,0.0,159,1,1
0.0,0.0,108,1,-1
-0.000298207,0.000298207,209,2,1
0.0,0.0,108,1,-1
-0.000274036,0.000274036,205,2,1
0.0,0.0,108,1,-1
-5.61e-07,5.61e-07,228,2,1
0.0,0.0,108,1,-1
0.0,0.0,108,1,-1
0.0,0.0,50,1,1
-0.000250199,0.000250199,205,2,1
0.0,0.0,108,1,-1
0.0,0.0,73,1,1
0.0,0.0,157,1,1
0.0,0.0,108,1,-1
0.0,0.0,155,1,1
0.0,0.0,108,1,-1
-0.000681148,0.000681148,232,2,1
0.0,0.0,108,1,-1
-0.000582706,0.000582706,205,2,1
0.0,0.0,108,1,-1
-5.41e-07,5.41e-07,230,2,1
0.0,0.0,108,1,-1
-0.000523784,0.000523784,205,2,1
0.0,0.0,108,1,-1
-0.000754965,0.000754965,210,2,1
0.0,0.0,108,1,-1
-0.000511121,0.000511121,233,2,1
0.0,0.0,108,1,-1
0.0,0.0,50,1,1
0.0,0.0,108,1,-1
-6.11e-07,6.11e-07,205,2,1
0.0,0.0,108,1,-1
0.0,0.0,73,1,1
0.0,0.0,108,1,-1
0.0,0.0,50,1,1
0.0,0.0,108,1,-1
-0.000570153,0.000570153,236,2,1
0.0,0.0,108,1,-1
-0.00042225,0.00042225,208,2,1
0.0,0.0,108,1,-1
-0.000133115,0.000133115,207,2,1
0.0,0.0,108,1,-1
-0.000521982,0.000521982,238,2,1
0.0,0.0,108,1,-1
-0.000185313,0.000185313,224,2,1
0.0,0.0,108,1,-1
-0.000448048,0.000448048,207,2,1
0.0,0.0,108,1,-1
-0.000134669,0.000134669,230,2,1
0.0,0.0,108,1,-1
0.0,0.0,50,1,1
0.0,0.0,155,1,1
0.0,0.0,108,1,-1
0.0,0.0,53,1,1
0.0,0.0,108,1,-1
-0.000270236,0.000270236,228,2,1
0.0,0.0,108,1,-1
-0.000462855,0.000462855,207,2,1
0.0,0.0,108,1,-1
0.0,0.0,73,1,1
0.0,0.0,108,1,-1
-0.000273575,0.000273575,208,2,1
0.0,0.0,108,1,-1
-0.000810257,0.000810257,208,2,1
0.0,0.0,108,1,-1
0.0,0.0,74,1,1
0.0,0.0,157,1,1
0.0,0.0,108,1,-1
0.0,0.0,50,1,1
0.0,0.0,159,1,1
0.0,0.0,108,1,-1
-0.000284763,0.000284763,205,2,1
0.0,0.0,108,1,-1
-0.000569181,0.000569181,232,2,1
0.0,0.0,108,1,-1
0.0,0.0,53,1,1
0.0,0.0,157,1,1
0.0,0.0,108,1,-1
-0.00055376,0.00055376,209,2,1
0.0,0.0,108,1,-1
0.0,0.0,108,1,-1
-0.000740107,0.000740107,230,2,1
-9.5717e-05,9.5717e-05,208,2,1
0.0,0.0,108,1,-1
-0.000939966,0.000939966,230,2,1
0.0,0.0,108,1,-1
-6.81e-07,6.81e-07,207,2,1
0.0,0.0,108,1,-1
0.0,0.0,50,1,1
0.0,0.0,159,1,1
0.0,0.0,108,1,-1
0.0,0.0,73,1,1
0.0,0.0,159,1,1
0.0,0.0,108,1,-1
0.0,0.0,108,1,-1
-0.000129789,0.000129789,205,2,1
-0.000187196,0.000187196,205,2,1
0.0,0.0,108,1,-1
-0.000143665,0.000143665,228,2,1
0.0,0.0,108,1,-1
-0.000589519,0.000589519,207,2,1
0.0,0.0,108,1,-1
0.0,0.0,50,1,1
0.0,0.0,108,1,1
0.0,0.0,108,1,-1
-0.00034138,0.00034138,232,2,1
0.0,0.0,108,1,-1
-0.000376505,0.000376505,209,2,1
0.0,0.0,108,1,-1
0.0,0.0,50,1,1
0.0,0.0,155,1,1
0.0,0.0,108,1,-1
0.0,0.0,108,1,-1
-0.000993555,0.000993555,232,2,1
0.0,0.0,108,1,-1
0.0,0.0,50,1,1
0.0,0.0,155,1,1
0.0,0.0,50,1,1
0.0,0.0,159,1,1
0.0,0.0,108,1,-1
-0.00048199,0.00048199,228,2,1
0.0,0.0,108,1,-1
0.0,0.0,108,1,-1
-7.71e-07,7.71e-07,207,2,1
-5.81e-07,5.81e-07,232,2,1
0.0,0.0,108,1,-1
0.0,0.0,108,1,-1
-0.000630875,0.000630875,205,2,1
0.0,0.0,108,1,-1
-0.000697495,0.000697495,205,2,1
-0.000767607,0.000767607,181,2,1
0.0,0.0,108,1,-1
0.0,0.0,108,1,-1
-6.52e-07,6.52e-07,205,2,1
-0.000114091,0.000114091,230,2,1
0.0,0.0,108,1,-1
-6.11e-07,6.11e-07,205,2,1
0.0,0.0,108,1,-1
0.0,0.0,108,1,-1
-0.000924317,0.000924317,288,2,1
0.0,0.0,108,1,-1
-0.000386156,0.000386156,208,2,1
0.0,0.0,52,1,1
0.0,0.0,108,1,-1
0.0,0.0,108,1,-1
-0.000477251,0.000477251,238,2,1
-0.000259279,0.000259279,226,2,1
0.0,0.0,108,1,-1
0.0,0.0,108,1,-1
0.0,0.0,77,1,1
0.0,0.0,159,1,1
0.0,0.0,50,1,1
0.0,0.0,108,1,-1
0.0,0.0,108,1,-1
0.0,0.0,73,1,1
-0.000191324,0.000191324,207,2,1
0.0,0.0,108,1,-1
0.0,0.0,108,1,-1
-0.000369179,0.000369179,228,2,1
-0.00045642,0.00045642,205,2,1
0.0,0.0,108,1,-1
0.0,0.0,108,1,-1
-0.00033166,0.00033166,228,2,1
0.0,0.0,50,1,1
0.0,0.0,157,1,1
0.0,0.0,108,1,-1
0.0,0.0,108,1,-1
-0.000292126,0.000292126,123,2,1
0.0,0.0,108,1,-1
0.0,0.0,108,1,-1
-0.000861,0.000861,231,2,1
-0.00075281,0.00075281,208,2,1
0.0,0.0,108,1,-1
-0.000206762,0.000206762,233,2,1
0.0,0.0,108,1,-1
-0.000966785,0.000966785,209,2,1
0.0,0.0,108,1,-1
-0.00094741,0.00094741,231,2,1
0.0,0.0,108,1,-1
0.0,0.0,108,1,-1
-0.000408434,0.000408434,232,2,1
0.0,0.0,108,1,-1
-0.000174092,0.000174092,232,2,1
0.0,0.0,108,1,-1
-0.000649316,0.000649316,228,2,1
0.0,0.0,108,1,-1
-0.000506933,0.000506933,228,2,1
0.0,0.0,108,1,-1
0.0,0.0,73,1,1
0.0,0.0,155,1,1
0.0,0.0,108,1,-1
0.0,0.0,73,1,1
0.0,0.0,108,1,-1
-6.41e-07,6.41e-07,232,2,1
0.0,0.0,108,1,-1
0.0,0.0,108,1,-1
-5.11e-07,5.11e-07,232,2,1
0.0,0.0,108,1,-1
-0.000131693,0.000131693,230,2,1
0.0,0.0,108,1,-1
-0.000255892,0.000255892,228,2,1
0.0,0.0,108,1,-1
-0.000146608,0.000146608,232,2,1
0.0,0.0,108,1,-1
-0.000666431,0.000666431,230,2,1
0.0,0.0,108,1,-1
-6.01e-07,6.01e-07,230,2,1
0.0,0.0,108,1,-1
-0.000243329,0.000243329,228,2,1
0.0,0.0,108,1,-1
-0.00052709,0.00052709,232,2,1
0.0,0.0,108,1,-1
0.0,0.0,74,1,1
0.0,0.0,108,1,-1
-0.000586112,0.000586112,232,2,1
0.0,0.0,108,1,-1
0.0,0.0,100,1,1
0.0,0.0,108,1,-1
0.0,0.0,73,1,1
0.0,0.0,108,1,-1
0.0,0.0,73,1,1
0.0,0.0,108,1,-1
0.0,0.0,73,1,1
0.0,0.0,108,1,-1
-4.31e-07,4.31e-07,287,2,1
Clump Interarrival,Clump Duration,Clump Size,Clump Packets,Clump Direction
0.0,0.0,222,1,-1
0.0,0.0,77,1,1
0.0,0.0,173,1,-1
0.0,0.0,73,1,1
0.0,0.0,289,1,1
0.0,0.0,153,1,-1
0.0,0.0,77,1,1
0.0,0.0,202,1,1
0.0,0.0,108,1,-1
-0.000946747,0.000946747,208,2,1
0.0,0.0,108,1,-1
-0.000391303,0.000391303,232,2,1
0.0,0.0,108,1,-1
-0.000740642,0.000740642,232,2,1
0.0,0.0,108,1,-1
0.0,0.0,73,1,1
0.0,0.0,108,1,-1
0.0,0.0,73,1,1
0.0,0.0,155,1,1
0.0,0.0,108,1,-1
-0.000619581,0.000619581,228,2,1
0.0,0.0,108,1,-1
-0.000420928,0.000420928,233,2,1
0.0,0.0,108,1,-1
0.0,0.0,73,1,1
0.0,0.0,157,1,1
0.0,0.0,108,1,-1
-0.000808597,0.000808597,230,2,1
0.0,0.0,108,1,-1
0.0,0.0,73,1,1
0.0,0.0,108,1,-1
0.0,0.0,73,1,1
0.0,0.0,155,1,1
0.0,0.0,108,1,-1
-0.000920138,0.000920138,230,2,1
0.0,0.0,108,1,-1
0.0,0.0,73,1,1
0.0,0.0,159,1,1
0.0,0.0,108,1,-1
0.0,0.0,73,1,1
0.0,0.0,108,1,-1
0.0,0.0,108,1,-1
0.0,0.0,73,1,1
0.0,0.0,108,1,-1
0.0,0.0,77,1,1
0.0,0.0,108,1,-1
0.0,0.0,54,1,1
0.0,0.0,326,1,1
0.0,0.0,108,1,-1
0.0,0.0,57,1,1
0.0,0.0,322,1,1
0.0,0.0,283,1,-1
0.0,0.0,81,1,1
0.0,0.0,332,1,1
0.0,0.0,283,1,-1
0.0,0.0,73,1,1
0.0,0.0,332,1,1
0.0,0.0,283,1,-1
0.0,0.0,50,1,1
0.0,0.0,122,1,-1
0.0,0.0,54,1,1
0.0,0.0,171,1,1
0.0,0.0,108,1,-1
0.0,0.0,50,1,1
0.0,0.0,108,1,-1
-0.000537421,0.000537421,228,2,1
0.0,0.0,108,1,-1
0.0,0.0,73,1,1
0.0,0.0,155,1,1
0.0,0.0,108,1,-1
0.0,0.0,77,1,1
0.0,0.0,108,1,-1
-0.000768092,0.000768092,228,2,1
0.0,0.0,108,1,-1
0.0,0.0,73,1,1
0.0,0.0,108,1,-1
-6.01e-07,6.01e-07,230,2,1
0.0,0.0,108,1,-1
-0.000217317,0.000217317,228,2,1
0.0,0.0,108,1,-1
-5.91e-07,5.91e-07,232,2,1
0.0,0.0,108,1,-1
-0.000925869,0.000925869,230,2,1
0.0,0.0,108,1,-1
-0.000301891,0.000301891,280,2,1
0.0,0.0,222,1,-1
0.0,0.0,128,1,-1
0.0,0.0,53,1,1
0.0,0.0,54,1,1
0.0,0.0,173,1,-1
0.0,0.0,128,1,-1
-7.51e-07,7.51e-07,305,3,1
0.0,0.0,108,1,-1
0.0,0.0,50,1,1
0.0,0.0,159,1,1
0.0,0.0,153,1,-1
0.0,0.0,108,1,-1
-7.41e-07,7.41e-07,281,2,1
0.0,0.0,283,1,-1
-0.000215804,0.000215804,210,2,1
0.0,0.0,54,1,1
0.0,0.0,206,1,-1
-0.000185709,0.000185709,308,2,1
0.0,0.0,108,1,-1
-0.000619271,0.000619271,207,2,1
0.0,0.0,79,1,-1
0.0,0.0,108,1,-1
-9.82e-07,9.82e-07,279,2,1
-5.41e-07,5.41e-07,208,2,1
-0.000659704,0.000659704,244,2,1
0.0,0.0,83,1,-1
0.0,0.0,92,1,-1
0.0,0.0,92,1,-1
0.0,0.0,53,1,1
0.0,0.0,108,1,-1
-0.000578126,0.000578126,153,2,1
0.0,0.0,66,1,-1
0.0,0.0,189,1,1
0.0,0.0,53,1,1
0.0,0.0,66,1,-1
0.0,0.0,53,1,1
-0.000553982,0.000553982,258,2,1
-0.000168568,0.000168568,136,2,-1
-0.000213751,0.000213751,317,2,1
0.0,0.0,80,1,1
0.0,0.0,100,1,1
0.0,0.0,53,1,1
0.0,0.0,244,1,1
-0.000601077,0.000601077,294,2,1
-0.000156626,0.000156626,140,2,-1
-5.21e-07,5.21e-07,178,2,1
-0.00127628,0.00127628,568,4,1
0.0,0.0,90,1,-1
0.0,0.0,90,1,-1
-0.000907816,0.000907816,198,2,-1
-0.000777379,0.000777379,212,3,-1
0.0,0.0,53,1,1
-0.002295331,0.002295331,351,5,-1
-0.000180449,0.000180449,206,2,1
0.0,0.0,53,1,1
0.0,0.0,54,1,1
-0.000176762,0.000176762,439,3,1
0.0,0.0,50,1,1
-5.41e-07,5.41e-07,565,2,1
-0.000102417,0.000102417,103,2,1
-0.000223418,0.000223418,169,2,1
-4.41e-07,4.41e-07,106,2,1
0.0,0.0,53,1,1
0.0,0.0,136,1,1
-7.61e-07,7.61e-07,307,2,1
0.0,0.0,108,1,-1
0.0,0.0,54,1,1
-1.052e-06,1.052e-06,108,2,1
0.0,0.0,108,1,-1
0.0,0.0,80,1,-1
-8.32e-07,8.32e-07,218,2,1
-0.000102177,0.000102177,236,2,1
0.0,0.0,85,1,-1
-0.000360894,0.000360894,237,2,1
-0.00028502,0.00028502,277,2,1
-0.000699196,0.000699196,273,2,1
0.0,0.0,72,1,-1
0.0,0.0,108,1,-1
0.0,0.0,54,1,1
-0.000402074,0.000402074,230,2,1
-0.000387409,0.000387409,243,2,1
0.0,0.0,108,1,-1
0.0,0.0,73,1,1
0.0,0.0,159,1,1
0.0,0.0,108,1,-1
-6.61e-07,6.61e-07,205,2,1
0.0,0.0,108,1,-1
0.0,0.0,50,1,1
0.0,0.0,108,1,-1
0.0,0.0,73,1,1
0.0,0.0,155,1,1
0.0,0.0,108,1,-1
0.0,0.0,73,1,1
0.0,0.0,157,1,1
0.0,0.0,108,1,-1
-0.000514775,0.000514775,205,2,1
0.0,0.0,108,1,-1
-0.000417487,0.000417487,232,2,1
0.0,0.0,108,1,-1
-0.000765895,0.000765895,209,2,1
0.0,0.0,108,1,-1
-0.000489149,0.000489149,228,2,1
0.0,0.0,108,1,-1
-0.000509491,0.000509491,207,2,1
0.0,0.0,108,1,-1
-0.000847195,0.000847195,228,2,1
0.0,0.0,108,1,-1
0.0,0.0,73,1,1
0.0,0.0,108,1,-1
0.0,0.0,50,1,1
0.0,0.0,108,1,-1
-6.32e-07,6.32e-07,230,2,1
0.0,0.0,108,1,-1
-0.000468435,0.000468435,207,2,1
0.0,0.0,108,1,-1
-0.000907357,0.000907357,228,2,1
0.0,0.0,108,1,-1
0.0,0.0,50,1,1
0.0,0.0,159,1,1
0.0,0.0,108,1,-1
0.0,0.0,73,1,1
0.0,0.0,157,1,1
0.0,0.0,108,1,-1
0.0,0.0,50,1,1
0.0,0.0,108,1,-1
0.0,0.0,73,1,1
0.0,0.0,157,1,1
0.0,0.0,108,1,-1
0.0,0.0,50,1,1
0.0,0.0,108,1,-1
0.0,0.0,73,1,1
0.0,0.0,155,1,1
0.0,0.0,108,1,-1
-0.000325657,0.000325657,205,2,1
0.0,0.0,108,1,-1
-0.000913317,0.000913317,228,2,1
0.0,0.0,108,1,-1
0.0,0.0,50,1,1
0.0,0.0,108,1,-1
-0.000723769,0.000723769,277,2,1
0.0,0.0,128,1,-1
0.0,0.0,222,1,-1
0.0,0.0,54,1,1
0.0,0.0,108,1,-1
0.0,0.0,108,1,-1
0.0,0.0,50,1,1
-6.12e-07,6.12e-07,462,2,1
0.0,0.0,173,1,-1
0.0,0.0,108,1,-1
0.0,0.0,108,1,-1
-0.000185549,0.000185549,206,2,1
-0.000177665,0.000177665,163,2,1
-0.000357898,0.000357898,341,2,1
0.0,0.0,149,1,-1
0.0,0.0,108,1,-1
0.0,0.0,108,1,-1
-0.000578186,0.000578186,257,2,1
-0.0002188,0.0002188,251,2,1
0.0,0.0,283,1,-1
0.0,0.0,73,1,1
-8.21e-07,8.21e-07,386,2,1
0.0,0.0,120,1,-1
0.0,0.0,53,1,1
0.0,0.0,108,1,-1
-5.21e-07,5.21e-07,207,2,1
0.0,0.0,108,1,-1
0.0,0.0,108,1,-1
0.0,0.0,108,1,-1
0.0,0.0,53,1,1
0.0,0.0,108,1,-1
0.0,0.0,108,1,-1
-0.000905093,0.000905093,228,2,1
0.0,0.0,51,1,1
0.0,0.0,108,1,-1
-0.000269132,0.000269132,209,2,1
0.0,0.0,108,1,-1
0.0,0.0,108,1,-1
-4.41e-07,4.41e-07,232,2,1
-0.00028443,0.00028443,209,2,1
0.0,0.0,108,1,-1
0.0,0.0,50,1,1
0.0,0.0,108,1,-1
0.0,0.0,108,1,-1
-0.000543132,0.000543132,232,2,1
0.0,0.0,50,1,1
0.0,0.0,108,1,-1
-0.000243865,0.000243865,232,2,1
0.0,0.0,108,1,-1
0.0,0.0,108,1,-1
0.0,0.0,50,1,1
-0.000276477,0.000276477,205,2,1
0.0,0.0,108,1,-1
-0.000998194,0.000998194,228,2,1
0.0,0.0,108,1,-1
0.0,0.0,108,1,-1
0.0,0.0,50,1,1
-2.81e-07,2.81e-07,205,2,1
0.0,0.0,108,1,-1
-0.00028951,0.00028951,232,2,1
0.0,0.0,108,1,-1
0.0,0.0,108,1,-1
0.0,0.0,51,1,1
0.0,0.0,155,1,1
0.0,0.0,108,1,-1
-0.000824628,0.000824628,228,2,1
0.0,0.0,108,1,-1
0.0,0.0,108,1,-1
-0.000164741,0.000164741,209,2,1
-6.31e-07,6.31e-07,205,2,1
0.0,0.0,108,1,-1
0.0,0.0,73,1,1
0.0,0.0,157,1,1
0.0,0.0,108,1,-1
0.0,0.0,108,1,-1
-0.000692755,0.000692755,209,2,1
0.0,0.0,50,1,1
0.0,0.0,155,1,1
0.0,0.0,108,1,-1
-5.31e-07,5.31e-07,231,2,1
0.0,0.0,108,1,-1
0.0,0.0,108,1,-1
-0.000295269,0.000295269,207,2,1
-6.11e-07,6.11e-07,209,2,1
0.0,0.0,108,1,-1
0.0,0.0,73,1,1
0.0,0.0,108,1,-1
0.0,0.0,108,1,-1
-0.000166905,0.000166905,207,2,1
-0.000452586,0.000452586,207,2,1
0.0,0.0,108,1,-1
0.0,0.0,73,1,1
0.0,0.0,159,1,1
0.0,0.0,108,1,-1
-0.000729192,0.000729192,231,2,1
0.0,0.0,108,1,-1
-0.000378534,0.000378534,208,2,1
0.0,0.0,108,1,-1
0.0,0.0,50,1,1
0.0,0.0,108,1,-1
-0.000683189,0.000683189,228,2,1
0.0,0.0,108,1,-1
-0.000428382,0.000428382,210,2,1
0.0,0.0,108,1,-1
0.0,0.0,52,1,1
0.0,0.0,108,1,-1
0.0,0.0,77,1,1
0.0,0.0,108,1,-1
0.0,0.0,108,1,-1
-0.000930852,0.000930852,230,2,1
0.0,0.0,108,1,-1
0.0,0.0,50,1,1
0.0,0.0,108,1,-1
0.0,0.0,50,1,1
0.0,0.0,159,1,1
0.0,0.0,108,1,-1
-0.000199514,0.000199514,230,2,1
0.0,0.0,108,1,-1
-0.00047668,0.00047668,207,2,1
0.0,0.0,108,1,-1
-0.000237304,0.000237304,210,2,1
0.0,0.0,108,1,-1
0.0,0.0,73,1,1
0.0,0.0,157,1,1
0.0,0.0,108,1,-1
-0.000162597,0.000162597,207,2,1
0.0,0.0,108,1,-1
-7.62e-07,7.62e-07,208,2,1
0.0,0.0,108,1,-1
-0.00082854,0.00082854,236,2,1
0.0,0.0,108,1,-1
-7.12e-07,7.12e-07,208,2,1
0.0,0.0,108,1,-1
0.0,0.0,50,1,1
0.0,0.0,108,1,-1
-0.000292514,0.000292514,228,2,1
0.0,0.0,108,1,-1
-0.000214973,0.000214973,209,2,1
0.0,0.0,108,1,-1
-0.000578206,0.000578206,205,2,1
0.0,0.0,108,1,-1
-0.000552539,0.000552539,232,2,1
0.0,0.0,108,1,-1
-6.41e-07,6.41e-07,161,2,1
0.0,0.0,108,1,-1
-0.000268521,0.000268521,232,2,1
0.0,0.0,108,1,-1
0.0,0.0,50,1,1
0.0,0.0,108,1,-1
-0.000715266,0.000715266,232,2,1
0.0,0.0,108,1,-1
0.0,0.0,51,1,1
0.0,0.0,155,1,1
0.0,0.0,108,1,-1
-0.000375848,0.000375848,205,2,1
0.0,0.0,108,1,-1
0.0,0.0,73,1,1
0.0,0.0,108,1,-1
-6.12e-07,6.12e-07,207,2,1
0.0,0.0,108,1,-1
0.0,0.0,50,1,1
0.0,0.0,157,1,1
0.0,0.0,108,1,-1
-0.000783971,0.000783971,232,2,1
0.0,0.0,108,1,-1
-0.00090914,0.00090914,207,2,1
0.0,0.0,108,1,-1
-6.62e-07,6.62e-07,207,2,1
0.0,0.0,108,1,-1
0.0,0.0,73,1,1
0.0,0.0,157,1,1
0.0,0.0,108,1,-1
0.0,0.0,50,1,1
0.0,0.0,108,1,-1
0.0,0.0,73,1,1
0.0,0.0,159,1,1
0.0,0.0,108,1,-1
0.0,0.0,50,1,1
0.0,0.0,108,1,-1
0.0,0.0,108,1,-1
-0.000608912,0.000608912,230,2,1
0.0,0.0,108,1,-1
-0.000300701,0.000300701,205,2,1
0.0,0.0,108,1,-1
0.0,0.0,108,1,-1
0.0,0.0,73,1,1
-7e-08,7e-08,209,2,1
0.0,0.0,108,1,-1
-0.000356261,0.000356261,268,2,1
0.0,0.0,108,1,-1
0.0,0.0,108,1,-1
-1.092e-06,1.092e-06,228,2,1
-0.000548787,0.000548787,205,2,1
0.0,0.0,108,1,-1
0.0,0.0,108,1,-1
-0.00047512,0.00047512,232,2,1
0.0,0.0,51,1,1
0.0,0.0,155,1,1
0.0,0.0,108,1,-1
0.0,0.0,108,1,-1
0.0,0.0,76,1,1
0.0,0.0,108,1,-1
0.0,0.0,108,1,-1
-0.000721859,0.000721859,255,2,1
0.0,0.0,54,1,1
0.0,0.0,157,1,1
0.0,0.0,108,1,-1
0.0,0.0,108,1,-1
0.0,0.0,73,1,1
-0.000107918,0.000107918,209,2,1
0.0,0.0,108,1,-1
0.0,0.0,108,1,-1
-7.22e-07,7.22e-07,230,2,1
-6.61e-07,6.61e-07,207,2,1
0.0,0.0,108,1,-1
0.0,0.0,71,1,-1
0.0,0.0,77,1,1
0.0,0.0,108,1,-1
0.0,0.0,189,1,1
-0.000308034,0.000308034,206,2,1
0.0,0.0,50,1,1
0.0,0.0,157,1,1
0.0,0.0,54,1,1
0.0,0.0,263,1,1
0.0,0.0,108,1,-1
0.0,0.0,108,1,-1
-0.000786862,0.000786862,236,2,1
-6.41e-07,6.41e-07,209,2,1
0.0,0.0,108,1,-1
0.0,0.0,108,1,-1
0.0,0.0,76,1,1
0.0,0.0,155,1,1
-0.000863888,0.000863888,209,2,1
0.0,0.0,108,1,-1
0.0,0.0,108,1,-1
-0.000866443,0.000866443,232,2,1
-0.000384001,0.000384001,205,2,1
0.0,0.0,108,1,-1
0.0,0.0,108,1,-1
0.0,0.0,73,1,1
0.0,0.0,155,1,1
-0.000199544,0.000199544,207,2,1
0.0,0.0,108,1,-1
0.0,0.0,108,1,-1
-3.61e-07,3.61e-07,232,2,1
-0.000335923,0.000335923,158,2,-1
0.0,0.0,50,1,1
0.0,0.0,79,1,-1
0.0,0.0,54,1,1
-0.000487311,0.000487311,404,2,1
0.0,0.0,54,1,1
0.0,0.0,108,1,-1
-0.000705258,0.000705258,230,2,1
0.0,0.0,108,1,-1
-0.000997922,0.000997922,207,2,1
0.0,0.0,108,1,-1
0.0,0.0,74,1,1
0.0,0.0,214,1,1
0.0,0.0,108,1,-1
0.0,0.0,50,1,1
0.0,0.0,108,1,-1
-0.000299376,0.000299376,228,2,1
0.0,0.0,108,1,-1
-0.000238726,0.000238726,230,2,1
0.0,0.0,108,1,-1
-0.000583741,0.000583741,230,2,1
0.0,0.0,108,1,-1
-0.000329594,0.000329594,230,2,1
0.0,0.0,108,1,-1
0.0,0.0,73,1,1
0.0,0.0,108,1,-1
0.0,0.0,73,1,1
0.0,0.0,108,1,-1
0.0,0.0,73,1,1
0.0,0.0,155,1,1
0.0,0.0,108,1,-1
0.0,0.0,73,1,1
0.0,0.0,108,1,-1
0.0,0.0,74,1,1
0.0,0.0,108,1,-1
-0.000850524,0.000850524,231,2,1
0.0,0.0,108,1,-1
-5.92e-07,5.92e-07,255,2,1
0.0,0.0,108,1,-1
-0.000290701,0.000290701,232,2,1
0.0,0.0,108,1,-1
0.0,0.0,76,1,1
0.0,0.0,157,1,1
0.0,0.0,108,1,-1
0.0,0.0,73,1,1
0.0,0.0,157,1,1
0.0,0.0,108,1,-1
-0.000300827,0.000300827,232,2,1
0.0,0.0,108,1,-1
-6.91e-07,6.91e-07,230,2,1
0.0,0.0,108,1,-1
0.0,0.0,73,1,1
0.0,0.0,108,1,-1
-0.000205586,0.000205586,292,2,1
Clump Interarrival,Clump Duration,Clump Size,Clump Packets,Clump Direction
0.0,0.0,222,1,-1
0.0,0.0,77,1,1
0.0,0.0,387,1,1
0.0,0.0,173,1,-1
0.0,0.0,50,1,1
0.0,0.0,284,1,1
0.0,0.0,153,1,-1
0.0,0.0,77,1,1
0.0,0.0,108,1,-1
0.0,0.0,77,1,1
0.0,0.0,108,1,-1
0.0,0.0,73,1,1
0.0,0.0,108,1,-1
0.0,0.0,73,1,1
0.0,0.0,108,1,-1
0.0,0.0,76,1,1
0.0,0.0,108,1,-1
0.0,0.0,73,1,1
0.0,0.0,108,1,-1
0.0,0.0,76,1,1
0.0,0.0,108,1,-1
0.0,0.0,73,1,1
0.0,0.0,108,1,-1
0.0,0.0,73,1,1
0.0,0.0,108,1,-1
0.0,0.0,73,1,1
0.0,0.0,108,1,-1
0.0,0.0,73,1,1
0.0,0.0,108,1,-1
0.0,0.0,73,1,1
0.0,0.0,108,1,-1
0.0,0.0,73,1,1
0.0,0.0,108,1,-1
0.0,0.0,76,1,1
0.0,0.0,108,1,-1
0.0,0.0,53,1,1
0.0,0.0,108,1,-1
0.0,0.0,50,1,1
0.0,0.0,108,1,-1
0.0,0.0,54,1,1
0.0,0.0,283,1,-1
0.0,0.0,77,1,1
0.0,0.0,283,1,-1
0.0,0.0,54,1,1
0.0,0.0,283,1,-1
0.0,0.0,50,1,1
0.0,0.0,122,1,-1
0.0,0.0,53,1,1
0.0,0.0,122,1,-1
0.0,0.0,77,1,1
0.0,0.0,108,1,-1
0.0,0.0,50,1,1
0.0,0.0,108,1,-1
0.0,0.0,73,1,1
0.0,0.0,108,1,-1
0.0,0.0,73,1,1
0.0,0.0,108,1,-1
0.0,0.0,73,1,1
0.0,0.0,108,1,-1
0.0,0.0,74,1,1
0.0,0.0,108,1,-1
0.0,0.0,75,1,1
0.0,0.0,108,1,-1
0.0,0.0,83,1,1
0.0,0.0,108,1,-1
0.0,0.0,92,1,1
0.0,0.0,108,1,-1
0.0,0.0,73,1,1
0.0,0.0,157,1,1
0.0,0.0,108,1,-1
0.0,0.0,73,1,1
0.0,0.0,108,1,-1
0.0,0.0,77,1,1
0.0,0.0,222,1,-1
0.0,0.0,128,1,-1
0.0,0.0,77,1,1
0.0,0.0,108,1,-1
0.0,0.0,54,1,1
0.0,0.0,381,1,1
0.0,0.0,50,1,1
0.0,0.0,173,1,-1
0.0,0.0,108,1,-1
0.0,0.0,73,1,1
0.0,0.0,54,1,1
0.0,0.0,149,1,-1
0.0,0.0,108,1,-1
0.0,0.0,77,1,1
0.0,0.0,53,1,1
0.0,0.0,283,1,-1
0.0,0.0,50,1,1
0.0,0.0,120,1,-1
0.0,0.0,53,1,1
0.0,0.0,108,1,-1
0.0,0.0,53,1,1
0.0,0.0,108,1,-1
0.0,0.0,73,1,1
0.0,0.0,108,1,-1
0.0,0.0,53,1,1
0.0,0.0,108,1,-1
0.0,0.0,73,1,1
0.0,0.0,108,1,-1
0.0,0.0,50,1,1
0.0,0.0,108,1,-1
0.0,0.0,73,1,1
0.0,0.0,108,1,-1
0.0,0.0,73,1,1
0.0,0.0,108,1,-1
0.0,0.0,50,1,1
0.0,0.0,108,1,-1
0.0,0.0,73,1,1
0.0,0.0,108,1,-1
0.0,0.0,50,1,1
0.0,0.0,108,1,-1
0.0,0.0,73,1,1
0.0,0.0,108,1,-1
0.0,0.0,50,1,1
0.0,0.0,108,1,-1
0.0,0.0,73,1,1
0.0,0.0,108,1,-1
0.0,0.0,50,1,1
0.0,0.0,108,1,-1
0.0,0.0,73,1,1
0.0,0.0,108,1,-1
0.0,0.0,50,1,1
0.0,0.0,108,1,-1
0.0,0.0,73,1,1
0.0,0.0,108,1,-1
0.0,0.0,50,1,1
0.0,0.0,108,1,-1
0.0,0.0,76,1,1
0.0,0.0,108,1,-1
0.0,0.0,50,1,1
0.0,0.0,128,1,-1
0.0,0.0,222,1,-1
0.0,0.0,73,1,1
0.0,0.0,108,1,-1
0.0,0.0,108,1,-1
0.0,0.0,51,1,1
0.0,0.0,173,1,-1
0.0,0.0,108,1,-1
0.0,0.0,83,1,1
0.0,0.0,52,1,1
0.0,0.0,108,1,-1
0.0,0.0,149,1,-1
0.0,0.0,108,1,-1
-3.61e-07,3.61e-07,143,2,1
0.0,0.0,108,1,-1
0.0,0.0,108,1,-1
0.0,0.0,50,1,1
0.0,0.0,50,1,1
0.0,0.0,108,1,-1
0.0,0.0,73,1,1
0.0,0.0,108,1,-1
0.0,0.0,108,1,-1
0.0,0.0,50,1,1
0.0,0.0,50,1,1
0.0,0.0,108,1,-1
0.0,0.0,73,1,1
0.0,0.0,108,1,-1
0.0,0.0,108,1,-1
0.0,0.0,50,1,1
0.0,0.0,50,1,1
0.0,0.0,108,1,-1
0.0,0.0,73,1,1
0.0,0.0,108,1,-1
0.0,0.0,108,1,-1
0.0,0.0,50,1,1
0.0,0.0,50,1,1
0.0,0.0,108,1,-1
0.0,0.0,77,1,1
0.0,0.0,108,1,-1
0.0,0.0,108,1,-1
0.0,0.0,74,1,1
0.0,0.0,50,1,1
0.0,0.0,108,1,-1
0.0,0.0,108,1,-1
0.0,0.0,108,1,-1
0.0,0.0,73,1,1
0.0,0.0,50,1,1
0.0,0.0,108,1,-1
0.0,0.0,53,1,1
0.0,0.0,108,1,-1
0.0,0.0,108,1,-1
0.0,0.0,73,1,1
0.0,0.0,50,1,1
0.0,0.0,108,1,-1
0.0,0.0,73,1,1
0.0,0.0,108,1,-1
0.0,0.0,108,1,-1
0.0,0.0,53,1,1
0.0,0.0,155,1,1
0.0,0.0,50,1,1
0.0,0.0,108,1,-1
0.0,0.0,73,1,1
0.0,0.0,108,1,-1
0.0,0.0,108,1,-1
0.0,0.0,50,1,1
0.0,0.0,50,1,1
0.0,0.0,108,1,-1
0.0,0.0,73,1,1
0.0,0.0,108,1,-1
0.0,0.0,108,1,-1
0.0,0.0,50,1,1
0.0,0.0,50,1,1
0.0,0.0,108,1,-1
0.0,0.0,73,1,1
0.0,0.0,108,1,-1
0.0,0.0,108,1,-1
0.0,0.0,50,1,1
0.0,0.0,50,1,1
0.0,0.0,108,1,-1
0.0,0.0,73,1,1
0.0,0.0,108,1,-1
0.0,0.0,108,1,-1
0.0,0.0,50,1,1
0.0,0.0,50,1,1
0.0,0.0,108,1,-1
0.0,0.0,73,1,1
0.0,0.0,108,1,-1
0.0,0.0,108,1,-1
0.0,0.0,50,1,1
0.0,0.0,50,1,1
0.0,0.0,108,1,-1
0.0,0.0,73,1,1
0.0,0.0,108,1,-1
0.0,0.0,108,1,-1
0.0,0.0,51,1,1
0.0,0.0,51,1,1
0.0,0.0,108,1,-1
0.0,0.0,74,1,1
0.0,0.0,108,1,-1
0.0,0.0,108,1,-1
0.0,0.0,58,1,1
0.0,0.0,155,1,1
0.0,0.0,108,1,-1
0.0,0.0,75,1,1
0.0,0.0,157,1,1
0.0,0.0,108,1,-1
0.0,0.0,108,1,-1
0.0,0.0,52,1,1
0.0,0.0,69,1,1
0.0,0.0,108,1,-1
0.0,0.0,73,1,1
0.0,0.0,108,1,-1
0.0,0.0,108,1,-1
0.0,0.0,73,1,1
0.0,0.0,50,1,1
0.0,0.0,108,1,-1
0.0,0.0,50,1,1
0.0,0.0,108,1,-1
0.0,0.0,108,1,-1
0.0,0.0,73,1,1
0.0,0.0,50,1,1
0.0,0.0,108,1,-1
0.0,0.0,50,1,1
0.0,0.0,108,1,-1
0.0,0.0,108,1,-1
0.0,0.0,155,1,1
0.0,0.0,51,1,1
0.0,0.0,108,1,-1
0.0,0.0,50,1,1
0.0,0.0,108,1,-1
0.0,0.0,108,1,-1
0.0,0.0,73,1,1
0.0,0.0,50,1,1
0.0,0.0,108,1,-1
0.0,0.0,54,1,1
0.0,0.0,108,1,-1
0.0,0.0,108,1,-1
0.0,0.0,73,1,1
0.0,0.0,50,1,1
0.0,0.0,108,1,-1
0.0,0.0,50,1,1
0.0,0.0,108,1,-1
0.0,0.0,108,1,-1
0.0,0.0,73,1,1
-5.21e-07,5.21e-07,209,2,1
0.0,0.0,108,1,-1
0.0,0.0,50,1,1
0.0,0.0,108,1,-1
0.0,0.0,108,1,-1
0.0,0.0,74,1,1
0.0,0.0,50,1,1
0.0,0.0,108,1,-1
0.0,0.0,76,1,1
0.0,0.0,108,1,-1
0.0,0.0,108,1,-1
0.0,0.0,50,1,1
0.0,0.0,53,1,1
0.0,0.0,155,1,1
0.0,0.0,108,1,-1
0.0,0.0,73,1,1
0.0,0.0,108,1,-1
0.0,0.0,108,1,-1
0.0,0.0,50,1,1
0.0,0.0,50,1,1
0.0,0.0,108,1,-1
0.0,0.0,73,1,1
0.0,0.0,108,1,-1
0.0,0.0,108,1,-1
0.0,0.0,50,1,1
0.0,0.0,50,1,1
0.0,0.0,108,1,-1
0.0,0.0,73,1,1
0.0,0.0,108,1,-1
0.0,0.0,108,1,-1
0.0,0.0,50,1,1
0.0,0.0,50,1,1
0.0,0.0,108,1,-1
0.0,0.0,73,1,1
0.0,0.0,108,1,-1
0.0,0.0,108,1,-1
0.0,0.0,50,1,1
0.0,0.0,73,1,1
0.0,0.0,108,1,-1
0.0,0.0,50,1,1
0.0,0.0,108,1,-1
0.0,0.0,108,1,-1
0.0,0.0,73,1,1
0.0,0.0,50,1,1
0.0,0.0,108,1,-1
0.0,0.0,51,1,1
0.0,0.0,108,1,-1
0.0,0.0,108,1,-1
0.0,0.0,74,1,1
0.0,0.0,51,1,1
0.0,0.0,108,1,-1
0.0,0.0,58,1,1
0.0,0.0,108,1,-1
0.0,0.0,108,1,-1
0.0,0.0,75,1,1
0.0,0.0,52,1,1
0.0,0.0,108,1,-1
0.0,0.0,53,1,1
0.0,0.0,108,1,-1
0.0,0.0,108,1,-1
0.0,0.0,96,1,1
0.0,0.0,50,1,1
0.0,0.0,108,1,-1
0.0,0.0,50,1,1
0.0,0.0,108,1,-1
0.0,0.0,73,1,1
0.0,0.0,108,1,-1
0.0,0.0,50,1,1
0.0,0.0,108,1,-1
0.0,0.0,74,1,1
0.0,0.0,108,1,-1
0.0,0.0,50,1,1
0.0,0.0,108,1,-1
0.0,0.0,73,1,1
0.0,0.0,108,1,-1
0.0,0.0,50,1,1
0.0,0.0,108,1,-1
0.0,0.0,73,1,1
0.0,0.0,108,1,-1
0.0,0.0,73,1,1
0.0,0.0,108,1,-1
0.0,0.0,50,1,1
0.0,0.0,108,1,-1
0.0,0.0,74,1,1
0.0,0.0,108,1,-1
0.0,0.0,54,1,1
0.0,0.0,108,1,-1
0.0,0.0,73,1,1
0.0,0.0,108,1,-1
0.0,0.0,50,1,1
0.0,0.0,108,1,-1
0.0,0.0,73,1,1
0.0,0.0,108,1,-1
0.0,0.0,50,1,1
0.0,0.0,108,1,-1
0.0,0.0,75,1,1
0.0,0.0,108,1,-1
0.0,0.0,50,1,1
0.0,0.0,108,1,-1
0.0,0.0,76,1,1
0.0,0.0,108,1,-1
-0.000232162,0.000232162,208,2,1
0.0,0.0,108,1,-1
0.0,0.0,73,1,1
0.0,0.0,108,1,-1
0.0,0.0,50,1,1
0.0,0.0,108,1,-1
0.0,0.0,73,1,1
0.0,0.0,108,1,-1
0.0,0.0,51,1,1
0.0,0.0,155,1,1
0.0,0.0,108,1,-1
0.0,0.0,73,1,1
0.0,0.0,108,1,-1
0.0,0.0,73,1,1
0.0,0.0,108,1,-1
0.0,0.0,50,1,1
0.0,0.0,108,1,-1
0.0,0.0,73,1,1
0.0,0.0,108,1,-1
0.0,0.0,73,1,1
0.0,0.0,108,1,-1
-0.000421866,0.000421866,228,2,1
0.0,0.0,108,1,-1
-4.41e-07,4.41e-07,232,2,1
0.0,0.0,108,1,-1
0.0,0.0,73,1,1
0.0,0.0,108,1,-1
0.0,0.0,74,1,1
0.0,0.0,108,1,-1
0.0,0.0,74,1,1
0.0,0.0,108,1,-1
0.0,0.0,81,1,1
0.0,0.0,108,1,-1
0.0,0.0,75,1,1
0.0,0.0,108,1,-1
0.0,0.0,92,1,1
0.0,0.0,108,1,-1
0.0,0.0,73,1,1
0.0,0.0,108,1,-1
0.0,0.0,73,1,1
0.0,0.0,108,1,-1
0.0,0.0,73,1,1
0.0,0.0,108,1,-1
0.0,0.0,73,1,1
0.0,0.0,108,1,-1
0.0,0.0,73,1,1
0.0,0.0,108,1,-1
0.0,0.0,73,1,1
0.0,0.0,108,1,-1
0.0,0.0,73,1,1
0.0,0.0,108,1,-1
0.0,0.0,76,1,1
Clump Interarrival,Clump Duration,Clump Size,Clump Packets,Clump Direction
0.0,0.0,222,1,-1
0.0,0.0,77,1,1
0.0,0.0,173,1,-1
0.0,0.0,77,1,1
0.0,0.0,153,1,-1
0.0,0.0,77,1,1
0.0,0.0,108,1,-1
0.0,0.0,54,1,1
0.0,0.0,108,1,-1
0.0,0.0,76,1,1
0.0,0.0,108,1,-1
0.0,0.0,76,1,1
0.0,0.0,108,1,-1
0.0,0.0,73,1,1
0.0,0.0,108,1,-1
-6.41e-07,6.41e-07,230,2,1
0.0,0.0,108,1,-1
0.0,0.0,73,1,1
0.0,0.0,155,1,1
0.0,0.0,108,1,-1
0.0,0.0,73,1,1
0.0,0.0,157,1,1
0.0,0.0,108,1,-1
0.0,0.0,73,1,1
0.0,0.0,108,1,-1
0.0,0.0,73,1,1
0.0,0.0,108,1,-1
0.0,0.0,73,1,1
0.0,0.0,108,1,-1
0.0,0.0,73,1,1
0.0,0.0,108,1,-1
0.0,0.0,73,1,1
0.0,0.0,108,1,-1
0.0,0.0,73,1,1
0.0,0.0,108,1,-1
0.0,0.0,73,1,1
0.0,0.0,108,1,-1
0.0,0.0,77,1,1
0.0,0.0,108,1,-1
0.0,0.0,53,1,1
0.0,0.0,108,1,-1
0.0,0.0,54,1,1
0.0,0.0,315,1,1
0.0,0.0,283,1,-1
-4.41e-07,4.41e-07,407,2,1
0.0,0.0,283,1,-1
0.0,0.0,54,1,1
0.0,0.0,283,1,-1
0.0,0.0,50,1,1
0.0,0.0,122,1,-1
0.0,0.0,54,1,1
0.0,0.0,108,1,-1
0.0,0.0,50,1,1
0.0,0.0,108,1,-1
0.0,0.0,73,1,1
0.0,0.0,108,1,-1
-8.12e-07,8.12e-07,228,2,1
0.0,0.0,108,1,-1
0.0,0.0,75,1,1
0.0,0.0,108,1,-1
0.0,0.0,76,1,1
0.0,0.0,108,1,-1
0.0,0.0,100,1,1
0.0,0.0,157,1,1
0.0,0.0,108,1,-1
0.0,0.0,73,1,1
0.0,0.0,108,1,-1
0.0,0.0,73,1,1
0.0,0.0,108,1,-1
0.0,0.0,73,1,1
0.0,0.0,108,1,-1
0.0,0.0,74,1,1
0.0,0.0,108,1,-1
0.0,0.0,73,1,1
0.0,0.0,108,1,-1
0.0,0.0,77,1,1
0.0,0.0,108,1,-1
0.0,0.0,73,1,1
0.0,0.0,108,1,-1
0.0,0.0,76,1,1
0.0,0.0,108,1,-1
0.0,0.0,73,1,1
0.0,0.0,108,1,-1
0.0,0.0,76,1,1
0.0,0.0,108,1,-1
0.0,0.0,73,1,1
0.0,0.0,108,1,-1
0.0,0.0,73,1,1
0.0,0.0,108,1,-1
0.0,0.0,73,1,1
0.0,0.0,108,1,-1
0.0,0.0,73,1,1
0.0,0.0,108,1,-1
0.0,0.0,73,1,1
0.0,0.0,108,1,-1
0.0,0.0,73,1,1
0.0,0.0,108,1,-1
0.0,0.0,73,1,1
0.0,0.0,108,1,-1
0.0,0.0,73,1,1
0.0,0.0,108,1,-1
0.0,0.0,73,1,1
0.0,0.0,108,1,-1
0.0,0.0,73,1,1
0.0,0.0,108,1,-1
0.0,0.0,73,1,1
0.0,0.0,108,1,-1
0.0,0.0,73,1,1
0.0,0.0,108,1,-1
0.0,0.0,73,1,1
0.0,0.0,108,1,-1
0.0,0.0,73,1,1
0.0,0.0,108,1,-1
0.0,0.0,73,1,1
0.0,0.0,108,1,-1
0.0,0.0,73,1,1
0.0,0.0,108,1,-1
-8.52e-07,8.52e-07,228,2,1
0.0,0.0,108,1,-1
0.0,0.0,73,1,1
0.0,0.0,108,1,-1
0.0,0.0,73,1,1
0.0,0.0,108,1,-1
0.0,0.0,74,1,1
0.0,0.0,108,1,-1
0.0,0.0,100,1,1
0.0,0.0,108,1,-1
0.0,0.0,77,1,1
0.0,0.0,222,1,-1
0.0,0.0,128,1,-1
0.0,0.0,77,1,1
0.0,0.0,108,1,-1
0.0,0.0,50,1,1
0.0,0.0,173,1,-1
0.0,0.0,77,1,1
0.0,0.0,108,1,-1
0.0,0.0,54,1,1
0.0,0.0,147,1,-1
0.0,0.0,76,1,1
0.0,0.0,108,1,-1
0.0,0.0,155,1,-1
0.0,0.0,50,1,1
0.0,0.0,159,1,1
0.0,0.0,54,1,1
0.0,0.0,128,1,-1
0.0,0.0,76,1,1
0.0,0.0,108,1,-1
0.0,0.0,53,1,1
0.0,0.0,108,1,-1
0.0,0.0,73,1,1
0.0,0.0,108,1,-1
0.0,0.0,73,1,1
0.0,0.0,108,1,-1
0.0,0.0,76,1,1
0.0,0.0,108,1,-1
0.0,0.0,73,1,1
0.0,0.0,108,1,-1
0.0,0.0,73,1,1
0.0,0.0,108,1,-1
0.0,0.0,73,1,1
0.0,0.0,108,1,-1
0.0,0.0,73,1,1
0.0,0.0,108,1,-1
0.0,0.0,73,1,1
0.0,0.0,108,1,-1
0.0,0.0,73,1,1
0.0,0.0,108,1,-1
0.0,0.0,73,1,1
0.0,0.0,108,1,-1
0.0,0.0,73,1,1
0.0,0.0,108,1,-1
0.0,0.0,73,1,1
0.0,0.0,108,1,-1
0.0,0.0,73,1,1
0.0,0.0,108,1,-1
0.0,0.0,73,1,1
0.0,0.0,108,1,-1
0.0,0.0,73,1,1
0.0,0.0,108,1,-1
0.0,0.0,73,1,1
0.0,0.0,108,1,-1
0.0,0.0,73,1,1
0.0,0.0,108,1,-1
0.0,0.0,73,1,1
0.0,0.0,108,1,-1
0.0,0.0,75,1,1
0.0,0.0,108,1,-1
0.0,0.0,76,1,1
0.0,0.0,108,1,-1
0.0,0.0,100,1,1
0.0,0.0,108,1,-1
0.0,0.0,73,1,1
0.0,0.0,108,1,-1
0.0,0.0,73,1,1
0.0,0.0,108,1,-1
0.0,0.0,73,1,1
0.0,0.0,108,1,-1
0.0,0.0,73,1,1
0.0,0.0,108,1,-1
0.0,0.0,73,1,1
0.0,0.0,157,1,1
0.0,0.0,108,1,-1
0.0,0.0,73,1,1
0.0,0.0,108,1,-1
0.0,0.0,76,1,1
0.0,0.0,222,1,-1
0.0,0.0,128,1,-1
-4.51e-07,4.51e-07,464,2,1
0.0,0.0,108,1,-1
0.0,0.0,53,1,1
0.0,0.0,173,1,-1
0.0,0.0,77,1,1
0.0,0.0,108,1,-1
0.0,0.0,53,1,1
0.0,0.0,149,1,-1
0.0,0.0,76,1,1
0.0,0.0,108,1,-1
0.0,0.0,54,1,1
0.0,0.0,108,1,-1
0.0,0.0,73,1,1
0.0,0.0,108,1,-1
0.0,0.0,73,1,1
0.0,0.0,108,1,-1
0.0,0.0,50,1,1
0.0,0.0,108,1,-1
0.0,0.0,73,1,1
0.0,0.0,108,1,-1
0.0,0.0,50,1,1
0.0,0.0,108,1,-1
0.0,0.0,73,1,1
0.0,0.0,108,1,-1
0.0,0.0,53,1,1
0.0,0.0,108,1,-1
0.0,0.0,73,1,1
0.0,0.0,108,1,-1
0.0,0.0,73,1,1
0.0,0.0,108,1,-1
0.0,0.0,50,1,1
0.0,0.0,108,1,-1
0.0,0.0,73,1,1
0.0,0.0,108,1,-1
0.0,0.0,50,1,1
0.0,0.0,108,1,-1
0.0,0.0,73,1,1
0.0,0.0,108,1,-1
0.0,0.0,50,1,1
0.0,0.0,108,1,-1
0.0,0.0,73,1,1
0.0,0.0,108,1,-1
0.0,0.0,50,1,1
0.0,0.0,108,1,-1
0.0,0.0,73,1,1
0.0,0.0,108,1,-1
0.0,0.0,73,1,1
0.0,0.0,108,1,-1
0.0,0.0,51,1,1
0.0,0.0,108,1,-1
0.0,0.0,76,1,1
0.0,0.0,108,1,-1
0.0,0.0,60,1,1
0.0,0.0,108,1,-1
0.0,0.0,92,1,1
0.0,0.0,108,1,-1
0.0,0.0,50,1,1
0.0,0.0,108,1,-1
0.0,0.0,76,1,1
0.0,0.0,108,1,-1
0.0,0.0,50,1,1
0.0,0.0,108,1,-1
0.0,0.0,73,1,1
0.0,0.0,108,1,-1
0.0,0.0,73,1,1
0.0,0.0,108,1,-1
0.0,0.0,73,1,1
0.0,0.0,108,1,-1
0.0,0.0,73,1,1
0.0,0.0,108,1,-1
0.0,0.0,73,1,1
0.0,0.0,108,1,-1
0.0,0.0,73,1,1
0.0,0.0,108,1,-1
0.0,0.0,73,1,1
0.0,0.0,108,1,-1
0.0,0.0,76,1,1
0.0,0.0,108,1,-1
0.0,0.0,73,1,1
0.0,0.0,108,1,-1
0.0,0.0,73,1,1
0.0,0.0,108,1,-1
0.0,0.0,73,1,1
0.0,0.0,108,1,-1
0.0,0.0,73,1,1
0.0,0.0,108,1,-1
0.0,0.0,73,1,1
0.0,0.0,108,1,-1
0.0,0.0,73,1,1
0.0,0.0,108,1,-1
0.0,0.0,73,1,1
0.0,0.0,108,1,-1
0.0,0.0,73,1,1
0.0,0.0,108,1,-1
0.0,0.0,76,1,1
0.0,0.0,108,1,-1
0.0,0.0,73,1,1
0.0,0.0,108,1,-1
0.0,0.0,73,1,1
0.0,0.0,108,1,-1
0.0,0.0,73,1,1
0.0,0.0,108,1,-1
0.0,0.0,73,1,1
0.0,0.0,108,1,-1
0.0,0.0,73,1,1
0.0,0.0,108,1,-1
0.0,0.0,73,1,1
0.0,0.0,108,1,-1
0.0,0.0,73,1,1
0.0,0.0,108,1,-1
0.0,0.0,77,1,1
0.0,0.0,108,1,-1
0.0,0.0,73,1,1
0.0,0.0,108,1,-1
0.0,0.0,74,1,1
0.0,0.0,108,1,-1
0.0,0.0,83,1,1
0.0,0.0,108,1,-1
0.0,0.0,92,1,1
0.0,0.0,108,1,-1
0.0,0.0,73,1,1
0.0,0.0,108,1,-1
0.0,0.0,77,1,1
Clump Interarrival,Clump Duration,Clump Size,Clump Packets,Clump Direction
0.0,0.0,222,1,-1
0.0,0.0,104,1,1
0.0,0.0,173,1,-1
0.0,0.0,65,1,1
0.0,0.0,153,1,-1
0.0,0.0,89,1,1
0.0,0.0,108,1,-1
0.0,0.0,66,1,1
0.0,0.0,108,1,-1
0.0,0.0,85,1,1
0.0,0.0,108,1,-1
0.0,0.0,88,1,1
0.0,0.0,108,1,-1
0.0,0.0,85,1,1
0.0,0.0,108,1,-1
0.0,0.0,88,1,1
0.0,0.0,108,1,-1
0.0,0.0,85,1,1
0.0,0.0,108,1,-1
0.0,0.0,85,1,1
0.0,0.0,108,1,-1
-5.11e-07,5.11e-07,240,2,1
0.0,0.0,108,1,-1
0.0,0.0,85,1,1
0.0,0.0,108,1,-1
0.0,0.0,85,1,1
0.0,0.0,108,1,-1
0.0,0.0,85,1,1
0.0,0.0,108,1,-1
0.0,0.0,85,1,1
0.0,0.0,157,1,1
0.0,0.0,108,1,-1
0.0,0.0,85,1,1
0.0,0.0,108,1,-1
0.0,0.0,85,1,1
0.0,0.0,108,1,-1
0.0,0.0,85,1,1
0.0,0.0,108,1,-1
0.0,0.0,85,1,1
0.0,0.0,108,1,-1
0.0,0.0,85,1,1
0.0,0.0,108,1,-1
0.0,0.0,85,1,1
0.0,0.0,108,1,-1
0.0,0.0,85,1,1
0.0,0.0,108,1,-1
0.0,0.0,88,1,1
0.0,0.0,108,1,-1
0.0,0.0,88,1,1
0.0,0.0,108,1,-1
0.0,0.0,62,1,1
0.0,0.0,108,1,-1
0.0,0.0,65,1,1
0.0,0.0,283,1,-1
0.0,0.0,66,1,1
0.0,0.0,334,1,1
0.0,0.0,283,1,-1
0.0,0.0,89,1,1
0.0,0.0,283,1,-1
0.0,0.0,62,1,1
0.0,0.0,334,1,1
0.0,0.0,122,1,-1
0.0,0.0,66,1,1
0.0,0.0,108,1,-1
0.0,0.0,62,1,1
0.0,0.0,108,1,-1
0.0,0.0,85,1,1
0.0,0.0,157,1,1
0.0,0.0,108,1,-1
-0.000181276,0.000181276,244,2,1
0.0,0.0,108,1,-1
0.0,0.0,85,1,1
0.0,0.0,108,1,-1
0.0,0.0,85,1,1
0.0,0.0,108,1,-1
0.0,0.0,85,1,1
0.0,0.0,108,1,-1
0.0,0.0,85,1,1
0.0,0.0,108,1,-1
0.0,0.0,85,1,1
0.0,0.0,157,1,1
0.0,0.0,108,1,-1
0.0,0.0,85,1,1
0.0,0.0,108,1,-1
0.0,0.0,85,1,1
0.0,0.0,108,1,-1
0.0,0.0,85,1,1
0.0,0.0,108,1,-1
0.0,0.0,85,1,1
0.0,0.0,108,1,-1
0.0,0.0,85,1,1
0.0,0.0,108,1,-1
0.0,0.0,85,1,1
0.0,0.0,108,1,-1
0.0,0.0,141,1,1
0.0,0.0,159,1,1
0.0,0.0,108,1,-1
0.0,0.0,121,1,1
0.0,0.0,108,1,-1
0.0,0.0,165,1,1
0.0,0.0,108,1,-1
0.0,0.0,85,1,1
0.0,0.0,108,1,-1
0.0,0.0,85,1,1
0.0,0.0,108,1,-1
0.0,0.0,85,1,1
0.0,0.0,108,1,-1
0.0,0.0,85,1,1
0.0,0.0,108,1,-1
0.0,0.0,85,1,1
0.0,0.0,108,1,-1
0.0,0.0,100,1,1
0.0,0.0,108,1,-1
0.0,0.0,85,1,1
0.0,0.0,108,1,-1
0.0,0.0,85,1,1
0.0,0.0,108,1,-1
0.0,0.0,89,1,1
0.0,0.0,108,1,-1
0.0,0.0,85,1,1
0.0,0.0,108,1,-1
0.0,0.0,85,1,1
0.0,0.0,108,1,-1
0.0,0.0,89,1,1
0.0,0.0,222,1,-1
0.0,0.0,128,1,-1
0.0,0.0,89,1,1
0.0,0.0,387,1,1
0.0,0.0,108,1,-1
0.0,0.0,65,1,1
0.0,0.0,173,1,-1
0.0,0.0,88,1,1
0.0,0.0,108,1,-1
0.0,0.0,65,1,1
0.0,0.0,149,1,-1
0.0,0.0,85,1,1
0.0,0.0,283,1,-1
0.0,0.0,66,1,1
0.0,0.0,330,1,1
0.0,0.0,120,1,-1
0.0,0.0,66,1,1
0.0,0.0,108,1,-1
0.0,0.0,62,1,1
0.0,0.0,62,1,1
0.0,0.0,108,1,-1
0.0,0.0,108,1,-1
0.0,0.0,85,1,1
0.0,0.0,62,1,1
0.0,0.0,108,1,-1
0.0,0.0,85,1,1
0.0,0.0,108,1,-1
0.0,0.0,62,1,1
0.0,0.0,108,1,-1
0.0,0.0,108,1,-1
0.0,0.0,85,1,1
0.0,0.0,62,1,1
0.0,0.0,108,1,-1
0.0,0.0,108,1,-1
0.0,0.0,85,1,1
0.0,0.0,62,1,1
0.0,0.0,108,1,-1
0.0,0.0,108,1,-1
0.0,0.0,85,1,1
0.0,0.0,62,1,1
0.0,0.0,108,1,-1
0.0,0.0,108,1,-1
0.0,0.0,85,1,1
0.0,0.0,62,1,1
0.0,0.0,108,1,-1
0.0,0.0,108,1,-1
0.0,0.0,85,1,1
0.0,0.0,62,1,1
0.0,0.0,108,1,-1
0.0,0.0,108,1,-1
0.0,0.0,85,1,1
0.0,0.0,62,1,1
0.0,0.0,108,1,-1
0.0,0.0,108,1,-1
0.0,0.0,89,1,1
0.0,0.0,128,1,-1
0.0,0.0,62,1,1
0.0,0.0,222,1,-1
-3.9e-07,3.9e-07,242,2,1
0.0,0.0,108,1,-1
0.0,0.0,85,1,1
0.0,0.0,108,1,-1
0.0,0.0,173,1,-1
0.0,0.0,62,1,1
0.0,0.0,157,1,1
0.0,0.0,62,1,1
0.0,0.0,108,1,-1
0.0,0.0,62,1,1
0.0,0.0,108,1,-1
0.0,0.0,85,1,1
0.0,0.0,151,1,-1
0.0,0.0,108,1,-1
0.0,0.0,89,1,1
0.0,0.0,108,1,-1
0.0,0.0,62,1,1
0.0,0.0,62,1,1
0.0,0.0,108,1,-1
0.0,0.0,85,1,1
0.0,0.0,108,1,-1
0.0,0.0,108,1,-1
0.0,0.0,62,1,1
0.0,0.0,62,1,1
0.0,0.0,108,1,-1
0.0,0.0,85,1,1
0.0,0.0,108,1,-1
0.0,0.0,108,1,-1
0.0,0.0,62,1,1
0.0,0.0,62,1,1
0.0,0.0,108,1,-1
0.0,0.0,85,1,1
0.0,0.0,108,1,-1
0.0,0.0,108,1,-1
0.0,0.0,62,1,1
0.0,0.0,62,1,1
0.0,0.0,108,1,-1
0.0,0.0,108,1,-1
0.0,0.0,85,1,1
0.0,0.0,108,1,-1
0.0,0.0,62,1,1
0.0,0.0,62,1,1
0.0,0.0,108,1,-1
0.0,0.0,108,1,-1
0.0,0.0,108,1,-1
-0.000490651,0.000490651,147,2,1
0.0,0.0,62,1,1
0.0,0.0,108,1,-1
0.0,0.0,108,1,-1
0.0,0.0,85,1,1
0.0,0.0,62,1,1
0.0,0.0,108,1,-1
0.0,0.0,62,1,1
0.0,0.0,108,1,-1
0.0,0.0,85,1,1
0.0,0.0,108,1,-1
0.0,0.0,108,1,-1
0.0,0.0,85,1,1
0.0,0.0,62,1,1
0.0,0.0,108,1,-1
0.0,0.0,108,1,-1
0.0,0.0,85,1,1
0.0,0.0,108,1,-1
0.0,0.0,62,1,1
0.0,0.0,62,1,1
0.0,0.0,108,1,-1
0.0,0.0,108,1,-1
-0.000152735,0.000152735,244,2,1
0.0,0.0,108,1,-1
0.0,0.0,62,1,1
0.0,0.0,155,1,1
0.0,0.0,62,1,1
0.0,0.0,108,1,-1
0.0,0.0,108,1,-1
0.0,0.0,85,1,1
0.0,0.0,108,1,-1
0.0,0.0,62,1,1
0.0,0.0,62,1,1
0.0,0.0,108,1,-1
0.0,0.0,108,1,-1
0.0,0.0,85,1,1
0.0,0.0,108,1,-1
0.0,0.0,62,1,1
0.0,0.0,62,1,1
0.0,0.0,108,1,-1
0.0,0.0,108,1,-1
0.0,0.0,85,1,1
0.0,0.0,62,1,1
0.0,0.0,108,1,-1
0.0,0.0,62,1,1
0.0,0.0,108,1,-1
0.0,0.0,108,1,-1
0.0,0.0,85,1,1
0.0,0.0,108,1,-1
0.0,0.0,118,1,1
0.0,0.0,65,1,1
0.0,0.0,128,1,-1
0.0,0.0,222,1,-1
0.0,0.0,121,1,1
0.0,0.0,108,1,-1
0.0,0.0,66,1,1
0.0,0.0,108,1,-1
0.0,0.0,108,1,-1
0.0,0.0,62,1,1
0.0,0.0,62,1,1
0.0,0.0,173,1,-1
0.0,0.0,169,1,1
0.0,0.0,289,1,1
0.0,0.0,108,1,-1
0.0,0.0,62,1,1
0.0,0.0,108,1,-1
0.0,0.0,108,1,-1
0.0,0.0,85,1,1
0.0,0.0,62,1,1
0.0,0.0,153,1,-1
0.0,0.0,62,1,1
-0.000143057,0.000143057,394,2,1
0.0,0.0,206,1,-1
0.0,0.0,65,1,1
0.0,0.0,108,1,-1
0.0,0.0,62,1,1
0.0,0.0,108,1,-1
0.0,0.0,108,1,-1
0.0,0.0,85,1,1
0.0,0.0,62,1,1
0.0,0.0,79,1,-1
0.0,0.0,81,1,1
0.0,0.0,108,1,-1
0.0,0.0,77,1,1
0.0,0.0,83,1,-1
-0.00045648,0.00045648,184,2,-1
0.0,0.0,81,1,1
-0.000422393,0.000422393,207,3,-1
-0.000950091,0.000950091,404,3,1
-0.000946344,0.000946344,284,2,1
0.0,0.0,82,1,1
0.0,0.0,82,1,1
-0.000278243,0.000278243,242,2,1
0.0,0.0,70,1,-1
0.0,0.0,108,1,-1
0.0,0.0,90,1,-1
0.0,0.0,90,1,-1
0.0,0.0,81,1,1
0.0,0.0,81,1,1
0.0,0.0,90,1,-1
0.0,0.0,66,1,1
0.0,0.0,80,1,1
-0.000615143,0.000615143,297,3,-1
0.0,0.0,108,1,-1
0.0,0.0,71,1,-1
-7e-08,7e-08,368,2,1
-0.000534222,0.000534222,139,2,-1
0.0,0.0,82,1,1
0.0,0.0,69,1,-1
0.0,0.0,65,1,1
0.0,0.0,74,1,-1
-0.0001666,0.0001666,257,2,1
0.0,0.0,74,1,-1
0.0,0.0,66,1,1
-5.01e-07,5.01e-07,148,2,1
-8.01e-07,8.01e-07,146,2,1
0.0,0.0,78,1,1
0.0,0.0,77,1,1
0.0,0.0,108,1,-1
0.0,0.0,66,1,1
-0.000165241,0.000165241,160,2,-1
0.0,0.0,82,1,1
0.0,0.0,85,1,-1
0.0,0.0,66,1,1
0.0,0.0,108,1,-1
0.0,0.0,72,1,-1
0.0,0.0,104,1,1
0.0,0.0,79,1,1
0.0,0.0,108,1,-1
0.0,0.0,108,1,-1
0.0,0.0,62,1,1
0.0,0.0,62,1,1
0.0,0.0,108,1,-1
0.0,0.0,62,1,1
0.0,0.0,108,1,-1
0.0,0.0,85,1,1
0.0,0.0,108,1,-1
0.0,0.0,63,1,1
0.0,0.0,62,1,1
0.0,0.0,108,1,-1
0.0,0.0,62,1,1
0.0,0.0,108,1,-1
0.0,0.0,85,1,1
0.0,0.0,108,1,-1
0.0,0.0,108,1,-1
0.0,0.0,62,1,1
0.0,0.0,62,1,1
0.0,0.0,108,1,-1
0.0,0.0,63,1,1
0.0,0.0,108,1,-1
0.0,0.0,108,1,-1
0.0,0.0,85,1,1
0.0,0.0,108,1,-1
-0.000240964,0.000240964,217,2,1
0.0,0.0,62,1,1
0.0,0.0,108,1,-1
0.0,0.0,86,1,1
0.0,0.0,108,1,-1
0.0,0.0,108,1,-1
0.0,0.0,108,1,-1
-9.6885e-05,9.6885e-05,221,2,1
0.0,0.0,62,1,1
0.0,0.0,62,1,1
0.0,0.0,108,1,-1
0.0,0.0,85,1,1
0.0,0.0,108,1,-1
0.0,0.0,62,1,1
0.0,0.0,108,1,-1
0.0,0.0,108,1,-1
0.0,0.0,62,1,1
0.0,0.0,88,1,1
0.0,0.0,108,1,-1
0.0,0.0,62,1,1
0.0,0.0,108,1,-1
0.0,0.0,62,1,1
0.0,0.0,108,1,-1
0.0,0.0,85,1,1
0.0,0.0,108,1,-1
0.0,0.0,62,1,1
0.0,0.0,108,1,-1
0.0,0.0,108,1,-1
0.0,0.0,62,1,1
0.0,0.0,62,1,1
0.0,0.0,108,1,-1
0.0,0.0,85,1,1
0.0,0.0,108,1,-1
0.0,0.0,62,1,1
0.0,0.0,108,1,-1
0.0,0.0,108,1,-1
0.0,0.0,62,1,1
0.0,0.0,62,1,1
0.0,0.0,108,1,-1
0.0,0.0,85,1,1
0.0,0.0,108,1,-1
0.0,0.0,108,1,-1
0.0,0.0,62,1,1
0.0,0.0,85,1,1
0.0,0.0,108,1,-1
0.0,0.0,62,1,1
0.0,0.0,108,1,-1
0.0,0.0,62,1,1
0.0,0.0,108,1,-1
0.0,0.0,108,1,-1
0.0,0.0,85,1,1
0.0,0.0,108,1,-1
0.0,0.0,62,1,1
0.0,0.0,62,1,1
0.0,0.0,108,1,-1
0.0,0.0,62,1,1
0.0,0.0,108,1,-1
0.0,0.0,108,1,-1
0.0,0.0,85,1,1
0.0,0.0,62,1,1
0.0,0.0,108,1,-1
0.0,0.0,62,1,1
0.0,0.0,108,1,-1
0.0,0.0,62,1,1
0.0,0.0,159,1,1
0.0,0.0,108,1,-1
0.0,0.0,108,1,-1
0.0,0.0,85,1,1
0.0,0.0,62,1,1
0.0,0.0,108,1,-1
0.0,0.0,62,1,1
0.0,0.0,108,1,-1
-0.000959211,0.000959211,242,2,1
0.0,0.0,108,1,-1
0.0,0.0,108,1,-1
0.0,0.0,62,1,1
0.0,0.0,108,1,-1
-0.000877705,0.000877705,221,2,1
0.0,0.0,62,1,1
0.0,0.0,108,1,-1
0.0,0.0,85,1,1
0.0,0.0,108,1,-1
0.0,0.0,108,1,-1
0.0,0.0,62,1,1
0.0,0.0,62,1,1
0.0,0.0,108,1,-1
0.0,0.0,85,1,1
0.0,0.0,108,1,-1
0.0,0.0,62,1,1
0.0,0.0,108,1,-1
0.0,0.0,108,1,-1
0.0,0.0,85,1,1
0.0,0.0,108,1,-1
0.0,0.0,62,1,1
0.0,0.0,108,1,-1
0.0,0.0,62,1,1
0.0,0.0,62,1,1
0.0,0.0,108,1,-1
0.0,0.0,108,1,-1
0.0,0.0,85,1,1
0.0,0.0,108,1,-1
0.0,0.0,62,1,1
0.0,0.0,62,1,1
0.0,0.0,108,1,-1
0.0,0.0,62,1,1
0.0,0.0,108,1,-1
0.0,0.0,108,1,-1
0.0,0.0,85,1,1
0.0,0.0,108,1,-1
0.0,0.0,65,1,1
0.0,0.0,108,1,-1
0.0,0.0,85,1,1
0.0,0.0,62,1,1
0.0,0.0,128,1,-1
0.0,0.0,222,1,-1
0.0,0.0,66,1,1
0.0,0.0,108,1,-1
0.0,0.0,66,1,1
0.0,0.0,108,1,-1
0.0,0.0,108,1,-1
0.0,0.0,85,1,1
0.0,0.0,108,1,-1
0.0,0.0,62,1,1
0.0,0.0,62,1,1
0.0,0.0,173,1,-1
0.0,0.0,65,1,1
0.0,0.0,63,1,1
0.0,0.0,108,1,-1
0.0,0.0,86,1,1
0.0,0.0,108,1,-1
0.0,0.0,108,1,-1
0.0,0.0,64,1,1
0.0,0.0,64,1,1
0.0,0.0,147,1,-1
0.0,0.0,90,1,1
0.0,0.0,108,1,-1
0.0,0.0,155,1,-1
0.0,0.0,120,1,1
0.0,0.0,68,1,1
0.0,0.0,108,1,-1
0.0,0.0,128,1,-1
0.0,0.0,64,1,1
0.0,0.0,108,1,-1
0.0,0.0,67,1,1
0.0,0.0,108,1,-1
0.0,0.0,99,1,1
0.0,0.0,108,1,-1
0.0,0.0,87,1,1
0.0,0.0,108,1,-1
0.0,0.0,64,1,1
0.0,0.0,108,1,-1
0.0,0.0,108,1,-1
0.0,0.0,64,1,1
0.0,0.0,64,1,1
0.0,0.0,108,1,-1
0.0,0.0,165,1,1
0.0,0.0,108,1,-1
0.0,0.0,108,1,-1
0.0,0.0,62,1,1
0.0,0.0,108,1,-1
0.0,0.0,85,1,1
0.0,0.0,62,1,1
0.0,0.0,108,1,-1
0.0,0.0,62,1,1
0.0,0.0,108,1,-1
0.0,0.0,108,1,-1
0.0,0.0,85,1,1
0.0,0.0,108,1,-1
0.0,0.0,62,1,1
0.0,0.0,62,1,1
0.0,0.0,108,1,-1
0.0,0.0,62,1,1
0.0,0.0,108,1,-1
0.0,0.0,108,1,-1
0.0,0.0,85,1,1
0.0,0.0,108,1,-1
0.0,0.0,62,1,1
0.0,0.0,62,1,1
0.0,0.0,108,1,-1
0.0,0.0,62,1,1
0.0,0.0,108,1,-1
0.0,0.0,85,1,1
0.0,0.0,108,1,-1
0.0,0.0,108,1,-1
0.0,0.0,62,1,1
0.0,0.0,62,1,1
0.0,0.0,108,1,-1
0.0,0.0,62,1,1
0.0,0.0,108,1,-1
0.0,0.0,108,1,-1
0.0,0.0,85,1,1
0.0,0.0,157,1,1
0.0,0.0,108,1,-1
0.0,0.0,62,1,1
0.0,0.0,62,1,1
0.0,0.0,108,1,-1
0.0,0.0,85,1,1
0.0,0.0,108,1,-1
0.0,0.0,62,1,1
0.0,0.0,108,1,-1
0.0,0.0,108,1,-1
0.0,0.0,62,1,1
0.0,0.0,108,1,-1
0.0,0.0,85,1,1
0.0,0.0,108,1,-1
0.0,0.0,108,1,-1
0.0,0.0,108,1,-1
0.0,0.0,62,1,1
0.0,0.0,85,1,1
0.0,0.0,62,1,1
0.0,0.0,108,1,-1
0.0,0.0,62,1,1
0.0,0.0,108,1,-1
0.0,0.0,85,1,1
Clump Interarrival,Clump Duration,Clump Size,Clump Packets,Clump Direction
-0.001203013,0.001203013,441,4,-1
0.0,0.0,57,1,1
0.0,0.0,276,1,1
0.0,0.0,173,1,-1
0.0,0.0,66,1,1
0.0,0.0,153,1,-1
0.0,0.0,89,1,1
0.0,0.0,200,1,1
0.0,0.0,108,1,-1
0.0,0.0,65,1,1
0.0,0.0,108,1,-1
0.0,0.0,85,1,1
0.0,0.0,108,1,-1
0.0,0.0,85,1,1
0.0,0.0,108,1,-1
0.0,0.0,85,1,1
0.0,0.0,108,1,-1
0.0,0.0,88,1,1
0.0,0.0,108,1,-1
-4.81e-07,4.81e-07,242,2,1
0.0,0.0,108,1,-1
0.0,0.0,85,1,1
0.0,0.0,108,1,-1
0.0,0.0,85,1,1
0.0,0.0,108,1,-1
0.0,0.0,85,1,1
0.0,0.0,108,1,-1
0.0,0.0,85,1,1
0.0,0.0,108,1,-1
0.0,0.0,89,1,1
0.0,0.0,108,1,-1
0.0,0.0,85,1,1
0.0,0.0,108,1,-1
0.0,0.0,85,1,1
0.0,0.0,108,1,-1
0.0,0.0,85,1,1
0.0,0.0,108,1,-1
0.0,0.0,85,1,1
0.0,0.0,108,1,-1
0.0,0.0,85,1,1
0.0,0.0,108,1,-1
0.0,0.0,85,1,1
0.0,0.0,108,1,-1
0.0,0.0,85,1,1
0.0,0.0,108,1,-1
0.0,0.0,85,1,1
0.0,0.0,108,1,-1
0.0,0.0,85,1,1
0.0,0.0,108,1,-1
0.0,0.0,85,1,1
0.0,0.0,108,1,-1
0.0,0.0,85,1,1
0.0,0.0,108,1,-1
0.0,0.0,85,1,1
0.0,0.0,108,1,-1
0.0,0.0,85,1,1
0.0,0.0,108,1,-1
0.0,0.0,85,1,1
0.0,0.0,108,1,-1
0.0,0.0,85,1,1
0.0,0.0,108,1,-1
0.0,0.0,89,1,1
0.0,0.0,108,1,-1
0.0,0.0,65,1,1
0.0,0.0,108,1,-1
0.0,0.0,66,1,1
0.0,0.0,283,1,-1
0.0,0.0,66,1,1
0.0,0.0,332,1,1
0.0,0.0,283,1,-1
0.0,0.0,62,1,1
0.0,0.0,283,1,-1
0.0,0.0,66,1,1
0.0,0.0,122,1,-1
-4.51e-07,4.51e-07,258,2,1
0.0,0.0,108,1,-1
0.0,0.0,62,1,1
0.0,0.0,108,1,-1
0.0,0.0,85,1,1
0.0,0.0,108,1,-1
0.0,0.0,85,1,1
0.0,0.0,108,1,-1
0.0,0.0,85,1,1
0.0,0.0,108,1,-1
0.0,0.0,85,1,1
0.0,0.0,108,1,-1
0.0,0.0,85,1,1
0.0,0.0,108,1,-1
0.0,0.0,85,1,1
0.0,0.0,108,1,-1
0.0,0.0,85,1,1
0.0,0.0,108,1,-1
0.0,0.0,85,1,1
0.0,0.0,108,1,-1
0.0,0.0,85,1,1
0.0,0.0,108,1,-1
0.0,0.0,85,1,1
0.0,0.0,108,1,-1
0.0,0.0,85,1,1
0.0,0.0,222,1,-1
0.0,0.0,128,1,-1
0.0,0.0,89,1,1
0.0,0.0,108,1,-1
0.0,0.0,62,1,1
0.0,0.0,173,1,-1
0.0,0.0,65,1,1
0.0,0.0,108,1,-1
0.0,0.0,85,1,1
0.0,0.0,149,1,-1
0.0,0.0,121,1,1
0.0,0.0,157,1,-1
0.0,0.0,219,1,1
0.0,0.0,128,1,-1
0.0,0.0,108,1,-1
0.0,0.0,65,1,1
0.0,0.0,62,1,1
0.0,0.0,108,1,-1
0.0,0.0,85,1,1
0.0,0.0,108,1,-1
0.0,0.0,88,1,1
0.0,0.0,108,1,-1
0.0,0.0,85,1,1
0.0,0.0,108,1,-1
0.0,0.0,85,1,1
0.0,0.0,108,1,-1
0.0,0.0,85,1,1
0.0,0.0,108,1,-1
0.0,0.0,85,1,1
0.0,0.0,108,1,-1
0.0,0.0,85,1,1
0.0,0.0,108,1,-1
0.0,0.0,85,1,1
0.0,0.0,108,1,-1
0.0,0.0,85,1,1
0.0,0.0,108,1,-1
0.0,0.0,85,1,1
0.0,0.0,108,1,-1
0.0,0.0,88,1,1
0.0,0.0,108,1,-1
0.0,0.0,85,1,1
0.0,0.0,108,1,-1
0.0,0.0,89,1,1
0.0,0.0,108,1,-1
0.0,0.0,85,1,1
0.0,0.0,108,1,-1
0.0,0.0,85,1,1
0.0,0.0,108,1,-1
0.0,0.0,85,1,1
0.0,0.0,108,1,-1
0.0,0.0,85,1,1
0.0,0.0,108,1,-1
0.0,0.0,85,1,1
0.0,0.0,108,1,-1
0.0,0.0,85,1,1
0.0,0.0,108,1,-1
0.0,0.0,85,1,1
0.0,0.0,108,1,-1
0.0,0.0,85,1,1
0.0,0.0,108,1,-1
0.0,0.0,85,1,1
0.0,0.0,108,1,-1
0.0,0.0,85,1,1
0.0,0.0,108,1,-1
0.0,0.0,85,1,1
0.0,0.0,108,1,-1
0.0,0.0,85,1,1
0.0,0.0,108,1,-1
0.0,0.0,85,1,1
0.0,0.0,108,1,-1
0.0,0.0,85,1,1
0.0,0.0,108,1,-1
0.0,0.0,85,1,1
0.0,0.0,108,1,-1
0.0,0.0,85,1,1
0.0,0.0,108,1,-1
0.0,0.0,85,1,1
0.0,0.0,108,1,-1
0.0,0.0,85,1,1
0.0,0.0,108,1,-1
0.0,0.0,89,1,1
0.0,0.0,195,1,1
0.0,0.0,222,1,-1
0.0,0.0,128,1,-1
-0.000170857,0.000170857,443,2,1
0.0,0.0,108,1,-1
0.0,0.0,62,1,1
0.0,0.0,173,1,-1
0.0,0.0,89,1,1
0.0,0.0,108,1,-1
0.0,0.0,85,1,1
0.0,0.0,149,1,-1
0.0,0.0,66,1,1
0.0,0.0,108,1,-1
0.0,0.0,62,1,1
0.0,0.0,108,1,-1
0.0,0.0,85,1,1
0.0,0.0,159,1,1
0.0,0.0,108,1,-1
0.0,0.0,62,1,1
0.0,0.0,108,1,-1
0.0,0.0,85,1,1
0.0,0.0,108,1,-1
0.0,0.0,62,1,1
0.0,0.0,108,1,-1
0.0,0.0,85,1,1
0.0,0.0,108,1,-1
0.0,0.0,62,1,1
0.0,0.0,108,1,-1
0.0,0.0,85,1,1
0.0,0.0,108,1,-1
0.0,0.0,108,1,-1
0.0,0.0,85,1,1
0.0,0.0,62,1,1
0.0,0.0,108,1,-1
0.0,0.0,108,1,-1
0.0,0.0,85,1,1
0.0,0.0,62,1,1
0.0,0.0,108,1,-1
0.0,0.0,108,1,-1
0.0,0.0,85,1,1
0.0,0.0,62,1,1
0.0,0.0,108,1,-1
0.0,0.0,108,1,-1
0.0,0.0,85,1,1
0.0,0.0,62,1,1
0.0,0.0,108,1,-1
0.0,0.0,108,1,-1
0.0,0.0,85,1,1
0.0,0.0,62,1,1
0.0,0.0,108,1,-1
0.0,0.0,85,1,1
0.0,0.0,108,1,-1
0.0,0.0,62,1,1
0.0,0.0,155,1,1
0.0,0.0,108,1,-1
0.0,0.0,108,1,-1
0.0,0.0,85,1,1
0.0,0.0,118,1,1
0.0,0.0,108,1,-1
0.0,0.0,136,1,1
0.0,0.0,108,1,-1
0.0,0.0,62,1,1
0.0,0.0,108,1,-1
0.0,0.0,108,1,-1
0.0,0.0,165,1,1
0.0,0.0,62,1,1
0.0,0.0,108,1,-1
0.0,0.0,85,1,1
0.0,0.0,108,1,-1
0.0,0.0,62,1,1
0.0,0.0,108,1,-1
0.0,0.0,85,1,1
0.0,0.0,108,1,-1
0.0,0.0,88,1,1
0.0,0.0,108,1,-1
0.0,0.0,108,1,-1
0.0,0.0,62,1,1
0.0,0.0,85,1,1
0.0,0.0,108,1,-1
0.0,0.0,85,1,1
0.0,0.0,155,1,1
0.0,0.0,108,1,-1
0.0,0.0,62,1,1
0.0,0.0,108,1,-1
0.0,0.0,108,1,-1
0.0,0.0,85,1,1
0.0,0.0,62,1,1
0.0,0.0,108,1,-1
0.0,0.0,108,1,-1
-3.11e-07,3.11e-07,147,2,1
0.0,0.0,108,1,-1
0.0,0.0,108,1,-1
0.0,0.0,85,1,1
0.0,0.0,62,1,1
0.0,0.0,108,1,-1
0.0,0.0,108,1,-1
0.0,0.0,85,1,1
0.0,0.0,62,1,1
0.0,0.0,108,1,-1
0.0,0.0,108,1,-1
0.0,0.0,85,1,1
0.0,0.0,62,1,1
0.0,0.0,108,1,-1
0.0,0.0,108,1,-1
0.0,0.0,85,1,1
0.0,0.0,62,1,1
0.0,0.0,108,1,-1
0.0,0.0,108,1,-1
0.0,0.0,85,1,1
0.0,0.0,65,1,1
0.0,0.0,108,1,-1
0.0,0.0,108,1,-1
0.0,0.0,85,1,1
0.0,0.0,62,1,1
0.0,0.0,108,1,-1
0.0,0.0,108,1,-1
0.0,0.0,85,1,1
0.0,0.0,66,1,1
0.0,0.0,108,1,-1
0.0,0.0,108,1,-1
0.0,0.0,85,1,1
0.0,0.0,62,1,1
0.0,0.0,157,1,1
0.0,0.0,108,1,-1
0.0,0.0,108,1,-1
0.0,0.0,85,1,1
0.0,0.0,62,1,1
0.0,0.0,108,1,-1
0.0,0.0,85,1,1
0.0,0.0,108,1,-1
0.0,0.0,62,1,1
0.0,0.0,108,1,-1
0.0,0.0,85,1,1
0.0,0.0,108,1,-1
0.0,0.0,85,1,1
0.0,0.0,108,1,-1
0.0,0.0,108,1,-1
0.0,0.0,62,1,1
0.0,0.0,85,1,1
0.0,0.0,159,1,1
0.0,0.0,108,1,-1
0.0,0.0,108,1,-1
0.0,0.0,85,1,1
0.0,0.0,62,1,1
0.0,0.0,108,1,-1
0.0,0.0,108,1,-1
0.0,0.0,85,1,1
0.0,0.0,62,1,1
0.0,0.0,108,1,-1
0.0,0.0,108,1,-1
0.0,0.0,85,1,1
0.0,0.0,62,1,1
0.0,0.0,108,1,-1
0.0,0.0,108,1,-1
0.0,0.0,85,1,1
0.0,0.0,62,1,1
0.0,0.0,108,1,-1
0.0,0.0,108,1,-1
0.0,0.0,85,1,1
0.0,0.0,62,1,1
0.0,0.0,108,1,-1
0.0,0.0,108,1,-1
0.0,0.0,85,1,1
0.0,0.0,62,1,1
0.0,0.0,108,1,-1
0.0,0.0,108,1,-1
0.0,0.0,85,1,1
0.0,0.0,62,1,1
0.0,0.0,108,1,-1
0.0,0.0,108,1,-1
0.0,0.0,85,1,1
0.0,0.0,62,1,1
0.0,0.0,108,1,-1
0.0,0.0,108,1,-1
0.0,0.0,85,1,1
0.0,0.0,62,1,1
0.0,0.0,108,1,-1
0.0,0.0,108,1,-1
0.0,0.0,85,1,1
0.0,0.0,62,1,1
0.0,0.0,108,1,-1
0.0,0.0,108,1,-1
0.0,0.0,85,1,1
0.0,0.0,62,1,1
0.0,0.0,108,1,-1
0.0,0.0,108,1,-1
0.0,0.0,85,1,1
0.0,0.0,62,1,1
0.0,0.0,108,1,-1
0.0,0.0,85,1,1
0.0,0.0,108,1,-1
0.0,0.0,62,1,1
0.0,0.0,108,1,-1
0.0,0.0,108,1,-1
0.0,0.0,85,1,1
0.0,0.0,62,1,1
0.0,0.0,108,1,-1
0.0,0.0,85,1,1
0.0,0.0,108,1,-1
0.0,0.0,62,1,1
0.0,0.0,108,1,-1
0.0,0.0,85,1,1
0.0,0.0,108,1,-1
0.0,0.0,62,1,1
0.0,0.0,108,1,-1
0.0,0.0,88,1,1
0.0,0.0,222,1,-1
0.0,0.0,128,1,-1
0.0,0.0,108,1,-1
0.0,0.0,66,1,1
0.0,0.0,108,1,-1
0.0,0.0,62,1,1
0.0,0.0,173,1,-1
0.0,0.0,89,1,1
0.0,0.0,108,1,-1
0.0,0.0,62,1,1
0.0,0.0,159,1,1
0.0,0.0,108,1,-1
0.0,0.0,62,1,1
0.0,0.0,153,1,-1
0.0,0.0,89,1,1
0.0,0.0,283,1,-1
0.0,0.0,79,1,-1
0.0,0.0,108,1,-1
0.0,0.0,66,1,1
0.0,0.0,206,1,-1
0.0,0.0,65,1,1
0.0,0.0,108,1,-1
-0.00052076,0.00052076,166,2,-1
-0.000147143,0.000147143,184,2,-1
0.0,0.0,62,1,1
-4.71e-07,4.71e-07,164,2,1
0.0,0.0,73,1,-1
0.0,0.0,101,1,1
0.0,0.0,108,1,-1
0.0,0.0,82,1,1
0.0,0.0,77,1,1
-0.000418857,0.000418857,140,2,-1
-9.3113e-05,9.3113e-05,147,2,1
-0.000171368,0.000171368,180,2,-1
0.0,0.0,90,1,-1
0.0,0.0,81,1,1
0.0,0.0,99,1,-1
0.0,0.0,81,1,1
0.0,0.0,80,1,1
0.0,0.0,71,1,-1
-0.002103511,0.002103511,430,6,-1
0.0,0.0,66,1,1
0.0,0.0,81,1,1
0.0,0.0,81,1,1
0.0,0.0,80,1,1
0.0,0.0,80,1,1
-0.000486423,0.000486423,157,2,1
0.0,0.0,65,1,1
0.0,0.0,108,1,-1
0.0,0.0,65,1,1
0.0,0.0,80,1,-1
0.0,0.0,82,1,1
0.0,0.0,108,1,-1
0.0,0.0,85,1,-1
0.0,0.0,106,1,1
0.0,0.0,64,1,1
0.0,0.0,108,1,-1
0.0,0.0,72,1,-1
0.0,0.0,87,1,1
0.0,0.0,70,1,1
0.0,0.0,108,1,-1
0.0,0.0,101,1,1
0.0,0.0,108,1,-1
0.0,0.0,165,1,1
0.0,0.0,108,1,-1
0.0,0.0,62,1,1
0.0,0.0,108,1,-1
0.0,0.0,66,1,1
0.0,0.0,108,1,-1
0.0,0.0,86,1,1
0.0,0.0,108,1,-1
0.0,0.0,63,1,1
0.0,0.0,108,1,-1
0.0,0.0,86,1,1
0.0,0.0,108,1,-1
0.0,0.0,108,1,-1
0.0,0.0,63,1,1
0.0,0.0,63,1,1
0.0,0.0,108,1,-1
0.0,0.0,86,1,1
0.0,0.0,108,1,-1
0.0,0.0,63,1,1
0.0,0.0,108,1,-1
0.0,0.0,63,1,1
0.0,0.0,108,1,-1
0.0,0.0,86,1,1
0.0,0.0,108,1,-1
0.0,0.0,63,1,1
0.0,0.0,108,1,-1
0.0,0.0,63,1,1
0.0,0.0,108,1,-1
0.0,0.0,100,1,1
0.0,0.0,108,1,-1
0.0,0.0,108,1,-1
0.0,0.0,62,1,1
0.0,0.0,62,1,1
0.0,0.0,108,1,-1
0.0,0.0,85,1,1
0.0,0.0,108,1,-1
0.0,0.0,108,1,-1
0.0,0.0,62,1,1
0.0,0.0,62,1,1
0.0,0.0,108,1,-1
0.0,0.0,85,1,1
0.0,0.0,108,1,-1
0.0,0.0,62,1,1
0.0,0.0,108,1,-1
0.0,0.0,62,1,1
0.0,0.0,108,1,-1
0.0,0.0,85,1,1
0.0,0.0,108,1,-1
0.0,0.0,62,1,1
0.0,0.0,85,1,1
0.0,0.0,108,1,-1
0.0,0.0,62,1,1
0.0,0.0,108,1,-1
0.0,0.0,108,1,-1
0.0,0.0,85,1,1
0.0,0.0,62,1,1
0.0,0.0,108,1,-1
0.0,0.0,62,1,1
0.0,0.0,108,1,-1
0.0,0.0,108,1,-1
0.0,0.0,85,1,1
0.0,0.0,62,1,1
0.0,0.0,108,1,-1
0.0,0.0,62,1,1
0.0,0.0,108,1,-1
0.0,0.0,108,1,-1
0.0,0.0,85,1,1
0.0,0.0,62,1,1
0.0,0.0,108,1,-1
0.0,0.0,62,1,1
0.0,0.0,108,1,-1
0.0,0.0,85,1,1
0.0,0.0,159,1,1
0.0,0.0,108,1,-1
0.0,0.0,62,1,1
0.0,0.0,108,1,-1
0.0,0.0,85,1,1
0.0,0.0,108,1,-1
0.0,0.0,108,1,-1
0.0,0.0,62,1,1
0.0,0.0,62,1,1
0.0,0.0,108,1,-1
0.0,0.0,85,1,1
0.0,0.0,108,1,-1
0.0,0.0,108,1,-1
0.0,0.0,62,1,1
0.0,0.0,159,1,1
0.0,0.0,62,1,1
0.0,0.0,108,1,-1
0.0,0.0,85,1,1
0.0,0.0,108,1,-1
0.0,0.0,62,1,1
0.0,0.0,108,1,-1
0.0,0.0,62,1,1
0.0,0.0,108,1,-1
0.0,0.0,85,1,1
0.0,0.0,108,1,-1
0.0,0.0,62,1,1
0.0,0.0,108,1,-1
0.0,0.0,62,1,1
0.0,0.0,108,1,-1
0.0,0.0,85,1,1
0.0,0.0,108,1,-1
0.0,0.0,108,1,-1
0.0,0.0,62,1,1
0.0,0.0,62,1,1
0.0,0.0,108,1,-1
0.0,0.0,85,1,1
0.0,0.0,108,1,-1
0.0,0.0,108,1,-1
0.0,0.0,62,1,1
0.0,0.0,85,1,1
0.0,0.0,108,1,-1
0.0,0.0,62,1,1
0.0,0.0,108,1,-1
0.0,0.0,108,1,-1
-5.21e-07,5.21e-07,240,2,1
0.0,0.0,108,1,-1
0.0,0.0,62,1,1
0.0,0.0,108,1,-1
0.0,0.0,108,1,-1
0.0,0.0,85,1,1
0.0,0.0,62,1,1
0.0,0.0,108,1,-1
0.0,0.0,62,1,1
0.0,0.0,108,1,-1
0.0,0.0,108,1,-1
0.0,0.0,85,1,1
0.0,0.0,62,1,1
0.0,0.0,108,1,-1
0.0,0.0,62,1,1
0.0,0.0,108,1,-1
0.0,0.0,108,1,-1
0.0,0.0,85,1,1
-0.000868272,0.000868272,219,2,1
0.0,0.0,108,1,-1
0.0,0.0,62,1,1
0.0,0.0,108,1,-1
0.0,0.0,108,1,-1
0.0,0.0,85,1,1
-4.91e-07,4.91e-07,217,2,1
0.0,0.0,108,1,-1
0.0,0.0,62,1,1
0.0,0.0,108,1,-1
0.0,0.0,85,1,1
0.0,0.0,108,1,-1
-4.91e-07,4.91e-07,221,2,1
0.0,0.0,108,1,-1
0.0,0.0,62,1,1
0.0,0.0,108,1,-1
-4.81e-07,4.81e-07,240,2,1
0.0,0.0,108,1,-1
0.0,0.0,62,1,1
0.0,0.0,108,1,-1
0.0,0.0,62,1,1
0.0,0.0,108,1,-1
0.0,0.0,85,1,1
0.0,0.0,108,1,-1
0.0,0.0,62,1,1
0.0,0.0,108,1,-1
0.0,0.0,85,1,1
0.0,0.0,108,1,-1
0.0,0.0,62,1,1
0.0,0.0,108,1,-1
0.0,0.0,62,1,1
0.0,0.0,108,1,-1
0.0,0.0,85,1,1
0.0,0.0,108,1,-1
0.0,0.0,62,1,1
0.0,0.0,108,1,-1
0.0,0.0,85,1,1
0.0,0.0,108,1,-1
0.0,0.0,62,1,1
0.0,0.0,108,1,-1
0.0,0.0,62,1,1
0.0,0.0,108,1,-1
0.0,0.0,85,1,1
0.0,0.0,108,1,-1
0.0,0.0,62,1,1
0.0,0.0,108,1,-1
0.0,0.0,62,1,1
0.0,0.0,108,1,-1
0.0,0.0,85,1,1
0.0,0.0,108,1,-1
0.0,0.0,62,1,1
0.0,0.0,108,1,-1
0.0,0.0,62,1,1
0.0,0.0,108,1,-1
0.0,0.0,85,1,1
0.0,0.0,108,1,-1
0.0,0.0,62,1,1
0.0,0.0,108,1,-1
0.0,0.0,62,1,1
0.0,0.0,108,1,-1
0.0,0.0,85,1,1
0.0,0.0,108,1,-1
0.0,0.0,62,1,1
0.0,0.0,108,1,-1
0.0,0.0,85,1,1
0.0,0.0,108,1,-1
0.0,0.0,62,1,1
0.0,0.0,108,1,-1
0.0,0.0,62,1,1
0.0,0.0,108,1,-1
0.0,0.0,85,1,1
0.0,0.0,108,1,-1
0.0,0.0,62,1,1
0.0,0.0,108,1,-1
0.0,0.0,62,1,1
0.0,0.0,155,1,1
0.0,0.0,108,1,-1
0.0,0.0,85,1,1
0.0,0.0,108,1,-1
0.0,0.0,62,1,1
0.0,0.0,155,1,1
0.0,0.0,108,1,-1
0.0,0.0,62,1,1
0.0,0.0,108,1,-1
0.0,0.0,85,1,1
0.0,0.0,108,1,-1
0.0,0.0,62,1,1
0.0,0.0,108,1,-1
0.0,0.0,85,1,1
0.0,0.0,108,1,-1
0.0,0.0,62,1,1
0.0,0.0,108,1,-1
0.0,0.0,65,1,1
0.0,0.0,108,1,-1
0.0,0.0,85,1,1
0.0,0.0,108,1,-1
0.0,0.0,62,1,1
0.0,0.0,108,1,-1
0.0,0.0,62,1,1
0.0,0.0,108,1,-1
0.0,0.0,85,1,1
0.0,0.0,108,1,-1
0.0,0.0,62,1,1
0.0,0.0,108,1,-1
0.0,0.0,62,1,1
0.0,0.0,108,1,-1
0.0,0.0,85,1,1
0.0,0.0,108,1,-1
0.0,0.0,62,1,1
0.0,0.0,159,1,1
0.0,0.0,108,1,-1
0.0,0.0,85,1,1
0.0,0.0,108,1,-1
0.0,0.0,62,1,1
0.0,0.0,108,1,-1
0.0,0.0,62,1,1
0.0,0.0,108,1,-1
0.0,0.0,85,1,1
0.0,0.0,108,1,-1
0.0,0.0,62,1,1
0.0,0.0,108,1,-1
0.0,0.0,108,1,-1
0.0,0.0,85,1,1
0.0,0.0,62,1,1
0.0,0.0,155,1,1
0.0,0.0,108,1,-1
0.0,0.0,62,1,1
0.0,0.0,108,1,-1
0.0,0.0,108,1,-1
0.0,0.0,85,1,1
0.0,0.0,62,1,1
0.0,0.0,108,1,-1
0.0,0.0,62,1,1
0.0,0.0,108,1,-1
0.0,0.0,85,1,1
0.0,0.0,108,1,-1
0.0,0.0,118,1,1
0.0,0.0,108,1,-1
0.0,0.0,62,1,1
0.0,0.0,155,1,1
0.0,0.0,108,1,-1
0.0,0.0,85,1,1
0.0,0.0,108,1,-1
0.0,0.0,62,1,1
0.0,0.0,108,1,-1
0.0,0.0,121,1,1
0.0,0.0,108,1,-1
0.0,0.0,65,1,1
0.0,0.0,108,1,-1
0.0,0.0,62,1,1
0.0,0.0,108,1,-1
0.0,0.0,165,1,1
0.0,0.0,108,1,-1
0.0,0.0,66,1,1
0.0,0.0,108,1,-1
0.0,0.0,62,1,1
0.0,0.0,108,1,-1
0.0,0.0,85,1,1
0.0,0.0,108,1,-1
0.0,0.0,62,1,1
0.0,0.0,157,1,1
0.0,0.0,108,1,-1
0.0,0.0,85,1,1
0.0,0.0,108,1,-1
0.0,0.0,62,1,1
0.0,0.0,155,1,1
0.0,0.0,108,1,-1
0.0,0.0,62,1,1
0.0,0.0,108,1,-1
0.0,0.0,85,1,1
0.0,0.0,108,1,-1
0.0,0.0,62,1,1
0.0,0.0,108,1,-1
0.0,0.0,65,1,1
0.0,0.0,108,1,-1
0.0,0.0,100,1,1
0.0,0.0,108,1,-1
0.0,0.0,108,1,-1
0.0,0.0,62,1,1
0.0,0.0,62,1,1
0.0,0.0,108,1,-1
0.0,0.0,108,1,-1
0.0,0.0,85,1,1
0.0,0.0,108,1,-1
0.0,0.0,62,1,1
0.0,0.0,157,1,1
0.0,0.0,62,1,1
0.0,0.0,108,1,-1
0.0,0.0,85,1,1
0.0,0.0,108,1,-1
0.0,0.0,62,1,1
0.0,0.0,108,1,-1
0.0,0.0,62,1,1
0.0,0.0,108,1,-1
0.0,0.0,85,1,1
0.0,0.0,108,1,-1
0.0,0.0,108,1,-1
0.0,0.0,62,1,1
0.0,0.0,62,1,1
0.0,0.0,79,1,-1
0.0,0.0,104,1,1
0.0,0.0,85,1,-1
0.0,0.0,81,1,1
0.0,0.0,108,1,-1
0.0,0.0,108,1,-1
0.0,0.0,62,1,1
0.0,0.0,62,1,1
0.0,0.0,157,1,1
0.0,0.0,108,1,-1
0.0,0.0,85,1,1
0.0,0.0,108,1,-1
0.0,0.0,108,1,-1
0.0,0.0,62,1,1
0.0,0.0,62,1,1
0.0,0.0,108,1,-1
0.0,0.0,85,1,1
0.0,0.0,108,1,-1
0.0,0.0,108,1,-1
0.0,0.0,62,1,1
0.0,0.0,155,1,1
0.0,0.0,62,1,1
0.0,0.0,108,1,-1
0.0,0.0,85,1,1
0.0,0.0,108,1,-1
0.0,0.0,85,1,1
0.0,0.0,108,1,-1
0.0,0.0,62,1,1
0.0,0.0,159,1,1
0.0,0.0,108,1,-1
0.0,0.0,62,1,1
0.0,0.0,108,1,-1
0.0,0.0,85,1,1
0.0,0.0,108,1,-1
0.0,0.0,66,1,1
0.0,0.0,108,1,-1
0.0,0.0,108,1,-1
0.0,0.0,62,1,1
0.0,0.0,62,1,1
0.0,0.0,108,1,-1
0.0,0.0,85,1,1
0.0,0.0,108,1,-1
0.0,0.0,108,1,-1
0.0,0.0,62,1,1
0.0,0.0,62,1,1
0.0,0.0,108,1,-1
0.0,0.0,85,1,1
0.0,0.0,157,1,1
0.0,0.0,108,1,-1
0.0,0.0,108,1,-1
0.0,0.0,62,1,1
0.0,0.0,62,1,1
0.0,0.0,108,1,-1
0.0,0.0,85,1,1
0.0,0.0,108,1,-1
0.0,0.0,108,1,-1
0.0,0.0,62,1,1
0.0,0.0,85,1,1
0.0,0.0,108,1,-1
0.0,0.0,62,1,1
0.0,0.0,108,1,-1
0.0,0.0,62,1,1
0.0,0.0,108,1,-1
0.0,0.0,85,1,1
0.0,0.0,108,1,-1
0.0,0.0,62,1,1
0.0,0.0,108,1,-1
0.0,0.0,85,1,1
0.0,0.0,108,1,-1
0.0,0.0,62,1,1
0.0,0.0,108,1,-1
0.0,0.0,62,1,1
0.0,0.0,108,1,-1
0.0,0.0,85,1,1
0.0,0.0,108,1,-1
0.0,0.0,62,1,1
0.0,0.0,108,1,-1
0.0,0.0,62,1,1
0.0,0.0,108,1,-1
0.0,0.0,85,1,1
0.0,0.0,108,1,-1
0.0,0.0,62,1,1
0.0,0.0,108,1,-1
0.0,0.0,62,1,1
0.0,0.0,108,1,-1
0.0,0.0,85,1,1
0.0,0.0,108,1,-1
0.0,0.0,62,1,1
0.0,0.0,108,1,-1
0.0,0.0,85,1,1
0.0,0.0,108,1,-1
0.0,0.0,62,1,1
0.0,0.0,108,1,-1
0.0,0.0,62,1,1
0.0,0.0,108,1,-1
0.0,0.0,85,1,1
0.0,0.0,108,1,-1
0.0,0.0,62,1,1
0.0,0.0,108,1,-1
0.0,0.0,108,1,-1
0.0,0.0,85,1,1
0.0,0.0,62,1,1
0.0,0.0,108,1,-1
0.0,0.0,62,1,1
0.0,0.0,108,1,-1
0.0,0.0,108,1,-1
0.0,0.0,85,1,1
0.0,0.0,62,1,1
0.0,0.0,108,1,-1
0.0,0.0,62,1,1
0.0,0.0,108,1,-1
0.0,0.0,108,1,-1
0.0,0.0,85,1,1
0.0,0.0,62,1,1
0.0,0.0,108,1,-1
0.0,0.0,62,1,1
0.0,0.0,108,1,-1
0.0,0.0,85,1,1
0.0,0.0,108,1,-1
0.0,0.0,62,1,1
0.0,0.0,108,1,-1
0.0,0.0,62,1,1
0.0,0.0,108,1,-1
0.0,0.0,85,1,1
0.0,0.0,108,1,-1
0.0,0.0,62,1,1
0.0,0.0,108,1,-1
0.0,0.0,85,1,1
0.0,0.0,108,1,-1
-0.00047361,0.00047361,219,2,1
0.0,0.0,108,1,-1
0.0,0.0,62,1,1
0.0,0.0,108,1,-1
0.0,0.0,85,1,1
0.0,0.0,108,1,-1
0.0,0.0,62,1,1
0.0,0.0,108,1,-1
0.0,0.0,85,1,1
0.0,0.0,108,1,-1
0.0,0.0,62,1,1
0.0,0.0,108,1,-1
0.0,0.0,108,1,-1
0.0,0.0,88,1,1
0.0,0.0,62,1,1
0.0,0.0,108,1,-1
0.0,0.0,62,1,1
0.0,0.0,108,1,-1
0.0,0.0,108,1,-1
0.0,0.0,85,1,1
0.0,0.0,62,1,1
0.0,0.0,108,1,-1
0.0,0.0,62,1,1
0.0,0.0,108,1,-1
0.0,0.0,108,1,-1
0.0,0.0,85,1,1
0.0,0.0,62,1,1
0.0,0.0,159,1,1
0.0,0.0,108,1,-1
0.0,0.0,62,1,1
0.0,0.0,108,1,-1
0.0,0.0,108,1,-1
0.0,0.0,85,1,1
0.0,0.0,62,1,1
0.0,0.0,108,1,-1
0.0,0.0,62,1,1
0.0,0.0,108,1,-1
0.0,0.0,108,1,-1
0.0,0.0,85,1,1
0.0,0.0,62,1,1
0.0,0.0,108,1,-1
0.0,0.0,62,1,1
0.0,0.0,108,1,-1
0.0,0.0,108,1,-1
0.0,0.0,85,1,1
0.0,0.0,62,1,1
0.0,0.0,108,1,-1
0.0,0.0,85,1,1
0.0,0.0,108,1,-1
0.0,0.0,108,1,-1
0.0,0.0,62,1,1
0.0,0.0,62,1,1
0.0,0.0,108,1,-1
0.0,0.0,85,1,1
0.0,0.0,108,1,-1
0.0,0.0,108,1,-1
0.0,0.0,85,1,1
0.0,0.0,118,1,1
0.0,0.0,108,1,-1
0.0,0.0,62,1,1
0.0,0.0,108,1,-1
0.0,0.0,85,1,1
0.0,0.0,108,1,-1
0.0,0.0,62,1,1
0.0,0.0,108,1,-1
0.0,0.0,62,1,1
0.0,0.0,157,1,1
0.0,0.0,108,1,-1
0.0,0.0,108,1,-1
0.0,0.0,124,1,1
0.0,0.0,62,1,1
0.0,0.0,108,1,-1
0.0,0.0,62,1,1
0.0,0.0,108,1,-1
0.0,0.0,108,1,-1
0.0,0.0,165,1,1
-0.000930313,0.000930313,225,2,1
0.0,0.0,108,1,-1
0.0,0.0,62,1,1
0.0,0.0,108,1,-1
0.0,0.0,85,1,1
0.0,0.0,108,1,-1
0.0,0.0,62,1,1
0.0,0.0,108,1,-1
0.0,0.0,62,1,1
0.0,0.0,108,1,-1
0.0,0.0,108,1,-1
0.0,0.0,85,1,1
0.0,0.0,62,1,1
0.0,0.0,157,1,1
0.0,0.0,108,1,-1
0.0,0.0,85,1,1
0.0,0.0,108,1,-1
0.0,0.0,62,1,1
0.0,0.0,108,1,-1
0.0,0.0,85,1,1
0.0,0.0,108,1,-1
0.0,0.0,62,1,1
0.0,0.0,108,1,-1
0.0,0.0,62,1,1
0.0,0.0,108,1,-1
0.0,0.0,100,1,1
0.0,0.0,108,1,-1
0.0,0.0,62,1,1
0.0,0.0,108,1,-1
0.0,0.0,108,1,-1
0.0,0.0,85,1,1
0.0,0.0,62,1,1
0.0,0.0,108,1,-1
0.0,0.0,62,1,1
0.0,0.0,108,1,-1
0.0,0.0,108,1,-1
0.0,0.0,85,1,1
0.0,0.0,62,1,1
0.0,0.0,108,1,-1
0.0,0.0,62,1,1
0.0,0.0,108,1,-1
0.0,0.0,108,1,-1
0.0,0.0,85,1,1
0.0,0.0,62,1,1
0.0,0.0,108,1,-1
0.0,0.0,62,1,1
0.0,0.0,108,1,-1
0.0,0.0,85,1,1
0.0,0.0,108,1,-1
0.0,0.0,62,1,1
0.0,0.0,108,1,-1
0.0,0.0,62,1,1
0.0,0.0,108,1,-1
0.0,0.0,85,1,1
0.0,0.0,108,1,-1
0.0,0.0,62,1,1
0.0,0.0,108,1,-1
0.0,0.0,85,1,1
0.0,0.0,108,1,-1
0.0,0.0,62,1,1
0.0,0.0,108,1,-1
0.0,0.0,62,1,1
0.0,0.0,108,1,-1
0.0,0.0,85,1,1
0.0,0.0,108,1,-1
0.0,0.0,62,1,1
0.0,0.0,108,1,-1
0.0,0.0,62,1,1
0.0,0.0,108,1,-1
0.0,0.0,85,1,1
0.0,0.0,108,1,-1
0.0,0.0,62,1,1
0.0,0.0,108,1,-1
-5.31e-07,5.31e-07,244,2,1
0.0,0.0,108,1,-1
0.0,0.0,62,1,1
0.0,0.0,108,1,-1
0.0,0.0,62,1,1
0.0,0.0,108,1,-1
0.0,0.0,85,1,1
0.0,0.0,108,1,-1
0.0,0.0,108,1,-1
0.0,0.0,62,1,1
0.0,0.0,62,1,1
0.0,0.0,108,1,-1
0.0,0.0,85,1,1
0.0,0.0,108,1,-1
0.0,0.0,108,1,-1
0.0,0.0,85,1,1
0.0,0.0,62,1,1
0.0,0.0,108,1,-1
0.0,0.0,62,1,1
0.0,0.0,108,1,-1
0.0,0.0,108,1,-1
0.0,0.0,85,1,1
0.0,0.0,62,1,1
0.0,0.0,108,1,-1
0.0,0.0,62,1,1
0.0,0.0,108,1,-1
0.0,0.0,108,1,-1
0.0,0.0,85,1,1
0.0,0.0,62,1,1
0.0,0.0,108,1,-1
0.0,0.0,62,1,1
0.0,0.0,108,1,-1
0.0,0.0,108,1,-1
0.0,0.0,85,1,1
0.0,0.0,62,1,1
0.0,0.0,108,1,-1
0.0,0.0,62,1,1
0.0,0.0,108,1,-1
0.0,0.0,85,1,1
0.0,0.0,108,1,-1
0.0,0.0,108,1,-1
0.0,0.0,62,1,1
0.0,0.0,62,1,1
0.0,0.0,108,1,-1
0.0,0.0,62,1,1
0.0,0.0,108,1,-1
0.0,0.0,85,1,1
0.0,0.0,108,1,-1
0.0,0.0,108,1,-1
0.0,0.0,62,1,1
0.0,0.0,85,1,1
0.0,0.0,108,1,-1
0.0,0.0,108,1,-1
0.0,0.0,62,1,1
0.0,0.0,155,1,1
0.0,0.0,108,1,-1
0.0,0.0,62,1,1
0.0,0.0,85,1,1
0.0,0.0,108,1,-1
0.0,0.0,108,1,-1
0.0,0.0,62,1,1
0.0,0.0,62,1,1
0.0,0.0,108,1,-1
0.0,0.0,85,1,1
0.0,0.0,108,1,-1
0.0,0.0,108,1,-1
0.0,0.0,62,1,1
0.0,0.0,89,1,1
0.0,0.0,108,1,-1
0.0,0.0,108,1,-1
0.0,0.0,62,1,1
0.0,0.0,62,1,1
0.0,0.0,108,1,-1
0.0,0.0,62,1,1
0.0,0.0,108,1,-1
0.0,0.0,108,1,-1
-4e-07,4e-07,147,2,1
0.0,0.0,108,1,-1
0.0,0.0,85,1,1
0.0,0.0,108,1,-1
0.0,0.0,108,1,-1
0.0,0.0,62,1,1
0.0,0.0,62,1,1
0.0,0.0,108,1,-1
0.0,0.0,85,1,1
0.0,0.0,108,1,-1
0.0,0.0,62,1,1
0.0,0.0,108,1,-1
0.0,0.0,108,1,-1
0.0,0.0,62,1,1
0.0,0.0,62,1,1
0.0,0.0,108,1,-1
0.0,0.0,85,1,1
0.0,0.0,108,1,-1
0.0,0.0,108,1,-1
0.0,0.0,62,1,1
-4.91e-07,4.91e-07,217,2,1
0.0,0.0,108,1,-1
0.0,0.0,85,1,1
0.0,0.0,108,1,-1
0.0,0.0,108,1,-1
0.0,0.0,85,1,1
0.0,0.0,62,1,1
0.0,0.0,108,1,-1
0.0,0.0,62,1,1
0.0,0.0,108,1,-1
0.0,0.0,108,1,-1
0.0,0.0,85,1,1
0.0,0.0,62,1,1
0.0,0.0,108,1,-1
0.0,0.0,62,1,1
0.0,0.0,159,1,1
0.0,0.0,108,1,-1
0.0,0.0,108,1,-1
0.0,0.0,85,1,1
0.0,0.0,62,1,1
0.0,0.0,155,1,1
0.0,0.0,108,1,-1
0.0,0.0,85,1,1
0.0,0.0,108,1,-1
0.0,0.0,108,1,-1
0.0,0.0,62,1,1
0.0,0.0,62,1,1
0.0,0.0,108,1,-1
0.0,0.0,85,1,1
0.0,0.0,108,1,-1
0.0,0.0,108,1,-1
0.0,0.0,62,1,1
0.0,0.0,66,1,1
0.0,0.0,108,1,-1
0.0,0.0,62,1,1
0.0,0.0,108,1,-1
0.0,0.0,85,1,1
0.0,0.0,108,1,-1
0.0,0.0,62,1,1
0.0,0.0,108,1,-1
0.0,0.0,85,1,1
0.0,0.0,108,1,-1
0.0,0.0,62,1,1
0.0,0.0,108,1,-1
0.0,0.0,62,1,1
0.0,0.0,108,1,-1
0.0,0.0,89,1,1
0.0,0.0,108,1,-1
0.0,0.0,62,1,1
0.0,0.0,108,1,-1
0.0,0.0,62,1,1
0.0,0.0,108,1,-1
0.0,0.0,62,1,1
0.0,0.0,108,1,-1
0.0,0.0,108,1,-1
0.0,0.0,88,1,1
0.0,0.0,157,1,1
0.0,0.0,62,1,1
0.0,0.0,108,1,-1
0.0,0.0,85,1,1
0.0,0.0,108,1,-1
0.0,0.0,108,1,-1
0.0,0.0,62,1,1
0.0,0.0,62,1,1
0.0,0.0,108,1,-1
0.0,0.0,85,1,1
0.0,0.0,108,1,-1
0.0,0.0,108,1,-1
0.0,0.0,62,1,1
0.0,0.0,62,1,1
0.0,0.0,108,1,-1
0.0,0.0,85,1,1
0.0,0.0,108,1,-1
0.0,0.0,108,1,-1
0.0,0.0,62,1,1
0.0,0.0,62,1,1
0.0,0.0,108,1,-1
0.0,0.0,85,1,1
0.0,0.0,108,1,-1
0.0,0.0,108,1,-1
0.0,0.0,62,1,1
0.0,0.0,62,1,1
0.0,0.0,108,1,-1
0.0,0.0,85,1,1
0.0,0.0,108,1,-1
0.0,0.0,108,1,-1
0.0,0.0,141,1,1
0.0,0.0,62,1,1
0.0,0.0,108,1,-1
0.0,0.0,62,1,1
0.0,0.0,108,1,-1
0.0,0.0,108,1,-1
0.0,0.0,121,1,1
0.0,0.0,62,1,1
0.0,0.0,108,1,-1
0.0,0.0,65,1,1
0.0,0.0,108,1,-1
0.0,0.0,165,1,1
0.0,0.0,108,1,-1
0.0,0.0,62,1,1
0.0,0.0,108,1,-1
0.0,0.0,62,1,1
0.0,0.0,108,1,-1
0.0,0.0,85,1,1
0.0,0.0,108,1,-1
0.0,0.0,65,1,1
0.0,0.0,108,1,-1
0.0,0.0,66,1,1
0.0,0.0,108,1,-1
0.0,0.0,85,1,1
0.0,0.0,108,1,-1
0.0,0.0,62,1,1
0.0,0.0,108,1,-1
0.0,0.0,85,1,1
0.0,0.0,108,1,-1
0.0,0.0,62,1,1
0.0,0.0,108,1,-1
0.0,0.0,85,1,1
0.0,0.0,108,1,-1
0.0,0.0,100,1,1
0.0,0.0,108,1,-1
0.0,0.0,62,1,1
0.0,0.0,108,1,-1
0.0,0.0,85,1,1
0.0,0.0,108,1,-1
0.0,0.0,62,1,1
0.0,0.0,108,1,-1
0.0,0.0,85,1,1
0.0,0.0,108,1,-1
0.0,0.0,62,1,1
0.0,0.0,108,1,-1
0.0,0.0,85,1,1
0.0,0.0,108,1,-1
0.0,0.0,62,1,1
0.0,0.0,108,1,-1
0.0,0.0,85,1,1
0.0,0.0,108,1,-1
0.0,0.0,62,1,1
0.0,0.0,108,1,-1
0.0,0.0,85,1,1
0.0,0.0,108,1,-1
0.0,0.0,62,1,1
0.0,0.0,108,1,-1
0.0,0.0,85,1,1
0.0,0.0,108,1,-1
0.0,0.0,62,1,1
0.0,0.0,108,1,-1
0.0,0.0,85,1,1
0.0,0.0,108,1,-1
0.0,0.0,62,1,1
0.0,0.0,108,1,-1
0.0,0.0,85,1,1
0.0,0.0,108,1,-1
0.0,0.0,85,1,1
0.0,0.0,108,1,-1
0.0,0.0,62,1,1
0.0,0.0,108,1,-1
0.0,0.0,85,1,1
0.0,0.0,108,1,-1
0.0,0.0,62,1,1
0.0,0.0,108,1,-1
0.0,0.0,85,1,1
0.0,0.0,108,1,-1
0.0,0.0,62,1,1
0.0,0.0,108,1,-1
0.0,0.0,85,1,1
0.0,0.0,108,1,-1
0.0,0.0,62,1,1
0.0,0.0,157,1,1
0.0,0.0,108,1,-1
0.0,0.0,85,1,1
0.0,0.0,108,1,-1
0.0,0.0,62,1,1
0.0,0.0,108,1,-1
0.0,0.0,85,1,1
0.0,0.0,108,1,-1
0.0,0.0,85,1,1
0.0,0.0,108,1,-1
0.0,0.0,62,1,1
0.0,0.0,108,1,-1
0.0,0.0,85,1,1
0.0,0.0,108,1,-1
0.0,0.0,62,1,1
0.0,0.0,108,1,-1
0.0,0.0,85,1,1
0.0,0.0,108,1,-1
0.0,0.0,62,1,1
0.0,0.0,155,1,1
0.0,0.0,108,1,-1
0.0,0.0,85,1,1
0.0,0.0,108,1,-1
0.0,0.0,62,1,1
0.0,0.0,108,1,-1
0.0,0.0,85,1,1
0.0,0.0,108,1,-1
0.0,0.0,62,1,1
0.0,0.0,108,1,-1
0.0,0.0,85,1,1
0.0,0.0,108,1,-1
0.0,0.0,62,1,1
0.0,0.0,108,1,-1
0.0,0.0,85,1,1
0.0,0.0,108,1,-1
0.0,0.0,62,1,1
0.0,0.0,108,1,-1
0.0,0.0,85,1,1
0.0,0.0,108,1,-1
0.0,0.0,62,1,1
0.0,0.0,157,1,1
0.0,0.0,108,1,-1
0.0,0.0,85,1,1
0.0,0.0,108,1,-1
0.0,0.0,85,1,1
0.0,0.0,108,1,-1
0.0,0.0,62,1,1
0.0,0.0,108,1,-1
0.0,0.0,85,1,1
0.0,0.0,108,1,-1
0.0,0.0,62,1,1
0.0,0.0,108,1,-1
0.0,0.0,85,1,1
0.0,0.0,108,1,-1
0.0,0.0,85,1,1
0.0,0.0,108,1,-1
0.0,0.0,62,1,1
0.0,0.0,108,1,-1
0.0,0.0,85,1,1
0.0,0.0,108,1,-1
0.0,0.0,62,1,1
0.0,0.0,157,1,1
0.0,0.0,108,1,-1
0.0,0.0,85,1,1
0.0,0.0,108,1,-1
0.0,0.0,62,1,1
0.0,0.0,108,1,-1
0.0,0.0,85,1,1
0.0,0.0,157,1,1
0.0,0.0,108,1,-1
0.0,0.0,62,1,1
0.0,0.0,108,1,-1
0.0,0.0,85,1,1
0.0,0.0,108,1,-1
0.0,0.0,62,1,1
0.0,0.0,108,1,-1
0.0,0.0,85,1,1
0.0,0.0,108,1,-1
0.0,0.0,62,1,1
0.0,0.0,108,1,-1
0.0,0.0,85,1,1
0.0,0.0,108,1,-1
0.0,0.0,66,1,1
0.0,0.0,108,1,-1
0.0,0.0,85,1,1
0.0,0.0,108,1,-1
0.0,0.0,85,1,1
0.0,0.0,108,1,-1
0.0,0.0,88,1,1
0.0,0.0,108,1,-1
0.0,0.0,85,1,1
0.0,0.0,108,1,-1
0.0,0.0,85,1,1
0.0,0.0,108,1,-1
0.0,0.0,85,1,1
0.0,0.0,108,1,-1
0.0,0.0,85,1,1
0.0,0.0,108,1,-1
0.0,0.0,85,1,1
0.0,0.0,108,1,-1
0.0,0.0,141,1,1
0.0,0.0,108,1,-1
0.0,0.0,124,1,1
0.0,0.0,108,1,-1
0.0,0.0,165,1,1
0.0,0.0,108,1,-1
0.0,0.0,85,1,1
0.0,0.0,108,1,-1
0.0,0.0,89,1,1
0.0,0.0,108,1,-1
0.0,0.0,85,1,1
0.0,0.0,108,1,-1
0.0,0.0,85,1,1
0.0,0.0,108,1,-1
0.0,0.0,85,1,1
0.0,0.0,108,1,-1
0.0,0.0,100,1,1
0.0,0.0,108,1,-1
0.0,0.0,85,1,1
0.0,0.0,108,1,-1
0.0,0.0,85,1,1
0.0,0.0,108,1,-1
0.0,0.0,85,1,1
0.0,0.0,108,1,-1
0.0,0.0,85,1,1
0.0,0.0,108,1,-1
0.0,0.0,85,1,1
0.0,0.0,108,1,-1
0.0,0.0,85,1,1
0.0,0.0,108,1,-1
0.0,0.0,85,1,1
0.0,0.0,108,1,-1
0.0,0.0,85,1,1
0.0,0.0,108,1,-1
0.0,0.0,85,1,1
0.0,0.0,108,1,-1
0.0,0.0,85,1,1
0.0,0.0,108,1,-1
0.0,0.0,85,1,1
0.0,0.0,108,1,-1
0.0,0.0,85,1,1
0.0,0.0,108,1,-1
0.0,0.0,85,1,1
0.0,0.0,108,1,-1
0.0,0.0,85,1,1
0.0,0.0,108,1,-1
0.0,0.0,85,1,1
0.0,0.0,108,1,-1
0.0,0.0,85,1,1
0.0,0.0,108,1,-1
0.0,0.0,85,1,1
0.0,0.0,108,1,-1
0.0,0.0,85,1,1
0.0,0.0,108,1,-1
0.0,0.0,85,1,1
0.0,0.0,108,1,-1
0.0,0.0,85,1,1
0.0,0.0,108,1,-1
0.0,0.0,85,1,1
0.0,0.0,108,1,-1
0.0,0.0,85,1,1
0.0,0.0,108,1,-1
0.0,0.0,85,1,1
0.0,0.0,108,1,-1
0.0,0.0,85,1,1
0.0,0.0,108,1,-1
0.0,0.0,85,1,1
0.0,0.0,108,1,-1
0.0,0.0,85,1,1
0.0,0.0,108,1,-1
0.0,0.0,85,1,1
0.0,0.0,108,1,-1
0.0,0.0,85,1,1
0.0,0.0,108,1,-1
0.0,0.0,85,1,1
0.0,0.0,108,1,-1
0.0,0.0,85,1,1
0.0,0.0,108,1,-1
0.0,0.0,85,1,1
0.0,0.0,108,1,-1
0.0,0.0,85,1,1
0.0,0.0,108,1,-1
0.0,0.0,85,1,1
0.0,0.0,108,1,-1
0.0,0.0,85,1,1
0.0,0.0,108,1,-1
0.0,0.0,85,1,1
0.0,0.0,108,1,-1
0.0,0.0,85,1,1
0.0,0.0,108,1,-1
0.0,0.0,85,1,1
0.0,0.0,108,1,-1
0.0,0.0,89,1,1
Clump Interarrival,Clump Duration,Clump Size,Clump Packets,Clump Direction
0.0,0.0,222,1,-1
0.0,0.0,89,1,1
0.0,0.0,173,1,-1
0.0,0.0,102,1,1
0.0,0.0,153,1,-1
-8.41e-07,8.41e-07,371,2,1
0.0,0.0,108,1,-1
0.0,0.0,65,1,1
0.0,0.0,108,1,-1
0.0,0.0,85,1,1
0.0,0.0,108,1,-1
0.0,0.0,89,1,1
0.0,0.0,108,1,-1
0.0,0.0,85,1,1
0.0,0.0,108,1,-1
0.0,0.0,85,1,1
0.0,0.0,108,1,-1
0.0,0.0,100,1,1
0.0,0.0,108,1,-1
0.0,0.0,85,1,1
0.0,0.0,108,1,-1
0.0,0.0,85,1,1
0.0,0.0,108,1,-1
0.0,0.0,85,1,1
0.0,0.0,108,1,-1
0.0,0.0,88,1,1
0.0,0.0,108,1,-1
0.0,0.0,85,1,1
0.0,0.0,108,1,-1
0.0,0.0,85,1,1
0.0,0.0,108,1,-1
0.0,0.0,85,1,1
0.0,0.0,108,1,-1
0.0,0.0,85,1,1
0.0,0.0,108,1,-1
0.0,0.0,85,1,1
0.0,0.0,108,1,-1
0.0,0.0,88,1,1
0.0,0.0,108,1,-1
0.0,0.0,62,1,1
0.0,0.0,108,1,-1
0.0,0.0,65,1,1
0.0,0.0,108,1,-1
0.0,0.0,89,1,1
0.0,0.0,283,1,-1
0.0,0.0,66,1,1
0.0,0.0,283,1,-1
0.0,0.0,62,1,1
0.0,0.0,334,1,1
0.0,0.0,283,1,-1
0.0,0.0,62,1,1
0.0,0.0,334,1,1
0.0,0.0,122,1,-1
-4.81e-07,4.81e-07,235,2,1
0.0,0.0,108,1,-1
0.0,0.0,62,1,1
0.0,0.0,108,1,-1
0.0,0.0,85,1,1
0.0,0.0,108,1,-1
0.0,0.0,85,1,1
0.0,0.0,108,1,-1
0.0,0.0,85,1,1
0.0,0.0,108,1,-1
-7.82e-07,7.82e-07,244,2,1
0.0,0.0,108,1,-1
0.0,0.0,85,1,1
0.0,0.0,159,1,1
0.0,0.0,108,1,-1
0.0,0.0,85,1,1
0.0,0.0,159,1,1
0.0,0.0,108,1,-1
0.0,0.0,85,1,1
0.0,0.0,108,1,-1
0.0,0.0,85,1,1
0.0,0.0,108,1,-1
0.0,0.0,85,1,1
0.0,0.0,108,1,-1
0.0,0.0,85,1,1
0.0,0.0,108,1,-1
0.0,0.0,85,1,1
0.0,0.0,108,1,-1
0.0,0.0,85,1,1
0.0,0.0,108,1,-1
0.0,0.0,85,1,1
0.0,0.0,108,1,-1
0.0,0.0,85,1,1
0.0,0.0,108,1,-1
0.0,0.0,85,1,1
0.0,0.0,108,1,-1
0.0,0.0,85,1,1
0.0,0.0,108,1,-1
0.0,0.0,85,1,1
0.0,0.0,108,1,-1
0.0,0.0,85,1,1
0.0,0.0,108,1,-1
0.0,0.0,85,1,1
0.0,0.0,108,1,-1
0.0,0.0,85,1,1
0.0,0.0,108,1,-1
0.0,0.0,85,1,1
0.0,0.0,108,1,-1
0.0,0.0,85,1,1
0.0,0.0,108,1,-1
0.0,0.0,89,1,1
0.0,0.0,108,1,-1
0.0,0.0,62,1,1
0.0,0.0,108,1,-1
0.0,0.0,66,1,1
0.0,0.0,283,1,-1
0.0,0.0,62,1,1
0.0,0.0,283,1,-1
0.0,0.0,85,1,1
0.0,0.0,283,1,-1
0.0,0.0,66,1,1
0.0,0.0,122,1,-1
-4.81e-07,4.81e-07,231,2,1
0.0,0.0,108,1,-1
0.0,0.0,62,1,1
0.0,0.0,108,1,-1
0.0,0.0,85,1,1
0.0,0.0,108,1,-1
0.0,0.0,177,1,1
0.0,0.0,108,1,-1
0.0,0.0,85,1,1
0.0,0.0,108,1,-1
0.0,0.0,85,1,1
0.0,0.0,108,1,-1
0.0,0.0,165,1,1
0.0,0.0,108,1,-1
0.0,0.0,85,1,1
0.0,0.0,108,1,-1
0.0,0.0,88,1,1
0.0,0.0,108,1,-1
0.0,0.0,89,1,1
0.0,0.0,108,1,-1
0.0,0.0,85,1,1
0.0,0.0,108,1,-1
0.0,0.0,100,1,1
0.0,0.0,108,1,-1
0.0,0.0,85,1,1
0.0,0.0,108,1,-1
0.0,0.0,85,1,1
0.0,0.0,108,1,-1
0.0,0.0,85,1,1
0.0,0.0,108,1,-1
0.0,0.0,85,1,1
0.0,0.0,108,1,-1
0.0,0.0,85,1,1
0.0,0.0,108,1,-1
0.0,0.0,85,1,1
0.0,0.0,108,1,-1
0.0,0.0,85,1,1
0.0,0.0,108,1,-1
0.0,0.0,85,1,1
0.0,0.0,108,1,-1
0.0,0.0,62,1,1
0.0,0.0,328,1,1
0.0,0.0,108,1,-1
0.0,0.0,66,1,1
0.0,0.0,283,1,-1
0.0,0.0,62,1,1
0.0,0.0,283,1,-1
0.0,0.0,85,1,1
0.0,0.0,283,1,-1
0.0,0.0,62,1,1
0.0,0.0,122,1,-1
0.0,0.0,66,1,1
0.0,0.0,108,1,-1
0.0,0.0,65,1,1
0.0,0.0,108,1,-1
0.0,0.0,85,1,1
0.0,0.0,157,1,1
0.0,0.0,108,1,-1
0.0,0.0,85,1,1
0.0,0.0,108,1,-1
0.0,0.0,85,1,1
0.0,0.0,108,1,-1
0.0,0.0,85,1,1
0.0,0.0,108,1,-1
0.0,0.0,85,1,1
0.0,0.0,108,1,-1
0.0,0.0,85,1,1
0.0,0.0,108,1,-1
0.0,0.0,85,1,1
0.0,0.0,108,1,-1
0.0,0.0,85,1,1
0.0,0.0,108,1,-1
0.0,0.0,89,1,1
0.0,0.0,222,1,-1
0.0,0.0,128,1,-1
0.0,0.0,89,1,1
0.0,0.0,108,1,-1
0.0,0.0,62,1,1
0.0,0.0,173,1,-1
0.0,0.0,89,1,1
0.0,0.0,108,1,-1
0.0,0.0,62,1,1
0.0,0.0,149,1,-1
0.0,0.0,85,1,1
0.0,0.0,200,1,1
0.0,0.0,283,1,-1
0.0,0.0,66,1,1
0.0,0.0,120,1,-1
0.0,0.0,62,1,1
0.0,0.0,108,1,-1
0.0,0.0,62,1,1
0.0,0.0,108,1,-1
0.0,0.0,62,1,1
0.0,0.0,155,1,1
0.0,0.0,108,1,-1
0.0,0.0,85,1,1
0.0,0.0,108,1,-1
0.0,0.0,62,1,1
0.0,0.0,108,1,-1
0.0,0.0,85,1,1
0.0,0.0,108,1,-1
0.0,0.0,62,1,1
0.0,0.0,108,1,-1
0.0,0.0,85,1,1
0.0,0.0,108,1,-1
0.0,0.0,62,1,1
0.0,0.0,159,1,1
0.0,0.0,108,1,-1
0.0,0.0,85,1,1
0.0,0.0,108,1,-1
0.0,0.0,62,1,1
0.0,0.0,155,1,1
0.0,0.0,108,1,-1
0.0,0.0,85,1,1
0.0,0.0,108,1,-1
0.0,0.0,85,1,1
0.0,0.0,108,1,-1
0.0,0.0,62,1,1
0.0,0.0,108,1,-1
0.0,0.0,85,1,1
0.0,0.0,108,1,-1
0.0,0.0,62,1,1
0.0,0.0,108,1,-1
0.0,0.0,85,1,1
0.0,0.0,108,1,-1
0.0,0.0,62,1,1
0.0,0.0,108,1,-1
0.0,0.0,85,1,1
0.0,0.0,108,1,-1
0.0,0.0,62,1,1
0.0,0.0,108,1,-1
0.0,0.0,85,1,1
0.0,0.0,108,1,-1
0.0,0.0,62,1,1
0.0,0.0,108,1,-1
0.0,0.0,85,1,1
0.0,0.0,108,1,-1
0.0,0.0,66,1,1
0.0,0.0,108,1,-1
0.0,0.0,85,1,1
0.0,0.0,108,1,-1
0.0,0.0,85,1,1
0.0,0.0,108,1,-1
0.0,0.0,85,1,1
0.0,0.0,108,1,-1
0.0,0.0,85,1,1
0.0,0.0,108,1,-1
0.0,0.0,177,1,1
0.0,0.0,108,1,-1
0.0,0.0,85,1,1
0.0,0.0,108,1,-1
0.0,0.0,85,1,1
0.0,0.0,108,1,-1
0.0,0.0,165,1,1
0.0,0.0,108,1,-1
-4.71e-07,4.71e-07,242,2,1
0.0,0.0,108,1,-1
0.0,0.0,85,1,1
0.0,0.0,108,1,-1
0.0,0.0,85,1,1
0.0,0.0,108,1,-1
0.0,0.0,88,1,1
0.0,0.0,108,1,-1
0.0,0.0,85,1,1
0.0,0.0,108,1,-1
0.0,0.0,100,1,1
0.0,0.0,108,1,-1
0.0,0.0,85,1,1
0.0,0.0,108,1,-1
0.0,0.0,85,1,1
0.0,0.0,108,1,-1
0.0,0.0,89,1,1
0.0,0.0,108,1,-1
0.0,0.0,85,1,1
0.0,0.0,108,1,-1
-4.91e-07,4.91e-07,242,2,1
0.0,0.0,108,1,-1
0.0,0.0,85,1,1
0.0,0.0,108,1,-1
0.0,0.0,85,1,1
0.0,0.0,108,1,-1
0.0,0.0,85,1,1
0.0,0.0,108,1,-1
0.0,0.0,85,1,1
0.0,0.0,108,1,-1
0.0,0.0,85,1,1
0.0,0.0,108,1,-1
0.0,0.0,88,1,1
0.0,0.0,108,1,-1
0.0,0.0,85,1,1
0.0,0.0,108,1,-1
0.0,0.0,85,1,1
0.0,0.0,108,1,-1
0.0,0.0,85,1,1
0.0,0.0,108,1,-1
0.0,0.0,85,1,1
0.0,0.0,108,1,-1
0.0,0.0,85,1,1
0.0,0.0,108,1,-1
0.0,0.0,85,1,1
0.0,0.0,108,1,-1
0.0,0.0,85,1,1
0.0,0.0,108,1,-1
0.0,0.0,85,1,1
0.0,0.0,108,1,-1
0.0,0.0,85,1,1
0.0,0.0,108,1,-1
0.0,0.0,85,1,1
0.0,0.0,108,1,-1
0.0,0.0,85,1,1
0.0,0.0,108,1,-1
-5.61e-07,5.61e-07,242,2,1
0.0,0.0,108,1,-1
0.0,0.0,85,1,1
0.0,0.0,108,1,-1
-5.51e-07,5.51e-07,244,2,1
0.0,0.0,108,1,-1
0.0,0.0,85,1,1
0.0,0.0,108,1,-1
0.0,0.0,85,1,1
0.0,0.0,108,1,-1
0.0,0.0,85,1,1
0.0,0.0,108,1,-1
0.0,0.0,85,1,1
0.0,0.0,108,1,-1
-5.01e-07,5.01e-07,320,2,1
0.0,0.0,222,1,-1
0.0,0.0,128,1,-1
0.0,0.0,65,1,1
0.0,0.0,108,1,-1
0.0,0.0,62,1,1
0.0,0.0,173,1,-1
0.0,0.0,88,1,1
0.0,0.0,108,1,-1
0.0,0.0,62,1,1
0.0,0.0,165,1,-1
0.0,0.0,89,1,1
0.0,0.0,108,1,-1
0.0,0.0,62,1,1
0.0,0.0,108,1,-1
0.0,0.0,62,1,1
0.0,0.0,108,1,-1
0.0,0.0,85,1,1
0.0,0.0,108,1,-1
0.0,0.0,62,1,1
0.0,0.0,108,1,-1
0.0,0.0,85,1,1
0.0,0.0,108,1,-1
0.0,0.0,85,1,1
0.0,0.0,108,1,-1
0.0,0.0,62,1,1
0.0,0.0,108,1,-1
0.0,0.0,85,1,1
0.0,0.0,108,1,-1
0.0,0.0,62,1,1
0.0,0.0,108,1,-1
0.0,0.0,85,1,1
0.0,0.0,108,1,-1
0.0,0.0,118,1,1
0.0,0.0,70,1,-1
-0.000669268,0.000669268,140,2,-1
-0.000206375,0.000206375,205,2,1
0.0,0.0,108,1,-1
0.0,0.0,62,1,1
0.0,0.0,62,1,1
0.0,0.0,283,1,-1
0.0,0.0,146,1,1
0.0,0.0,283,1,-1
0.0,0.0,62,1,1
0.0,0.0,236,1,-1
0.0,0.0,89,1,1
0.0,0.0,108,1,-1
0.0,0.0,108,1,-1
0.0,0.0,62,1,1
0.0,0.0,108,1,-1
0.0,0.0,108,1,-1
0.0,0.0,85,1,1
0.0,0.0,62,1,1
0.0,0.0,108,1,-1
0.0,0.0,108,1,-1
0.0,0.0,85,1,1
0.0,0.0,65,1,1
0.0,0.0,108,1,-1
0.0,0.0,108,1,-1
0.0,0.0,85,1,1
0.0,0.0,62,1,1
0.0,0.0,108,1,-1
0.0,0.0,108,1,-1
0.0,0.0,100,1,1
0.0,0.0,62,1,1
0.0,0.0,108,1,-1
0.0,0.0,108,1,-1
0.0,0.0,85,1,1
0.0,0.0,62,1,1
0.0,0.0,108,1,-1
0.0,0.0,108,1,-1
0.0,0.0,85,1,1
0.0,0.0,62,1,1
0.0,0.0,108,1,-1
0.0,0.0,108,1,-1
0.0,0.0,85,1,1
0.0,0.0,66,1,1
0.0,0.0,108,1,-1
0.0,0.0,108,1,-1
0.0,0.0,85,1,1
0.0,0.0,62,1,1
0.0,0.0,159,1,1
0.0,0.0,108,1,-1
0.0,0.0,108,1,-1
0.0,0.0,85,1,1
-5.01e-07,5.01e-07,217,2,1
0.0,0.0,108,1,-1
0.0,0.0,85,1,1
0.0,0.0,108,1,-1
0.0,0.0,62,1,1
0.0,0.0,108,1,-1
0.0,0.0,85,1,1
0.0,0.0,108,1,-1
0.0,0.0,62,1,1
0.0,0.0,108,1,-1
0.0,0.0,85,1,1
0.0,0.0,108,1,-1
0.0,0.0,85,1,1
0.0,0.0,108,1,-1
0.0,0.0,62,1,1
0.0,0.0,108,1,-1
0.0,0.0,85,1,1
0.0,0.0,157,1,1
0.0,0.0,108,1,-1
0.0,0.0,62,1,1
0.0,0.0,108,1,-1
0.0,0.0,85,1,1
0.0,0.0,108,1,-1
0.0,0.0,85,1,1
0.0,0.0,108,1,-1
0.0,0.0,65,1,1
0.0,0.0,108,1,-1
0.0,0.0,85,1,1
0.0,0.0,108,1,-1
0.0,0.0,62,1,1
0.0,0.0,108,1,-1
0.0,0.0,85,1,1
0.0,0.0,108,1,-1
0.0,0.0,85,1,1
0.0,0.0,108,1,-1
0.0,0.0,85,1,1
0.0,0.0,108,1,-1
0.0,0.0,85,1,1
0.0,0.0,108,1,-1
0.0,0.0,85,1,1
0.0,0.0,108,1,-1
0.0,0.0,89,1,1
Clump Interarrival,Clump Duration,Clump Size,Clump Packets,Clump Direction
0.0,0.0,53,1,-1
0.0,0.0,250,1,1
Clump Interarrival,Clump Duration,Clump Size,Clump Packets,Clump Direction
0.0,0.0,53,1,-1
0.0,0.0,250,1,1
Clump Interarrival,Clump Duration,Clump Size,Clump Packets,Clump Direction
0.0,0.0,53,1,-1
0.0,0.0,87,1,-1
-0.00046657,0.00046657,841,9,-1
0.0,0.0,250,1,1
-9.5207e-05,9.5207e-05,844,5,1
0.0,0.0,200,1,1
0.0,0.0,283,1,1
-0.000253613,0.000253613,410,4,-1
-0.00028501,0.00028501,256,3,-1
0.0,0.0,204,1,1
0.0,0.0,227,1,1
-0.000915878,0.000915878,410,4,-1
0.0,0.0,220,1,1
Clump Interarrival,Clump Duration,Clump Size,Clump Packets,Clump Direction
0.0,0.0,53,1,-1
0.0,0.0,250,1,1
Clump Interarrival,Clump Duration,Clump Size,Clump Packets,Clump Direction
0.0,0.0,53,1,-1
0.0,0.0,250,1,1
Clump Interarrival,Clump Duration,Clump Size,Clump Packets,Clump Direction
0.0,0.0,53,1,-1
0.0,0.0,250,1,1
Clump Interarrival,Clump Duration,Clump Size,Clump Packets,Clump Direction
0.0,0.0,53,1,-1
0.0,0.0,87,1,-1
-2.8663e-05,2.8663e-05,278,2,-1
-0.000116187,0.000116187,205,2,-1
0.0,0.0,250,1,1
-1.31e-07,1.31e-07,235,2,1
Clump Interarrival,Clump Duration,Clump Size,Clump Packets,Clump Direction
0.0,0.0,53,1,-1
0.0,0.0,87,1,-1
-0.000102441,0.000102441,278,2,-1
-7.0131e-05,7.0131e-05,205,2,-1
0.0,0.0,250,1,1
-2.01e-07,2.01e-07,235,2,1
Clump Interarrival,Clump Duration,Clump Size,Clump Packets,Clump Direction
0.0,0.0,222,1,-1
-0.000737542,0.000737542,485,2,1
0.0,0.0,173,1,-1
0.0,0.0,89,1,1
0.0,0.0,153,1,-1
-0.000533312,0.000533312,289,2,1
0.0,0.0,108,1,-1
-3.91e-07,3.91e-07,225,2,1
0.0,0.0,108,1,-1
0.0,0.0,85,1,1
0.0,0.0,108,1,-1
-0.000524158,0.000524158,243,2,1
0.0,0.0,108,1,-1
0.0,0.0,85,1,1
0.0,0.0,159,1,1
0.0,0.0,108,1,-1
0.0,0.0,88,1,1
0.0,0.0,108,1,-1
-0.000466713,0.000466713,240,2,1
0.0,0.0,108,1,-1
-0.0005063,0.0005063,244,2,1
0.0,0.0,108,1,-1
-0.000868145,0.000868145,240,2,1
0.0,0.0,108,1,-1
-0.00049748,0.00049748,240,2,1
0.0,0.0,108,1,-1
0.0,0.0,85,1,1
0.0,0.0,157,1,1
0.0,0.0,108,1,-1
-6.11e-07,6.11e-07,244,2,1
0.0,0.0,108,1,-1
0.0,0.0,88,1,1
0.0,0.0,328,1,1
0.0,0.0,108,1,-1
0.0,0.0,66,1,1
0.0,0.0,108,1,-1
-0.000936621,0.000936621,388,2,1
0.0,0.0,283,1,-1
-0.00057454,0.00057454,396,2,1
0.0,0.0,283,1,-1
0.0,0.0,66,1,1
0.0,0.0,332,1,1
0.0,0.0,283,1,-1
-0.000390393,0.000390393,400,2,1
0.0,0.0,122,1,-1
-0.000822935,0.000822935,260,2,1
0.0,0.0,108,1,-1
-0.000419651,0.000419651,219,2,1
0.0,0.0,108,1,-1
-0.000268214,0.000268214,240,2,1
0.0,0.0,108,1,-1
-0.000695118,0.000695118,240,2,1
0.0,0.0,108,1,-1
0.0,0.0,85,1,1
0.0,0.0,108,1,-1
-0.000540837,0.000540837,244,2,1
0.0,0.0,108,1,-1
0.0,0.0,85,1,1
0.0,0.0,108,1,-1
-0.000248084,0.000248084,242,2,1
0.0,0.0,108,1,-1
-0.000242536,0.000242536,242,2,1
0.0,0.0,108,1,-1
0.0,0.0,85,1,1
0.0,0.0,155,1,1
0.0,0.0,108,1,-1
0.0,0.0,85,1,1
0.0,0.0,108,1,-1
0.0,0.0,85,1,1
0.0,0.0,159,1,1
0.0,0.0,108,1,-1
0.0,0.0,85,1,1
0.0,0.0,108,1,-1
0.0,0.0,85,1,1
0.0,0.0,108,1,-1
0.0,0.0,85,1,1
0.0,0.0,108,1,-1
0.0,0.0,85,1,1
0.0,0.0,108,1,-1
-0.000369993,0.000369993,240,2,1
0.0,0.0,108,1,-1
-0.00057881,0.00057881,240,2,1
0.0,0.0,108,1,-1
-0.00048687,0.00048687,242,2,1
0.0,0.0,108,1,-1
-0.000525028,0.000525028,244,2,1
0.0,0.0,108,1,-1
-0.000493713,0.000493713,242,2,1
0.0,0.0,108,1,-1
-6.32e-07,6.32e-07,244,2,1
0.0,0.0,108,1,-1
-6.21e-07,6.21e-07,242,2,1
0.0,0.0,108,1,-1
-0.000477031,0.000477031,240,2,1
0.0,0.0,108,1,-1
-0.00060527,0.00060527,244,2,1
0.0,0.0,108,1,-1
0.0,0.0,85,1,1
0.0,0.0,108,1,-1
0.0,0.0,85,1,1
0.0,0.0,108,1,-1
-0.000418863,0.000418863,300,2,1
0.0,0.0,108,1,-1
-0.000474452,0.000474452,276,2,1
0.0,0.0,108,1,-1
-6.61e-07,6.61e-07,322,2,1
0.0,0.0,108,1,-1
0.0,0.0,100,1,1
0.0,0.0,155,1,1
0.0,0.0,108,1,-1
0.0,0.0,85,1,1
0.0,0.0,108,1,-1
0.0,0.0,85,1,1
0.0,0.0,108,1,-1
0.0,0.0,85,1,1
0.0,0.0,159,1,1
0.0,0.0,108,1,-1
0.0,0.0,85,1,1
0.0,0.0,157,1,1
0.0,0.0,108,1,-1
0.0,0.0,85,1,1
0.0,0.0,108,1,-1
-0.000279003,0.000279003,248,2,1
0.0,0.0,108,1,-1
0.0,0.0,88,1,1
0.0,0.0,108,1,-1
-0.000165823,0.000165823,244,2,1
0.0,0.0,108,1,-1
0.0,0.0,88,1,1
0.0,0.0,108,1,-1
0.0,0.0,85,1,1
0.0,0.0,108,1,-1
0.0,0.0,85,1,1
0.0,0.0,108,1,-1
0.0,0.0,85,1,1
0.0,0.0,108,1,-1
-0.00018999,0.00018999,242,2,1
0.0,0.0,108,1,-1
-0.000490345,0.000490345,240,2,1
0.0,0.0,108,1,-1
-0.000474013,0.000474013,244,2,1
0.0,0.0,108,1,-1
0.0,0.0,85,1,1
0.0,0.0,108,1,-1
0.0,0.0,85,1,1
0.0,0.0,157,1,1
0.0,0.0,108,1,-1
0.0,0.0,85,1,1
0.0,0.0,108,1,-1
0.0,0.0,85,1,1
0.0,0.0,108,1,-1
-9.32e-07,9.32e-07,244,2,1
0.0,0.0,108,1,-1
0.0,0.0,62,1,1
0.0,0.0,108,1,-1
-0.00049405,0.00049405,242,2,1
0.0,0.0,108,1,-1
-0.00050512,0.00050512,242,2,1
0.0,0.0,108,1,-1
-0.00049855,0.00049855,244,2,1
0.0,0.0,108,1,-1
0.0,0.0,85,1,1
0.0,0.0,159,1,1
0.0,0.0,108,1,-1
0.0,0.0,85,1,1
0.0,0.0,108,1,-1
0.0,0.0,85,1,1
0.0,0.0,108,1,-1
0.0,0.0,85,1,1
0.0,0.0,155,1,1
0.0,0.0,108,1,-1
0.0,0.0,85,1,1
0.0,0.0,108,1,-1
-0.000475582,0.000475582,242,2,1
0.0,0.0,108,1,-1
-0.000408204,0.000408204,244,2,1
0.0,0.0,108,1,-1
-0.000533825,0.000533825,240,2,1
0.0,0.0,108,1,-1
-0.000415987,0.000415987,244,2,1
0.0,0.0,108,1,-1
0.0,0.0,85,1,1
0.0,0.0,157,1,1
0.0,0.0,108,1,-1
-0.000800463,0.000800463,240,2,1
0.0,0.0,108,1,-1
-0.0008698,0.0008698,240,2,1
0.0,0.0,108,1,-1
0.0,0.0,85,1,1
0.0,0.0,108,1,-1
-0.000718997,0.000718997,240,2,1
0.0,0.0,108,1,-1
-0.000396387,0.000396387,240,2,1
0.0,0.0,108,1,-1
-0.000879577,0.000879577,240,2,1
0.0,0.0,108,1,-1
0.0,0.0,85,1,1
0.0,0.0,157,1,1
0.0,0.0,108,1,-1
-0.000271648,0.000271648,244,2,1
0.0,0.0,108,1,-1
-0.000350932,0.000350932,244,2,1
0.0,0.0,108,1,-1
0.0,0.0,85,1,1
0.0,0.0,108,1,-1
-0.000505582,0.000505582,240,2,1
0.0,0.0,108,1,-1
-0.000948742,0.000948742,240,2,1
0.0,0.0,108,1,-1
0.0,0.0,85,1,1
0.0,0.0,108,1,-1
0.0,0.0,85,1,1
0.0,0.0,108,1,-1
0.0,0.0,141,1,1
0.0,0.0,157,1,1
0.0,0.0,108,1,-1
0.0,0.0,121,1,1
0.0,0.0,108,1,-1
-0.000698255,0.000698255,320,2,1
0.0,0.0,108,1,-1
-0.000678887,0.000678887,255,2,1
0.0,0.0,108,1,-1
0.0,0.0,85,1,1
0.0,0.0,108,1,-1
0.0,0.0,85,1,1
0.0,0.0,159,1,1
0.0,0.0,108,1,-1
-0.00046904,0.00046904,244,2,1
0.0,0.0,108,1,-1
-0.00037112,0.00037112,244,2,1
0.0,0.0,108,1,-1
0.0,0.0,85,1,1
0.0,0.0,108,1,-1
0.0,0.0,85,1,1
0.0,0.0,108,1,-1
0.0,0.0,89,1,1
0.0,0.0,108,1,-1
-0.000358285,0.000358285,244,2,1
0.0,0.0,108,1,-1
0.0,0.0,88,1,1
0.0,0.0,155,1,1
0.0,0.0,108,1,-1
-0.000453262,0.000453262,245,2,1
0.0,0.0,108,1,-1
-0.000525088,0.000525088,240,2,1
0.0,0.0,108,1,-1
0.0,0.0,85,1,1
0.0,0.0,108,1,-1
-0.000316914,0.000316914,244,2,1
0.0,0.0,108,1,-1
-6.11e-07,6.11e-07,244,2,1
0.0,0.0,108,1,-1
0.0,0.0,85,1,1
0.0,0.0,159,1,1
0.0,0.0,108,1,-1
0.0,0.0,85,1,1
0.0,0.0,157,1,1
0.0,0.0,108,1,-1
-0.000162976,0.000162976,240,2,1
0.0,0.0,108,1,-1
0.0,0.0,85,1,1
0.0,0.0,108,1,-1
0.0,0.0,85,1,1
0.0,0.0,108,1,-1
-0.000364185,0.000364185,244,2,1
0.0,0.0,108,1,-1
0.0,0.0,85,1,1
0.0,0.0,157,1,1
0.0,0.0,108,1,-1
-0.000307025,0.000307025,242,2,1
0.0,0.0,108,1,-1
-0.000849255,0.000849255,242,2,1
0.0,0.0,108,1,-1
-0.000451712,0.000451712,244,2,1
0.0,0.0,108,1,-1
-0.000331883,0.000331883,240,2,1
0.0,0.0,108,1,-1
-0.000296712,0.000296712,240,2,1
0.0,0.0,108,1,-1
0.0,0.0,85,1,1
0.0,0.0,155,1,1
0.0,0.0,108,1,-1
-0.0003928,0.0003928,240,2,1
0.0,0.0,108,1,-1
0.0,0.0,85,1,1
0.0,0.0,108,1,-1
0.0,0.0,85,1,1
0.0,0.0,108,1,-1
0.0,0.0,85,1,1
0.0,0.0,108,1,-1
0.0,0.0,85,1,1
0.0,0.0,108,1,-1
0.0,0.0,85,1,1
0.0,0.0,155,1,1
0.0,0.0,108,1,-1
0.0,0.0,85,1,1
0.0,0.0,108,1,-1
0.0,0.0,85,1,1
0.0,0.0,108,1,-1
-0.000475189,0.000475189,240,2,1
0.0,0.0,108,1,-1
-0.000412809,0.000412809,244,2,1
0.0,0.0,108,1,-1
-0.00039478,0.00039478,240,2,1
0.0,0.0,108,1,-1
0.0,0.0,85,1,1
0.0,0.0,155,1,1
0.0,0.0,108,1,-1
-0.00049619,0.00049619,242,2,1
0.0,0.0,108,1,-1
0.0,0.0,85,1,1
0.0,0.0,108,1,-1
-0.000528442,0.000528442,242,2,1
0.0,0.0,108,1,-1
-0.000480927,0.000480927,240,2,1
0.0,0.0,108,1,-1
0.0,0.0,85,1,1
0.0,0.0,155,1,1
0.0,0.0,108,1,-1
-0.000685302,0.000685302,242,2,1
0.0,0.0,108,1,-1
0.0,0.0,85,1,1
0.0,0.0,108,1,-1
-0.000666749,0.000666749,242,2,1
0.0,0.0,108,1,-1
-0.000476311,0.000476311,296,2,1
0.0,0.0,108,1,-1
-0.000472009,0.000472009,280,2,1
0.0,0.0,108,1,-1
0.0,0.0,165,1,1
0.0,0.0,108,1,-1
-0.000252038,0.000252038,257,2,1
0.0,0.0,108,1,-1
-0.000592484,0.000592484,242,2,1
0.0,0.0,108,1,-1
-1.402e-06,1.402e-06,242,2,1
0.0,0.0,108,1,-1
-0.000290101,0.000290101,242,2,1
0.0,0.0,108,1,-1
-0.00073676,0.00073676,242,2,1
0.0,0.0,108,1,-1
-1.894e-06,1.894e-06,242,2,1
0.0,0.0,108,1,-1
0.0,0.0,85,1,1
0.0,0.0,159,1,1
0.0,0.0,108,1,-1
0.0,0.0,89,1,1
0.0,0.0,159,1,1
0.0,0.0,108,1,-1
0.0,0.0,85,1,1
0.0,0.0,108,1,-1
-0.000627101,0.000627101,274,2,1
0.0,0.0,222,1,-1
0.0,0.0,128,1,-1
-0.00088942,0.00088942,513,3,1
0.0,0.0,108,1,-1
-2.264e-06,2.264e-06,245,2,1
0.0,0.0,173,1,-1
-0.000675123,0.000675123,352,2,1
0.0,0.0,108,1,-1
0.0,0.0,85,1,1
0.0,0.0,143,1,-1
0.0,0.0,66,1,1
0.0,0.0,190,1,1
0.0,0.0,108,1,-1
-3.51e-07,3.51e-07,244,2,1
0.0,0.0,108,1,-1
-0.000734187,0.000734187,220,2,1
0.0,0.0,108,1,-1
-0.00037834,0.00037834,242,2,1
0.0,0.0,108,1,-1
-0.000190999,0.000190999,219,2,1
0.0,0.0,108,1,-1
-0.000165339,0.000165339,242,2,1
0.0,0.0,108,1,-1
-0.000188474,0.000188474,221,2,1
0.0,0.0,108,1,-1
-0.000761971,0.000761971,242,2,1
0.0,0.0,108,1,-1
-0.000245283,0.000245283,217,2,1
0.0,0.0,108,1,-1
0.0,0.0,85,1,1
0.0,0.0,108,1,-1
-0.000639474,0.000639474,219,2,1
0.0,0.0,108,1,-1
-0.000605385,0.000605385,240,2,1
0.0,0.0,108,1,-1
0.0,0.0,62,1,1
0.0,0.0,157,1,1
0.0,0.0,108,1,-1
0.0,0.0,85,1,1
0.0,0.0,159,1,1
0.0,0.0,108,1,-1
-6.42e-07,6.42e-07,217,2,1
0.0,0.0,108,1,-1
-0.000405072,0.000405072,240,2,1
0.0,0.0,108,1,-1
-0.000446899,0.000446899,219,2,1
0.0,0.0,108,1,-1
-0.000198941,0.000198941,244,2,1
0.0,0.0,108,1,-1
0.0,0.0,85,1,1
0.0,0.0,108,1,-1
-0.000408277,0.000408277,217,2,1
0.0,0.0,108,1,-1
-0.000409767,0.000409767,242,2,1
0.0,0.0,108,1,-1
-0.000375975,0.000375975,221,2,1
0.0,0.0,108,1,-1
-5.01e-07,5.01e-07,240,2,1
0.0,0.0,108,1,-1
0.0,0.0,85,1,1
0.0,0.0,108,1,-1
-0.000323671,0.000323671,221,2,1
0.0,0.0,108,1,-1
-0.000704599,0.000704599,244,2,1
0.0,0.0,108,1,-1
-3.6e-07,3.6e-07,221,2,1
0.0,0.0,108,1,-1
0.0,0.0,85,1,1
0.0,0.0,108,1,-1
-0.000708517,0.000708517,221,2,1
0.0,0.0,108,1,-1
-0.000511684,0.000511684,242,2,1
0.0,0.0,108,1,-1
0.0,0.0,62,1,1
0.0,0.0,108,1,-1
-0.000418374,0.000418374,240,2,1
0.0,0.0,108,1,-1
-0.000512779,0.000512779,219,2,1
0.0,0.0,108,1,-1
0.0,0.0,85,1,1
0.0,0.0,157,1,1
0.0,0.0,108,1,-1
-0.000462148,0.000462148,221,2,1
0.0,0.0,108,1,-1
0.0,0.0,108,1,-1
-0.000911979,0.000911979,240,2,1
-0.000446401,0.000446401,221,2,1
0.0,0.0,108,1,-1
0.0,0.0,108,1,-1
-0.000838457,0.000838457,244,2,1
-0.000491017,0.000491017,217,2,1
0.0,0.0,108,1,-1
-0.00017104,0.00017104,285,2,1
0.0,0.0,137,1,-1
-0.000788116,0.000788116,253,2,1
-0.000624637,0.000624637,216,2,-1
-0.000604596,0.000604596,283,3,1
0.0,0.0,108,1,-1
0.0,0.0,108,1,-1
-0.000534931,0.000534931,242,2,1
0.0,0.0,108,1,-1
0.0,0.0,108,1,-1
-0.000355395,0.000355395,221,2,1
0.0,0.0,62,1,1
0.0,0.0,157,1,1
0.0,0.0,108,1,-1
0.0,0.0,108,1,-1
0.0,0.0,85,1,1
0.0,0.0,159,1,1
-0.000453838,0.000453838,244,2,1
0.0,0.0,108,1,-1
0.0,0.0,108,1,-1
-0.000579337,0.000579337,242,2,1
-5.21e-07,5.21e-07,221,2,1
0.0,0.0,108,1,-1
0.0,0.0,108,1,-1
-0.000664367,0.000664367,242,2,1
0.0,0.0,62,1,1
0.0,0.0,108,1,-1
0.0,0.0,108,1,-1
0.0,0.0,85,1,1
0.0,0.0,159,1,1
-0.000224703,0.000224703,221,2,1
0.0,0.0,108,1,-1
0.0,0.0,108,1,-1
-0.000226463,0.000226463,240,2,1
-0.000478729,0.000478729,219,2,1
0.0,0.0,108,1,-1
0.0,0.0,108,1,-1
0.0,0.0,85,1,1
0.0,0.0,62,1,1
0.0,0.0,108,1,-1
0.0,0.0,108,1,-1
0.0,0.0,85,1,1
0.0,0.0,62,1,1
0.0,0.0,108,1,-1
0.0,0.0,108,1,-1
-0.000304857,0.000304857,242,2,1
-0.000417391,0.000417391,277,2,1
0.0,0.0,108,1,-1
0.0,0.0,108,1,-1
0.0,0.0,85,1,1
0.0,0.0,159,1,1
0.0,0.0,108,1,-1
-0.000876819,0.000876819,217,2,1
-0.000532135,0.000532135,217,2,1
0.0,0.0,108,1,-1
0.0,0.0,121,1,1
0.0,0.0,108,1,-1
-0.000277014,0.000277014,221,2,1
0.0,0.0,108,1,-1
0.0,0.0,165,1,1
0.0,0.0,108,1,-1
-0.000569818,0.000569818,217,2,1
0.0,0.0,108,1,-1
0.0,0.0,108,1,-1
-0.000462358,0.000462358,259,2,1
-0.00043052,0.00043052,217,2,1
0.0,0.0,108,1,-1
0.0,0.0,108,1,-1
0.0,0.0,85,1,1
0.0,0.0,157,1,1
0.0,0.0,85,1,1
0.0,0.0,155,1,1
0.0,0.0,108,1,-1
-0.000732451,0.000732451,221,2,1
0.0,0.0,108,1,-1
0.0,0.0,85,1,1
0.0,0.0,155,1,1
0.0,0.0,108,1,-1
-0.00043144,0.00043144,240,2,1
0.0,0.0,108,1,-1
-0.00039961,0.00039961,221,2,1
0.0,0.0,108,1,-1
0.0,0.0,108,1,-1
-0.000232548,0.000232548,242,2,1
0.0,0.0,62,1,1
0.0,0.0,108,1,-1
0.0,0.0,108,1,-1
-6.11e-07,6.11e-07,147,2,1
0.0,0.0,108,1,-1
0.0,0.0,108,1,-1
-0.000463753,0.000463753,248,2,1
-0.000902033,0.000902033,219,2,1
0.0,0.0,108,1,-1
0.0,0.0,108,1,-1
-0.000892087,0.000892087,240,2,1
-0.000510092,0.000510092,281,2,1
0.0,0.0,108,1,-1
-0.000503118,0.000503118,244,2,1
0.0,0.0,108,1,-1
-0.000316198,0.000316198,242,2,1
0.0,0.0,108,1,-1
-0.000626957,0.000626957,240,2,1
0.0,0.0,108,1,-1
-0.000202099,0.000202099,240,2,1
0.0,0.0,108,1,-1
-0.000892561,0.000892561,245,2,1
0.0,0.0,108,1,-1
-0.000541075,0.000541075,244,2,1
0.0,0.0,108,1,-1
-0.000231105,0.000231105,301,2,1
Clump Interarrival,Clump Duration,Clump Size,Clump Packets,Clump Direction
0.0,0.0,222,1,-1
-6.01e-07,6.01e-07,489,2,1
0.0,0.0,173,1,-1
0.0,0.0,89,1,1
0.0,0.0,284,1,1
0.0,0.0,153,1,-1
0.0,0.0,89,1,1
0.0,0.0,200,1,1
0.0,0.0,108,1,-1
0.0,0.0,66,1,1
0.0,0.0,108,1,-1
-0.000716269,0.000716269,243,2,1
0.0,0.0,108,1,-1
-0.000489433,0.000489433,245,2,1
0.0,0.0,108,1,-1
-0.000855457,0.000855457,244,2,1
0.0,0.0,108,1,-1
0.0,0.0,85,1,1
0.0,0.0,155,1,1
0.0,0.0,108,1,-1
0.0,0.0,85,1,1
0.0,0.0,108,1,-1
0.0,0.0,85,1,1
0.0,0.0,108,1,-1
-0.000999583,0.000999583,240,2,1
0.0,0.0,108,1,-1
0.0,0.0,85,1,1
0.0,0.0,157,1,1
0.0,0.0,108,1,-1
0.0,0.0,85,1,1
0.0,0.0,157,1,1
0.0,0.0,108,1,-1
-0.000494168,0.000494168,244,2,1
0.0,0.0,108,1,-1
-0.000242064,0.000242064,240,2,1
0.0,0.0,108,1,-1
0.0,0.0,85,1,1
0.0,0.0,108,1,-1
0.0,0.0,88,1,1
0.0,0.0,108,1,-1
-0.000602434,0.000602434,393,2,1
0.0,0.0,108,1,-1
-0.00027535,0.00027535,413,2,1
0.0,0.0,108,1,-1
-0.000690979,0.000690979,252,2,1
0.0,0.0,283,1,-1
-0.000671358,0.000671358,396,2,1
0.0,0.0,283,1,-1
0.0,0.0,62,1,1
0.0,0.0,283,1,-1
-0.000640109,0.000640109,398,2,1
0.0,0.0,122,1,-1
-7.52e-07,7.52e-07,237,2,1
-0.000179148,0.000179148,242,2,1
0.0,0.0,108,1,-1
0.0,0.0,85,1,1
0.0,0.0,155,1,1
0.0,0.0,108,1,-1
-0.000654685,0.000654685,240,2,1
0.0,0.0,108,1,-1
-0.00071656,0.00071656,240,2,1
0.0,0.0,108,1,-1
-0.000358935,0.000358935,242,2,1
0.0,0.0,108,1,-1
0.0,0.0,85,1,1
0.0,0.0,157,1,1
0.0,0.0,108,1,-1
-4.6e-07,4.6e-07,244,2,1
0.0,0.0,108,1,-1
-0.000388103,0.000388103,242,2,1
0.0,0.0,108,1,-1
0.0,0.0,88,1,1
0.0,0.0,207,1,1
0.0,0.0,222,1,-1
0.0,0.0,128,1,-1
-0.000509813,0.000509813,626,3,1
0.0,0.0,108,1,-1
-0.00077734,0.00077734,242,2,1
0.0,0.0,173,1,-1
-0.000265157,0.000265157,352,2,1
0.0,0.0,108,1,-1
-0.000185058,0.000185058,244,2,1
0.0,0.0,155,1,-1
0.0,0.0,65,1,1
0.0,0.0,283,1,-1
-0.000900199,0.000900199,392,2,1
0.0,0.0,240,1,-1
-0.000667706,0.000667706,355,2,1
0.0,0.0,108,1,-1
-0.000955107,0.000955107,240,2,1
0.0,0.0,108,1,-1
-0.000725865,0.000725865,221,2,1
0.0,0.0,108,1,-1
0.0,0.0,85,1,1
0.0,0.0,157,1,1
0.0,0.0,108,1,-1
-0.000565021,0.000565021,217,2,1
0.0,0.0,108,1,-1
0.0,0.0,85,1,1
0.0,0.0,108,1,-1
-0.000951448,0.000951448,222,2,1
0.0,0.0,108,1,-1
-7.02e-07,7.02e-07,245,2,1
0.0,0.0,108,1,-1
-0.000258372,0.000258372,275,2,1
0.0,0.0,108,1,-1
0.0,0.0,86,1,1
0.0,0.0,159,1,1
0.0,0.0,108,1,-1
-0.000569348,0.000569348,222,2,1
0.0,0.0,108,1,-1
-0.000735107,0.000735107,281,2,1
0.0,0.0,108,1,-1
-6.11e-07,6.11e-07,220,2,1
0.0,0.0,108,1,-1
-0.000781909,0.000781909,324,2,1
0.0,0.0,108,1,-1
-0.000694004,0.000694004,217,2,1
0.0,0.0,108,1,-1
-0.000745556,0.000745556,242,2,1
0.0,0.0,108,1,-1
-0.000565966,0.000565966,217,2,1
0.0,0.0,108,1,-1
0.0,0.0,108,1,-1
-0.000503666,0.000503666,244,2,1
0.0,0.0,62,1,1
0.0,0.0,157,1,1
0.0,0.0,108,1,-1
0.0,0.0,108,1,-1
-0.000216739,0.000216739,240,2,1
-0.000747619,0.000747619,219,2,1
0.0,0.0,108,1,-1
-0.000254263,0.000254263,242,2,1
0.0,0.0,108,1,-1
0.0,0.0,85,1,1
0.0,0.0,155,1,1
0.0,0.0,108,1,-1
0.0,0.0,108,1,-1
0.0,0.0,100,1,1
0.0,0.0,155,1,1
0.0,0.0,62,1,1
0.0,0.0,108,1,-1
0.0,0.0,108,1,-1
0.0,0.0,85,1,1
0.0,0.0,159,1,1
0.0,0.0,62,1,1
0.0,0.0,159,1,1
0.0,0.0,108,1,-1
-0.000568197,0.000568197,240,2,1
0.0,0.0,108,1,-1
-0.000444487,0.000444487,217,2,1
0.0,0.0,108,1,-1
0.0,0.0,85,1,1
0.0,0.0,108,1,-1
-0.000451662,0.000451662,219,2,1
0.0,0.0,108,1,-1
-0.000891128,0.000891128,240,2,1
0.0,0.0,108,1,-1
-4.41e-07,4.41e-07,217,2,1
0.0,0.0,108,1,-1
-0.000453063,0.000453063,248,2,1
0.0,0.0,108,1,-1
-0.000378117,0.000378117,220,2,1
0.0,0.0,108,1,-1
-0.000916235,0.000916235,244,2,1
0.0,0.0,108,1,-1
-0.000482361,0.000482361,217,2,1
0.0,0.0,108,1,-1
-8.7392e-05,8.7392e-05,240,2,1
0.0,0.0,108,1,-1
0.0,0.0,65,1,1
0.0,0.0,157,1,1
0.0,0.0,108,1,-1
0.0,0.0,85,1,1
0.0,0.0,108,1,-1
-0.000801991,0.000801991,221,2,1
0.0,0.0,108,1,-1
0.0,0.0,89,1,1
0.0,0.0,202,1,1
0.0,0.0,222,1,-1
0.0,0.0,108,1,-1
0.0,0.0,128,1,-1
0.0,0.0,85,1,1
0.0,0.0,381,1,1
0.0,0.0,108,1,-1
0.0,0.0,62,1,1
0.0,0.0,173,1,-1
0.0,0.0,108,1,-1
0.0,0.0,89,1,1
0.0,0.0,108,1,-1
0.0,0.0,62,1,1
0.0,0.0,157,1,1
0.0,0.0,151,1,-1
0.0,0.0,108,1,-1
0.0,0.0,88,1,1
0.0,0.0,198,1,1
0.0,0.0,108,1,-1
-0.000639192,0.000639192,219,2,1
-0.000458432,0.000458432,217,2,1
0.0,0.0,108,1,-1
-0.000759483,0.000759483,219,2,1
0.0,0.0,108,1,-1
-0.00054674,0.00054674,244,2,1
0.0,0.0,108,1,-1
0.0,0.0,108,1,-1
-0.000710101,0.000710101,221,2,1
-0.000736573,0.000736573,221,2,1
0.0,0.0,108,1,-1
-9.22e-07,9.22e-07,240,2,1
0.0,0.0,108,1,-1
0.0,0.0,108,1,-1
0.0,0.0,62,1,1
0.0,0.0,157,1,1
-0.000816054,0.000816054,221,2,1
0.0,0.0,108,1,-1
0.0,0.0,85,1,1
0.0,0.0,108,1,-1
0.0,0.0,155,1,1
-0.000567527,0.000567527,219,2,1
0.0,0.0,108,1,-1
-0.000813037,0.000813037,217,2,1
0.0,0.0,108,1,-1
-0.000515293,0.000515293,240,2,1
0.0,0.0,108,1,-1
0.0,0.0,108,1,-1
-0.00083028,0.00083028,221,2,1
0.0,0.0,62,1,1
0.0,0.0,159,1,1
0.0,0.0,108,1,-1
0.0,0.0,108,1,-1
0.0,0.0,85,1,1
0.0,0.0,159,1,1
0.0,0.0,108,1,-1
0.0,0.0,62,1,1
0.0,0.0,157,1,1
0.0,0.0,85,1,1
0.0,0.0,155,1,1
0.0,0.0,108,1,-1
0.0,0.0,108,1,-1
-0.000809519,0.000809519,219,2,1
0.0,0.0,85,1,1
0.0,0.0,108,1,-1
0.0,0.0,62,1,1
0.0,0.0,157,1,1
0.0,0.0,108,1,-1
0.0,0.0,108,1,-1
0.0,0.0,85,1,1
0.0,0.0,108,1,-1
0.0,0.0,62,1,1
0.0,0.0,62,1,1
0.0,0.0,108,1,-1
0.0,0.0,108,1,-1
0.0,0.0,85,1,1
0.0,0.0,108,1,-1
-0.000834678,0.000834678,221,2,1
-0.00092843,0.00092843,217,2,1
0.0,0.0,108,1,-1
0.0,0.0,85,1,1
0.0,0.0,157,1,1
0.0,0.0,108,1,-1
0.0,0.0,108,1,-1
-0.000748536,0.000748536,219,2,1
0.0,0.0,62,1,1
0.0,0.0,155,1,1
0.0,0.0,108,1,-1
0.0,0.0,108,1,-1
0.0,0.0,85,1,1
0.0,0.0,157,1,1
0.0,0.0,108,1,-1
-0.000709148,0.000709148,219,2,1
-0.000907578,0.000907578,217,2,1
0.0,0.0,108,1,-1
0.0,0.0,108,1,-1
-0.000353307,0.000353307,242,2,1
0.0,0.0,62,1,1
0.0,0.0,108,1,-1
-0.000718417,0.000718417,219,2,1
0.0,0.0,108,1,-1
0.0,0.0,108,1,-1
0.0,0.0,85,1,1
0.0,0.0,108,1,-1
-0.00077162,0.00077162,219,2,1
0.0,0.0,62,1,1
0.0,0.0,108,1,-1
0.0,0.0,108,1,-1
0.0,0.0,85,1,1
0.0,0.0,108,1,-1
-0.000796417,0.000796417,217,2,1
0.0,0.0,62,1,1
0.0,0.0,157,1,1
0.0,0.0,108,1,-1
0.0,0.0,108,1,-1
-0.000841756,0.000841756,242,2,1
0.0,0.0,108,1,-1
-0.000960056,0.000960056,219,2,1
0.0,0.0,85,1,1
0.0,0.0,159,1,1
0.0,0.0,108,1,-1
0.0,0.0,108,1,-1
-0.000437184,0.000437184,221,2,1
0.0,0.0,62,1,1
0.0,0.0,108,1,-1
0.0,0.0,85,1,1
0.0,0.0,108,1,-1
0.0,0.0,108,1,-1
-0.000254597,0.000254597,240,2,1
0.0,0.0,108,1,-1
0.0,0.0,62,1,1
0.0,0.0,155,1,1
0.0,0.0,62,1,1
0.0,0.0,108,1,-1
0.0,0.0,108,1,-1
0.0,0.0,85,1,1
0.0,0.0,108,1,-1
-0.000424339,0.000424339,217,2,1
-0.000337429,0.000337429,219,2,1
0.0,0.0,108,1,-1
0.0,0.0,108,1,-1
0.0,0.0,85,1,1
0.0,0.0,159,1,1
0.0,0.0,108,1,-1
0.0,0.0,62,1,1
0.0,0.0,155,1,1
-0.000704475,0.000704475,217,2,1
0.0,0.0,108,1,-1
0.0,0.0,108,1,-1
0.0,0.0,85,1,1
0.0,0.0,159,1,1
0.0,0.0,108,1,-1
0.0,0.0,62,1,1
0.0,0.0,62,1,1
0.0,0.0,155,1,1
0.0,0.0,108,1,-1
0.0,0.0,108,1,-1
0.0,0.0,85,1,1
0.0,0.0,62,1,1
0.0,0.0,108,1,-1
-0.000673184,0.000673184,219,2,1
0.0,0.0,108,1,-1
0.0,0.0,108,1,-1
-6.21e-07,6.21e-07,240,2,1
0.0,0.0,62,1,1
0.0,0.0,108,1,-1
-0.000526386,0.000526386,217,2,1
0.0,0.0,108,1,-1
0.0,0.0,108,1,-1
0.0,0.0,85,1,1
0.0,0.0,155,1,1
0.0,0.0,62,1,1
0.0,0.0,159,1,1
0.0,0.0,108,1,-1
-0.000925786,0.000925786,217,2,1
0.0,0.0,108,1,-1
0.0,0.0,108,1,-1
-0.000307881,0.000307881,244,2,1
0.0,0.0,62,1,1
0.0,0.0,155,1,1
0.0,0.0,108,1,-1
0.0,0.0,85,1,1
0.0,0.0,155,1,1
0.0,0.0,108,1,-1
0.0,0.0,108,1,-1
-0.000419017,0.000419017,219,2,1
-0.00027971,0.00027971,219,2,1
0.0,0.0,108,1,-1
-0.000248714,0.000248714,244,2,1
0.0,0.0,108,1,-1
0.0,0.0,108,1,-1
-0.000528631,0.000528631,273,2,1
-0.000372657,0.000372657,221,2,1
0.0,0.0,108,1,-1
-0.000327588,0.000327588,244,2,1
0.0,0.0,108,1,-1
0.0,0.0,108,1,-1
0.0,0.0,66,1,1
-6.21e-07,6.21e-07,309,2,1
0.0,0.0,108,1,-1
-0.000825117,0.000825117,320,2,1
0.0,0.0,108,1,-1
0.0,0.0,62,1,1
0.0,0.0,108,1,-1
-0.000675235,0.000675235,242,2,1
0.0,0.0,108,1,-1
-0.000928838,0.000928838,217,2,1
0.0,0.0,108,1,-1
-6.01e-07,6.01e-07,244,2,1
0.0,0.0,108,1,-1
-0.00095119,0.00095119,244,2,1
0.0,0.0,108,1,-1
-0.000552244,0.000552244,217,2,1
0.0,0.0,108,1,-1
-0.00027743,0.00027743,244,2,1
0.0,0.0,108,1,-1
-0.000793143,0.000793143,280,2,1
0.0,0.0,108,1,-1
-5.31e-07,5.31e-07,255,2,1
0.0,0.0,108,1,-1
0.0,0.0,85,1,1
0.0,0.0,157,1,1
0.0,0.0,108,1,-1
0.0,0.0,85,1,1
0.0,0.0,159,1,1
0.0,0.0,108,1,-1
0.0,0.0,85,1,1
0.0,0.0,157,1,1
0.0,0.0,108,1,-1
0.0,0.0,85,1,1
0.0,0.0,108,1,-1
0.0,0.0,88,1,1
Clump Interarrival,Clump Duration,Clump Size,Clump Packets,Clump Direction
0.0,0.0,222,1,-1
0.0,0.0,93,1,1
0.0,0.0,173,1,-1
0.0,0.0,261,1,1
0.0,0.0,153,1,-1
0.0,0.0,89,1,1
0.0,0.0,108,1,-1
0.0,0.0,65,1,1
0.0,0.0,108,1,-1
0.0,0.0,88,1,1
0.0,0.0,108,1,-1
0.0,0.0,89,1,1
0.0,0.0,108,1,-1
0.0,0.0,85,1,1
0.0,0.0,108,1,-1
0.0,0.0,85,1,1
0.0,0.0,108,1,-1
0.0,0.0,85,1,1
0.0,0.0,108,1,-1
0.0,0.0,85,1,1
0.0,0.0,108,1,-1
0.0,0.0,85,1,1
0.0,0.0,108,1,-1
0.0,0.0,85,1,1
0.0,0.0,108,1,-1
0.0,0.0,85,1,1
0.0,0.0,108,1,-1
0.0,0.0,85,1,1
0.0,0.0,108,1,-1
0.0,0.0,85,1,1
0.0,0.0,108,1,-1
0.0,0.0,85,1,1
0.0,0.0,108,1,-1
0.0,0.0,85,1,1
0.0,0.0,108,1,-1
0.0,0.0,85,1,1
0.0,0.0,108,1,-1
0.0,0.0,85,1,1
0.0,0.0,108,1,-1
0.0,0.0,85,1,1
0.0,0.0,108,1,-1
0.0,0.0,85,1,1
0.0,0.0,108,1,-1
0.0,0.0,85,1,1
0.0,0.0,108,1,-1
0.0,0.0,85,1,1
0.0,0.0,108,1,-1
0.0,0.0,85,1,1
0.0,0.0,108,1,-1
0.0,0.0,85,1,1
0.0,0.0,108,1,-1
0.0,0.0,85,1,1
0.0,0.0,108,1,-1
0.0,0.0,85,1,1
0.0,0.0,108,1,-1
0.0,0.0,85,1,1
0.0,0.0,108,1,-1
0.0,0.0,88,1,1
0.0,0.0,108,1,-1
0.0,0.0,104,1,1
0.0,0.0,108,1,-1
0.0,0.0,66,1,1
0.0,0.0,283,1,-1
0.0,0.0,66,1,1
0.0,0.0,283,1,-1
-6.32e-07,6.32e-07,398,2,1
0.0,0.0,283,1,-1
0.0,0.0,66,1,1
0.0,0.0,122,1,-1
0.0,0.0,66,1,1
0.0,0.0,108,1,-1
0.0,0.0,62,1,1
0.0,0.0,108,1,-1
0.0,0.0,85,1,1
0.0,0.0,108,1,-1
0.0,0.0,85,1,1
0.0,0.0,108,1,-1
0.0,0.0,85,1,1
0.0,0.0,108,1,-1
0.0,0.0,85,1,1
0.0,0.0,108,1,-1
0.0,0.0,85,1,1
0.0,0.0,108,1,-1
-0.000245269,0.000245269,240,2,1
0.0,0.0,108,1,-1
0.0,0.0,85,1,1
0.0,0.0,108,1,-1
0.0,0.0,85,1,1
0.0,0.0,108,1,-1
0.0,0.0,85,1,1
0.0,0.0,108,1,-1
0.0,0.0,85,1,1
0.0,0.0,108,1,-1
0.0,0.0,85,1,1
0.0,0.0,108,1,-1
0.0,0.0,85,1,1
0.0,0.0,108,1,-1
0.0,0.0,85,1,1
0.0,0.0,108,1,-1
0.0,0.0,89,1,1
0.0,0.0,222,1,-1
0.0,0.0,128,1,-1
-3.61e-07,3.61e-07,449,2,1
0.0,0.0,108,1,-1
0.0,0.0,85,1,1
0.0,0.0,173,1,-1
0.0,0.0,122,1,1
0.0,0.0,108,1,-1
0.0,0.0,201,1,1
0.0,0.0,151,1,-1
0.0,0.0,65,1,1
0.0,0.0,159,1,-1
0.0,0.0,66,1,1
0.0,0.0,128,1,-1
0.0,0.0,65,1,1
0.0,0.0,108,1,-1
0.0,0.0,88,1,1
0.0,0.0,108,1,-1
0.0,0.0,88,1,1
0.0,0.0,108,1,-1
0.0,0.0,85,1,1
0.0,0.0,108,1,-1
0.0,0.0,85,1,1
0.0,0.0,108,1,-1
0.0,0.0,85,1,1
0.0,0.0,108,1,-1
0.0,0.0,85,1,1
0.0,0.0,108,1,-1
0.0,0.0,85,1,1
0.0,0.0,108,1,-1
0.0,0.0,85,1,1
0.0,0.0,108,1,-1
0.0,0.0,89,1,1
0.0,0.0,108,1,-1
0.0,0.0,85,1,1
0.0,0.0,108,1,-1
0.0,0.0,85,1,1
0.0,0.0,108,1,-1
0.0,0.0,85,1,1
0.0,0.0,108,1,-1
0.0,0.0,85,1,1
0.0,0.0,108,1,-1
0.0,0.0,85,1,1
0.0,0.0,108,1,-1
0.0,0.0,85,1,1
0.0,0.0,108,1,-1
0.0,0.0,85,1,1
0.0,0.0,108,1,-1
0.0,0.0,85,1,1
0.0,0.0,108,1,-1
0.0,0.0,85,1,1
0.0,0.0,108,1,-1
0.0,0.0,85,1,1
0.0,0.0,108,1,-1
0.0,0.0,85,1,1
0.0,0.0,108,1,-1
0.0,0.0,85,1,1
0.0,0.0,108,1,-1
-3e-07,3e-07,242,2,1
0.0,0.0,108,1,-1
0.0,0.0,85,1,1
0.0,0.0,108,1,-1
0.0,0.0,85,1,1
0.0,0.0,108,1,-1
0.0,0.0,85,1,1
0.0,0.0,108,1,-1
0.0,0.0,100,1,1
0.0,0.0,108,1,-1
0.0,0.0,85,1,1
0.0,0.0,108,1,-1
0.0,0.0,85,1,1
0.0,0.0,108,1,-1
0.0,0.0,85,1,1
0.0,0.0,155,1,1
0.0,0.0,108,1,-1
0.0,0.0,85,1,1
0.0,0.0,108,1,-1
0.0,0.0,85,1,1
0.0,0.0,108,1,-1
-4.91e-07,4.91e-07,244,2,1
0.0,0.0,108,1,-1
0.0,0.0,85,1,1
0.0,0.0,108,1,-1
0.0,0.0,85,1,1
0.0,0.0,108,1,-1
0.0,0.0,85,1,1
0.0,0.0,108,1,-1
0.0,0.0,85,1,1
0.0,0.0,108,1,-1
0.0,0.0,85,1,1
0.0,0.0,108,1,-1
0.0,0.0,85,1,1
0.0,0.0,108,1,-1
0.0,0.0,85,1,1
0.0,0.0,108,1,-1
0.0,0.0,85,1,1
0.0,0.0,108,1,-1
0.0,0.0,85,1,1
0.0,0.0,108,1,-1
0.0,0.0,85,1,1
0.0,0.0,108,1,-1
0.0,0.0,85,1,1
0.0,0.0,108,1,-1
0.0,0.0,85,1,1
0.0,0.0,222,1,-1
0.0,0.0,128,1,-1
0.0,0.0,66,1,1
0.0,0.0,108,1,-1
0.0,0.0,62,1,1
0.0,0.0,173,1,-1
0.0,0.0,88,1,1
0.0,0.0,108,1,-1
0.0,0.0,257,1,1
0.0,0.0,149,1,-1
0.0,0.0,65,1,1
0.0,0.0,108,1,-1
0.0,0.0,62,1,1
0.0,0.0,108,1,-1
0.0,0.0,85,1,1
0.0,0.0,108,1,-1
0.0,0.0,62,1,1
0.0,0.0,108,1,-1
0.0,0.0,85,1,1
0.0,0.0,108,1,-1
0.0,0.0,62,1,1
0.0,0.0,108,1,-1
0.0,0.0,85,1,1
0.0,0.0,108,1,-1
0.0,0.0,65,1,1
0.0,0.0,108,1,-1
0.0,0.0,88,1,1
0.0,0.0,108,1,-1
0.0,0.0,62,1,1
0.0,0.0,108,1,-1
0.0,0.0,85,1,1
0.0,0.0,108,1,-1
0.0,0.0,62,1,1
0.0,0.0,108,1,-1
0.0,0.0,85,1,1
0.0,0.0,108,1,-1
0.0,0.0,62,1,1
0.0,0.0,108,1,-1
0.0,0.0,85,1,1
0.0,0.0,108,1,-1
0.0,0.0,62,1,1
0.0,0.0,108,1,-1
0.0,0.0,85,1,1
0.0,0.0,108,1,-1
0.0,0.0,62,1,1
0.0,0.0,108,1,-1
0.0,0.0,85,1,1
0.0,0.0,108,1,-1
0.0,0.0,62,1,1
0.0,0.0,108,1,-1
-4.51e-07,4.51e-07,240,2,1
0.0,0.0,108,1,-1
0.0,0.0,62,1,1
0.0,0.0,108,1,-1
0.0,0.0,85,1,1
0.0,0.0,108,1,-1
0.0,0.0,62,1,1
0.0,0.0,108,1,-1
0.0,0.0,89,1,1
0.0,0.0,108,1,-1
0.0,0.0,62,1,1
0.0,0.0,108,1,-1
0.0,0.0,85,1,1
0.0,0.0,108,1,-1
0.0,0.0,85,1,1
0.0,0.0,108,1,-1
0.0,0.0,62,1,1
0.0,0.0,108,1,-1
0.0,0.0,85,1,1
0.0,0.0,108,1,-1
0.0,0.0,62,1,1
0.0,0.0,108,1,-1
0.0,0.0,85,1,1
0.0,0.0,108,1,-1
0.0,0.0,62,1,1
0.0,0.0,108,1,-1
0.0,0.0,85,1,1
0.0,0.0,108,1,-1
0.0,0.0,62,1,1
0.0,0.0,108,1,-1
0.0,0.0,85,1,1
0.0,0.0,108,1,-1
0.0,0.0,62,1,1
0.0,0.0,108,1,-1
0.0,0.0,85,1,1
0.0,0.0,108,1,-1
0.0,0.0,62,1,1
0.0,0.0,108,1,-1
0.0,0.0,85,1,1
0.0,0.0,108,1,-1
-3.51e-07,3.51e-07,221,2,1
0.0,0.0,108,1,-1
0.0,0.0,85,1,1
0.0,0.0,108,1,-1
0.0,0.0,85,1,1
0.0,0.0,108,1,-1
0.0,0.0,62,1,1
0.0,0.0,108,1,-1
0.0,0.0,85,1,1
0.0,0.0,108,1,-1
0.0,0.0,62,1,1
0.0,0.0,108,1,-1
0.0,0.0,88,1,1
0.0,0.0,128,1,-1
0.0,0.0,222,1,-1
-4.3e-07,4.3e-07,245,2,1
0.0,0.0,108,1,-1
0.0,0.0,108,1,-1
0.0,0.0,66,1,1
0.0,0.0,62,1,1
0.0,0.0,173,1,-1
0.0,0.0,108,1,-1
0.0,0.0,85,1,1
0.0,0.0,108,1,-1
0.0,0.0,62,1,1
0.0,0.0,62,1,1
0.0,0.0,149,1,-1
0.0,0.0,108,1,-1
0.0,0.0,100,1,1
0.0,0.0,108,1,-1
0.0,0.0,283,1,-1
0.0,0.0,62,1,1
-0.000183794,0.000183794,221,2,1
0.0,0.0,66,1,1
0.0,0.0,334,1,1
0.0,0.0,120,1,-1
0.0,0.0,66,1,1
0.0,0.0,108,1,-1
0.0,0.0,62,1,1
0.0,0.0,108,1,-1
0.0,0.0,108,1,-1
0.0,0.0,85,1,1
0.0,0.0,62,1,1
0.0,0.0,108,1,-1
-0.00056569,0.00056569,242,2,1
0.0,0.0,108,1,-1
0.0,0.0,108,1,-1
0.0,0.0,62,1,1
0.0,0.0,62,1,1
0.0,0.0,108,1,-1
0.0,0.0,85,1,1
0.0,0.0,108,1,-1
0.0,0.0,108,1,-1
0.0,0.0,62,1,1
0.0,0.0,62,1,1
0.0,0.0,108,1,-1
0.0,0.0,85,1,1
0.0,0.0,108,1,-1
0.0,0.0,108,1,-1
0.0,0.0,85,1,1
0.0,0.0,62,1,1
0.0,0.0,108,1,-1
0.0,0.0,62,1,1
0.0,0.0,108,1,-1
0.0,0.0,108,1,-1
0.0,0.0,85,1,1
0.0,0.0,62,1,1
0.0,0.0,108,1,-1
0.0,0.0,62,1,1
0.0,0.0,108,1,-1
0.0,0.0,108,1,-1
0.0,0.0,85,1,1
0.0,0.0,62,1,1
0.0,0.0,108,1,-1
0.0,0.0,62,1,1
0.0,0.0,108,1,-1
0.0,0.0,108,1,-1
0.0,0.0,85,1,1
0.0,0.0,108,1,-1
0.0,0.0,62,1,1
0.0,0.0,108,1,-1
0.0,0.0,108,1,-1
0.0,0.0,85,1,1
0.0,0.0,62,1,1
0.0,0.0,108,1,-1
0.0,0.0,62,1,1
0.0,0.0,108,1,-1
0.0,0.0,108,1,-1
0.0,0.0,85,1,1
0.0,0.0,62,1,1
0.0,0.0,108,1,-1
0.0,0.0,62,1,1
0.0,0.0,108,1,-1
0.0,0.0,108,1,-1
0.0,0.0,85,1,1
0.0,0.0,62,1,1
0.0,0.0,108,1,-1
0.0,0.0,85,1,1
0.0,0.0,108,1,-1
0.0,0.0,108,1,-1
0.0,0.0,62,1,1
0.0,0.0,62,1,1
0.0,0.0,155,1,1
0.0,0.0,108,1,-1
0.0,0.0,85,1,1
0.0,0.0,108,1,-1
0.0,0.0,108,1,-1
0.0,0.0,62,1,1
0.0,0.0,62,1,1
0.0,0.0,108,1,-1
0.0,0.0,85,1,1
0.0,0.0,108,1,-1
0.0,0.0,108,1,-1
0.0,0.0,62,1,1
0.0,0.0,62,1,1
0.0,0.0,155,1,1
0.0,0.0,108,1,-1
0.0,0.0,85,1,1
0.0,0.0,108,1,-1
0.0,0.0,108,1,-1
0.0,0.0,62,1,1
0.0,0.0,62,1,1
0.0,0.0,108,1,-1
0.0,0.0,85,1,1
0.0,0.0,108,1,-1
0.0,0.0,108,1,-1
0.0,0.0,85,1,1
0.0,0.0,62,1,1
0.0,0.0,108,1,-1
0.0,0.0,62,1,1
0.0,0.0,108,1,-1
0.0,0.0,108,1,-1
0.0,0.0,85,1,1
0.0,0.0,62,1,1
0.0,0.0,108,1,-1
0.0,0.0,62,1,1
0.0,0.0,108,1,-1
0.0,0.0,108,1,-1
0.0,0.0,85,1,1
0.0,0.0,118,1,1
0.0,0.0,108,1,-1
0.0,0.0,62,1,1
0.0,0.0,108,1,-1
0.0,0.0,108,1,-1
0.0,0.0,201,1,1
0.0,0.0,62,1,1
0.0,0.0,108,1,-1
0.0,0.0,62,1,1
0.0,0.0,108,1,-1
0.0,0.0,108,1,-1
0.0,0.0,85,1,1
0.0,0.0,62,1,1
0.0,0.0,108,1,-1
0.0,0.0,62,1,1
0.0,0.0,108,1,-1
0.0,0.0,108,1,-1
0.0,0.0,85,1,1
0.0,0.0,62,1,1
0.0,0.0,108,1,-1
0.0,0.0,62,1,1
0.0,0.0,108,1,-1
0.0,0.0,108,1,-1
0.0,0.0,85,1,1
0.0,0.0,62,1,1
0.0,0.0,108,1,-1
0.0,0.0,62,1,1
0.0,0.0,108,1,-1
0.0,0.0,108,1,-1
0.0,0.0,85,1,1
0.0,0.0,62,1,1
0.0,0.0,108,1,-1
0.0,0.0,88,1,1
0.0,0.0,108,1,-1
0.0,0.0,108,1,-1
0.0,0.0,62,1,1
0.0,0.0,62,1,1
0.0,0.0,108,1,-1
0.0,0.0,88,1,1
0.0,0.0,108,1,-1
0.0,0.0,108,1,-1
0.0,0.0,62,1,1
0.0,0.0,62,1,1
0.0,0.0,108,1,-1
0.0,0.0,85,1,1
0.0,0.0,108,1,-1
0.0,0.0,108,1,-1
0.0,0.0,62,1,1
0.0,0.0,62,1,1
0.0,0.0,108,1,-1
0.0,0.0,85,1,1
0.0,0.0,108,1,-1
0.0,0.0,108,1,-1
0.0,0.0,62,1,1
0.0,0.0,85,1,1
0.0,0.0,108,1,-1
0.0,0.0,62,1,1
0.0,0.0,108,1,-1
0.0,0.0,108,1,-1
0.0,0.0,85,1,1
0.0,0.0,62,1,1
0.0,0.0,108,1,-1
0.0,0.0,62,1,1
0.0,0.0,108,1,-1
0.0,0.0,108,1,-1
0.0,0.0,85,1,1
0.0,0.0,62,1,1
0.0,0.0,108,1,-1
0.0,0.0,62,1,1
0.0,0.0,108,1,-1
0.0,0.0,108,1,-1
0.0,0.0,85,1,1
-3.11e-07,3.11e-07,219,2,1
0.0,0.0,108,1,-1
0.0,0.0,62,1,1
0.0,0.0,108,1,-1
0.0,0.0,108,1,-1
0.0,0.0,85,1,1
0.0,0.0,62,1,1
0.0,0.0,108,1,-1
0.0,0.0,62,1,1
0.0,0.0,108,1,-1
0.0,0.0,108,1,-1
0.0,0.0,89,1,1
0.0,0.0,62,1,1
0.0,0.0,108,1,-1
0.0,0.0,62,1,1
0.0,0.0,108,1,-1
0.0,0.0,108,1,-1
0.0,0.0,85,1,1
0.0,0.0,62,1,1
0.0,0.0,108,1,-1
0.0,0.0,85,1,1
0.0,0.0,108,1,-1
0.0,0.0,108,1,-1
0.0,0.0,62,1,1
-5.31e-07,5.31e-07,219,2,1
0.0,0.0,108,1,-1
0.0,0.0,85,1,1
0.0,0.0,108,1,-1
0.0,0.0,108,1,-1
0.0,0.0,62,1,1
0.0,0.0,62,1,1
0.0,0.0,108,1,-1
0.0,0.0,85,1,1
0.0,0.0,108,1,-1
0.0,0.0,108,1,-1
0.0,0.0,62,1,1
0.0,0.0,62,1,1
0.0,0.0,108,1,-1
0.0,0.0,85,1,1
0.0,0.0,108,1,-1
0.0,0.0,108,1,-1
0.0,0.0,62,1,1
0.0,0.0,62,1,1
0.0,0.0,108,1,-1
0.0,0.0,85,1,1
0.0,0.0,108,1,-1
0.0,0.0,108,1,-1
0.0,0.0,62,1,1
0.0,0.0,62,1,1
0.0,0.0,108,1,-1
0.0,0.0,85,1,1
0.0,0.0,108,1,-1
0.0,0.0,108,1,-1
0.0,0.0,62,1,1
-5.61e-07,5.61e-07,240,2,1
0.0,0.0,108,1,-1
0.0,0.0,62,1,1
0.0,0.0,108,1,-1
0.0,0.0,108,1,-1
0.0,0.0,85,1,1
0.0,0.0,62,1,1
0.0,0.0,108,1,-1
0.0,0.0,62,1,1
0.0,0.0,108,1,-1
0.0,0.0,108,1,-1
0.0,0.0,85,1,1
0.0,0.0,62,1,1
0.0,0.0,108,1,-1
0.0,0.0,62,1,1
0.0,0.0,108,1,-1
0.0,0.0,108,1,-1
0.0,0.0,85,1,1
0.0,0.0,62,1,1
0.0,0.0,108,1,-1
0.0,0.0,62,1,1
0.0,0.0,108,1,-1
0.0,0.0,108,1,-1
0.0,0.0,85,1,1
0.0,0.0,62,1,1
0.0,0.0,108,1,-1
0.0,0.0,62,1,1
0.0,0.0,108,1,-1
0.0,0.0,108,1,-1
0.0,0.0,85,1,1
0.0,0.0,62,1,1
0.0,0.0,155,1,1
0.0,0.0,108,1,-1
0.0,0.0,62,1,1
0.0,0.0,108,1,-1
0.0,0.0,108,1,-1
0.0,0.0,85,1,1
-4.91e-07,4.91e-07,219,2,1
0.0,0.0,108,1,-1
0.0,0.0,62,1,1
0.0,0.0,108,1,-1
0.0,0.0,108,1,-1
0.0,0.0,100,1,1
0.0,0.0,62,1,1
0.0,0.0,108,1,-1
0.0,0.0,85,1,1
0.0,0.0,108,1,-1
0.0,0.0,108,1,-1
0.0,0.0,62,1,1
0.0,0.0,62,1,1
0.0,0.0,108,1,-1
0.0,0.0,85,1,1
0.0,0.0,108,1,-1
0.0,0.0,108,1,-1
0.0,0.0,62,1,1
0.0,0.0,62,1,1
0.0,0.0,108,1,-1
0.0,0.0,85,1,1
0.0,0.0,108,1,-1
0.0,0.0,108,1,-1
0.0,0.0,62,1,1
0.0,0.0,85,1,1
0.0,0.0,108,1,-1
0.0,0.0,62,1,1
0.0,0.0,108,1,-1
0.0,0.0,108,1,-1
0.0,0.0,85,1,1
0.0,0.0,62,1,1
0.0,0.0,108,1,-1
0.0,0.0,62,1,1
0.0,0.0,108,1,-1
0.0,0.0,108,1,-1
0.0,0.0,85,1,1
0.0,0.0,62,1,1
0.0,0.0,108,1,-1
0.0,0.0,62,1,1
0.0,0.0,108,1,-1
0.0,0.0,108,1,-1
0.0,0.0,85,1,1
0.0,0.0,62,1,1
0.0,0.0,108,1,-1
0.0,0.0,62,1,1
0.0,0.0,108,1,-1
0.0,0.0,108,1,-1
0.0,0.0,85,1,1
0.0,0.0,62,1,1
0.0,0.0,108,1,-1
0.0,0.0,62,1,1
0.0,0.0,108,1,-1
0.0,0.0,108,1,-1
0.0,0.0,85,1,1
0.0,0.0,62,1,1
0.0,0.0,108,1,-1
0.0,0.0,62,1,1
0.0,0.0,108,1,-1
0.0,0.0,108,1,-1
0.0,0.0,85,1,1
0.0,0.0,62,1,1
0.0,0.0,108,1,-1
0.0,0.0,62,1,1
0.0,0.0,108,1,-1
0.0,0.0,108,1,-1
0.0,0.0,85,1,1
0.0,0.0,62,1,1
0.0,0.0,108,1,-1
0.0,0.0,62,1,1
0.0,0.0,108,1,-1
0.0,0.0,108,1,-1
0.0,0.0,85,1,1
0.0,0.0,62,1,1
0.0,0.0,108,1,-1
0.0,0.0,85,1,1
0.0,0.0,108,1,-1
0.0,0.0,108,1,-1
0.0,0.0,62,1,1
0.0,0.0,62,1,1
0.0,0.0,108,1,-1
0.0,0.0,85,1,1
0.0,0.0,108,1,-1
0.0,0.0,108,1,-1
0.0,0.0,62,1,1
0.0,0.0,62,1,1
0.0,0.0,108,1,-1
0.0,0.0,85,1,1
0.0,0.0,108,1,-1
0.0,0.0,108,1,-1
0.0,0.0,62,1,1
0.0,0.0,62,1,1
0.0,0.0,108,1,-1
0.0,0.0,85,1,1
0.0,0.0,108,1,-1
0.0,0.0,108,1,-1
0.0,0.0,85,1,1
0.0,0.0,62,1,1
0.0,0.0,108,1,-1
0.0,0.0,66,1,1
0.0,0.0,108,1,-1
0.0,0.0,108,1,-1
0.0,0.0,85,1,1
0.0,0.0,62,1,1
0.0,0.0,108,1,-1
0.0,0.0,108,1,-1
0.0,0.0,85,1,1
0.0,0.0,62,1,1
0.0,0.0,108,1,-1
0.0,0.0,108,1,-1
0.0,0.0,85,1,1
0.0,0.0,118,1,1
0.0,0.0,108,1,-1
0.0,0.0,108,1,-1
0.0,0.0,205,1,1
0.0,0.0,62,1,1
0.0,0.0,108,1,-1
0.0,0.0,85,1,1
0.0,0.0,108,1,-1
0.0,0.0,85,1,1
0.0,0.0,108,1,-1
0.0,0.0,85,1,1
0.0,0.0,108,1,-1
0.0,0.0,85,1,1
0.0,0.0,108,1,-1
0.0,0.0,85,1,1
0.0,0.0,108,1,-1
0.0,0.0,85,1,1
0.0,0.0,108,1,-1
0.0,0.0,88,1,1
0.0,0.0,108,1,-1
0.0,0.0,88,1,1
0.0,0.0,108,1,-1
0.0,0.0,85,1,1
Clump Interarrival,Clump Duration,Clump Size,Clump Packets,Clump Direction
0.0,0.0,222,1,-1
0.0,0.0,104,1,1
0.0,0.0,173,1,-1
0.0,0.0,89,1,1
0.0,0.0,153,1,-1
0.0,0.0,89,1,1
0.0,0.0,108,1,-1
0.0,0.0,66,1,1
0.0,0.0,108,1,-1
0.0,0.0,85,1,1
0.0,0.0,108,1,-1
0.0,0.0,88,1,1
0.0,0.0,108,1,-1
0.0,0.0,85,1,1
0.0,0.0,108,1,-1
0.0,0.0,85,1,1
0.0,0.0,108,1,-1
0.0,0.0,85,1,1
0.0,0.0,108,1,-1
0.0,0.0,85,1,1
0.0,0.0,108,1,-1
0.0,0.0,85,1,1
0.0,0.0,108,1,-1
0.0,0.0,85,1,1
0.0,0.0,108,1,-1
0.0,0.0,88,1,1
0.0,0.0,108,1,-1
0.0,0.0,85,1,1
0.0,0.0,108,1,-1
0.0,0.0,85,1,1
0.0,0.0,108,1,-1
0.0,0.0,88,1,1
0.0,0.0,108,1,-1
0.0,0.0,62,1,1
0.0,0.0,108,1,-1
0.0,0.0,62,1,1
0.0,0.0,108,1,-1
0.0,0.0,88,1,1
0.0,0.0,283,1,-1
0.0,0.0,66,1,1
0.0,0.0,283,1,-1
0.0,0.0,62,1,1
0.0,0.0,283,1,-1
0.0,0.0,66,1,1
0.0,0.0,122,1,-1
0.0,0.0,66,1,1
0.0,0.0,108,1,-1
0.0,0.0,62,1,1
0.0,0.0,108,1,-1
0.0,0.0,85,1,1
0.0,0.0,108,1,-1
0.0,0.0,85,1,1
0.0,0.0,108,1,-1
0.0,0.0,85,1,1
0.0,0.0,108,1,-1
0.0,0.0,85,1,1
0.0,0.0,108,1,-1
0.0,0.0,85,1,1
0.0,0.0,108,1,-1
0.0,0.0,85,1,1
0.0,0.0,108,1,-1
0.0,0.0,85,1,1
0.0,0.0,108,1,-1
0.0,0.0,85,1,1
0.0,0.0,108,1,-1
0.0,0.0,85,1,1
0.0,0.0,108,1,-1
0.0,0.0,85,1,1
0.0,0.0,108,1,-1
0.0,0.0,85,1,1
0.0,0.0,157,1,1
0.0,0.0,108,1,-1
0.0,0.0,85,1,1
0.0,0.0,108,1,-1
0.0,0.0,85,1,1
0.0,0.0,108,1,-1
0.0,0.0,85,1,1
0.0,0.0,108,1,-1
0.0,0.0,85,1,1
0.0,0.0,108,1,-1
0.0,0.0,85,1,1
0.0,0.0,108,1,-1
0.0,0.0,85,1,1
0.0,0.0,108,1,-1
0.0,0.0,85,1,1
0.0,0.0,108,1,-1
0.0,0.0,85,1,1
0.0,0.0,108,1,-1
0.0,0.0,85,1,1
0.0,0.0,157,1,1
0.0,0.0,108,1,-1
0.0,0.0,85,1,1
0.0,0.0,108,1,-1
0.0,0.0,141,1,1
0.0,0.0,108,1,-1
0.0,0.0,121,1,1
0.0,0.0,108,1,-1
0.0,0.0,165,1,1
0.0,0.0,108,1,-1
0.0,0.0,85,1,1
0.0,0.0,108,1,-1
0.0,0.0,85,1,1
0.0,0.0,108,1,-1
0.0,0.0,85,1,1
0.0,0.0,108,1,-1
0.0,0.0,85,1,1
0.0,0.0,108,1,-1
0.0,0.0,89,1,1
0.0,0.0,222,1,-1
0.0,0.0,128,1,-1
0.0,0.0,81,1,1
0.0,0.0,108,1,-1
0.0,0.0,62,1,1
0.0,0.0,173,1,-1
0.0,0.0,89,1,1
0.0,0.0,108,1,-1
0.0,0.0,89,1,1
0.0,0.0,149,1,-1
0.0,0.0,65,1,1
0.0,0.0,198,1,1
0.0,0.0,108,1,-1
0.0,0.0,108,1,-1
0.0,0.0,88,1,1
0.0,0.0,62,1,1
0.0,0.0,108,1,-1
0.0,0.0,85,1,1
0.0,0.0,108,1,-1
0.0,0.0,62,1,1
0.0,0.0,108,1,-1
0.0,0.0,85,1,1
0.0,0.0,108,1,-1
0.0,0.0,62,1,1
0.0,0.0,108,1,-1
0.0,0.0,85,1,1
0.0,0.0,157,1,1
0.0,0.0,108,1,-1
0.0,0.0,85,1,1
0.0,0.0,108,1,-1
0.0,0.0,62,1,1
0.0,0.0,108,1,-1
0.0,0.0,85,1,1
0.0,0.0,108,1,-1
0.0,0.0,62,1,1
0.0,0.0,108,1,-1
0.0,0.0,85,1,1
0.0,0.0,108,1,-1
0.0,0.0,62,1,1
0.0,0.0,108,1,-1
0.0,0.0,89,1,1
0.0,0.0,222,1,-1
0.0,0.0,108,1,-1
0.0,0.0,128,1,-1
0.0,0.0,85,1,1
0.0,0.0,108,1,-1
0.0,0.0,62,1,1
0.0,0.0,173,1,-1
0.0,0.0,89,1,1
0.0,0.0,108,1,-1
0.0,0.0,108,1,-1
0.0,0.0,62,1,1
0.0,0.0,62,1,1
0.0,0.0,149,1,-1
0.0,0.0,108,1,-1
0.0,0.0,85,1,1
0.0,0.0,108,1,-1
0.0,0.0,157,1,-1
0.0,0.0,62,1,1
0.0,0.0,62,1,1
0.0,0.0,65,1,1
0.0,0.0,128,1,-1
0.0,0.0,65,1,1
0.0,0.0,108,1,-1
0.0,0.0,108,1,-1
0.0,0.0,85,1,1
0.0,0.0,62,1,1
0.0,0.0,108,1,-1
0.0,0.0,108,1,-1
0.0,0.0,85,1,1
0.0,0.0,62,1,1
0.0,0.0,108,1,-1
0.0,0.0,108,1,-1
0.0,0.0,85,1,1
0.0,0.0,62,1,1
0.0,0.0,108,1,-1
0.0,0.0,85,1,1
0.0,0.0,108,1,-1
0.0,0.0,85,1,1
0.0,0.0,108,1,-1
0.0,0.0,108,1,-1
0.0,0.0,62,1,1
0.0,0.0,85,1,1
0.0,0.0,108,1,-1
0.0,0.0,108,1,-1
0.0,0.0,85,1,1
0.0,0.0,62,1,1
0.0,0.0,108,1,-1
0.0,0.0,108,1,-1
0.0,0.0,85,1,1
0.0,0.0,62,1,1
0.0,0.0,108,1,-1
0.0,0.0,108,1,-1
0.0,0.0,88,1,1
0.0,0.0,62,1,1
0.0,0.0,108,1,-1
0.0,0.0,85,1,1
0.0,0.0,108,1,-1
0.0,0.0,85,1,1
0.0,0.0,108,1,-1
0.0,0.0,85,1,1
0.0,0.0,108,1,-1
0.0,0.0,85,1,1
0.0,0.0,108,1,-1
0.0,0.0,89,1,1
Clump Interarrival,Clump Duration,Clump Size,Clump Packets,Clump Direction
0.0,0.0,108,1,-1
-0.00047894,0.00047894,348,2,1
0.0,0.0,108,1,-1
0.0,0.0,174,1,1
0.0,0.0,108,1,-1
0.0,0.0,177,1,1
0.0,0.0,108,1,-1
0.0,0.0,172,1,1
0.0,0.0,108,1,-1
0.0,0.0,177,1,1
0.0,0.0,108,1,-1
0.0,0.0,174,1,1
0.0,0.0,108,1,-1
0.0,0.0,174,1,1
0.0,0.0,108,1,-1
0.0,0.0,177,1,1
0.0,0.0,108,1,-1
0.0,0.0,174,1,1
0.0,0.0,108,1,-1
0.0,0.0,172,1,1
0.0,0.0,108,1,-1
0.0,0.0,174,1,1
0.0,0.0,108,1,-1
0.0,0.0,177,1,1
0.0,0.0,108,1,-1
0.0,0.0,177,1,1
0.0,0.0,108,1,-1
0.0,0.0,174,1,1
0.0,0.0,108,1,-1
0.0,0.0,174,1,1
0.0,0.0,108,1,-1
0.0,0.0,172,1,1
0.0,0.0,108,1,-1
0.0,0.0,174,1,1
0.0,0.0,108,1,-1
0.0,0.0,177,1,1
0.0,0.0,108,1,-1
0.0,0.0,172,1,1
0.0,0.0,108,1,-1
0.0,0.0,174,1,1
0.0,0.0,108,1,-1
0.0,0.0,172,1,1
0.0,0.0,108,1,-1
0.0,0.0,174,1,1
0.0,0.0,108,1,-1
0.0,0.0,177,1,1
0.0,0.0,108,1,-1
0.0,0.0,174,1,1
0.0,0.0,108,1,-1
0.0,0.0,172,1,1
0.0,0.0,108,1,-1
0.0,0.0,177,1,1
0.0,0.0,108,1,-1
0.0,0.0,174,1,1
0.0,0.0,108,1,-1
0.0,0.0,177,1,1
0.0,0.0,108,1,-1
0.0,0.0,174,1,1
0.0,0.0,108,1,-1
0.0,0.0,174,1,1
0.0,0.0,108,1,-1
0.0,0.0,174,1,1
0.0,0.0,108,1,-1
0.0,0.0,174,1,1
0.0,0.0,108,1,-1
0.0,0.0,172,1,1
0.0,0.0,108,1,-1
0.0,0.0,172,1,1
0.0,0.0,108,1,-1
0.0,0.0,174,1,1
0.0,0.0,108,1,-1
0.0,0.0,172,1,1
0.0,0.0,108,1,-1
0.0,0.0,174,1,1
0.0,0.0,108,1,-1
0.0,0.0,172,1,1
0.0,0.0,108,1,-1
0.0,0.0,177,1,1
0.0,0.0,108,1,-1
0.0,0.0,174,1,1
0.0,0.0,108,1,-1
0.0,0.0,172,1,1
0.0,0.0,108,1,-1
0.0,0.0,177,1,1
0.0,0.0,108,1,-1
0.0,0.0,177,1,1
0.0,0.0,108,1,-1
0.0,0.0,177,1,1
0.0,0.0,108,1,-1
0.0,0.0,177,1,1
0.0,0.0,108,1,-1
0.0,0.0,174,1,1
0.0,0.0,108,1,-1
0.0,0.0,177,1,1
0.0,0.0,108,1,-1
0.0,0.0,177,1,1
0.0,0.0,108,1,-1
0.0,0.0,174,1,1
0.0,0.0,108,1,-1
0.0,0.0,172,1,1
0.0,0.0,108,1,-1
0.0,0.0,177,1,1
0.0,0.0,108,1,-1
0.0,0.0,177,1,1
0.0,0.0,108,1,-1
0.0,0.0,174,1,1
0.0,0.0,108,1,-1
0.0,0.0,177,1,1
0.0,0.0,108,1,-1
0.0,0.0,172,1,1
0.0,0.0,108,1,-1
0.0,0.0,177,1,1
0.0,0.0,108,1,-1
0.0,0.0,177,1,1
0.0,0.0,108,1,-1
0.0,0.0,174,1,1
0.0,0.0,108,1,-1
0.0,0.0,177,1,1
0.0,0.0,108,1,-1
0.0,0.0,177,1,1
0.0,0.0,108,1,-1
0.0,0.0,174,1,1
0.0,0.0,108,1,-1
0.0,0.0,174,1,1
0.0,0.0,108,1,-1
0.0,0.0,172,1,1
0.0,0.0,108,1,-1
0.0,0.0,172,1,1
0.0,0.0,108,1,-1
0.0,0.0,177,1,1
0.0,0.0,108,1,-1
0.0,0.0,177,1,1
0.0,0.0,108,1,-1
0.0,0.0,174,1,1
0.0,0.0,108,1,-1
0.0,0.0,174,1,1
0.0,0.0,108,1,-1
0.0,0.0,177,1,1
0.0,0.0,108,1,-1
0.0,0.0,177,1,1
0.0,0.0,108,1,-1
0.0,0.0,172,1,1
0.0,0.0,108,1,-1
0.0,0.0,174,1,1
0.0,0.0,108,1,-1
0.0,0.0,177,1,1
0.0,0.0,108,1,-1
0.0,0.0,172,1,1
0.0,0.0,108,1,-1
0.0,0.0,172,1,1
0.0,0.0,108,1,-1
0.0,0.0,177,1,1
0.0,0.0,108,1,-1
0.0,0.0,174,1,1
0.0,0.0,108,1,-1
0.0,0.0,174,1,1
0.0,0.0,108,1,-1
0.0,0.0,172,1,1
0.0,0.0,108,1,-1
0.0,0.0,174,1,1
0.0,0.0,108,1,-1
0.0,0.0,177,1,1
0.0,0.0,108,1,-1
0.0,0.0,177,1,1
0.0,0.0,108,1,-1
0.0,0.0,177,1,1
0.0,0.0,108,1,-1
0.0,0.0,177,1,1
0.0,0.0,108,1,-1
0.0,0.0,177,1,1
0.0,0.0,108,1,-1
0.0,0.0,177,1,1
0.0,0.0,108,1,-1
0.0,0.0,172,1,1
0.0,0.0,108,1,-1
0.0,0.0,174,1,1
0.0,0.0,108,1,-1
0.0,0.0,174,1,1
0.0,0.0,108,1,-1
0.0,0.0,177,1,1
0.0,0.0,108,1,-1
0.0,0.0,172,1,1
0.0,0.0,108,1,-1
0.0,0.0,177,1,1
0.0,0.0,108,1,-1
0.0,0.0,172,1,1
0.0,0.0,108,1,-1
0.0,0.0,172,1,1
0.0,0.0,108,1,-1
0.0,0.0,172,1,1
0.0,0.0,108,1,-1
0.0,0.0,177,1,1
0.0,0.0,108,1,-1
0.0,0.0,172,1,1
0.0,0.0,108,1,-1
0.0,0.0,177,1,1
0.0,0.0,108,1,-1
0.0,0.0,172,1,1
0.0,0.0,108,1,-1
0.0,0.0,177,1,1
0.0,0.0,108,1,-1
0.0,0.0,172,1,1
0.0,0.0,108,1,-1
0.0,0.0,177,1,1
0.0,0.0,108,1,-1
0.0,0.0,177,1,1
0.0,0.0,108,1,-1
0.0,0.0,177,1,1
0.0,0.0,108,1,-1
0.0,0.0,177,1,1
0.0,0.0,108,1,-1
0.0,0.0,177,1,1
0.0,0.0,108,1,-1
0.0,0.0,174,1,1
0.0,0.0,108,1,-1
0.0,0.0,177,1,1
0.0,0.0,108,1,-1
0.0,0.0,174,1,1
0.0,0.0,108,1,-1
0.0,0.0,172,1,1
0.0,0.0,108,1,-1
0.0,0.0,174,1,1
0.0,0.0,108,1,-1
0.0,0.0,172,1,1
0.0,0.0,108,1,-1
0.0,0.0,172,1,1
0.0,0.0,108,1,-1
0.0,0.0,177,1,1
0.0,0.0,108,1,-1
0.0,0.0,177,1,1
0.0,0.0,108,1,-1
0.0,0.0,172,1,1
0.0,0.0,108,1,-1
0.0,0.0,174,1,1
0.0,0.0,108,1,-1
0.0,0.0,174,1,1
0.0,0.0,108,1,-1
0.0,0.0,172,1,1
0.0,0.0,108,1,-1
0.0,0.0,174,1,1
0.0,0.0,108,1,-1
0.0,0.0,174,1,1
0.0,0.0,108,1,-1
0.0,0.0,177,1,1
0.0,0.0,108,1,-1
0.0,0.0,177,1,1
0.0,0.0,108,1,-1
0.0,0.0,174,1,1
0.0,0.0,108,1,-1
0.0,0.0,172,1,1
0.0,0.0,108,1,-1
0.0,0.0,172,1,1
0.0,0.0,108,1,-1
0.0,0.0,174,1,1
0.0,0.0,108,1,-1
0.0,0.0,172,1,1
0.0,0.0,108,1,-1
0.0,0.0,172,1,1
0.0,0.0,108,1,-1
0.0,0.0,174,1,1
0.0,0.0,108,1,-1
0.0,0.0,177,1,1
0.0,0.0,108,1,-1
0.0,0.0,172,1,1
0.0,0.0,108,1,-1
0.0,0.0,172,1,1
0.0,0.0,108,1,-1
0.0,0.0,177,1,1
0.0,0.0,108,1,-1
0.0,0.0,177,1,1
0.0,0.0,108,1,-1
0.0,0.0,174,1,1
0.0,0.0,108,1,-1
0.0,0.0,177,1,1
0.0,0.0,108,1,-1
0.0,0.0,177,1,1
0.0,0.0,108,1,-1
0.0,0.0,172,1,1
0.0,0.0,108,1,-1
0.0,0.0,172,1,1
0.0,0.0,108,1,-1
0.0,0.0,172,1,1
0.0,0.0,108,1,-1
0.0,0.0,172,1,1
0.0,0.0,108,1,-1
0.0,0.0,174,1,1
0.0,0.0,108,1,-1
0.0,0.0,174,1,1
0.0,0.0,108,1,-1
0.0,0.0,174,1,1
0.0,0.0,108,1,-1
0.0,0.0,177,1,1
0.0,0.0,108,1,-1
0.0,0.0,172,1,1
0.0,0.0,108,1,-1
0.0,0.0,177,1,1
0.0,0.0,108,1,-1
0.0,0.0,177,1,1
0.0,0.0,108,1,-1
0.0,0.0,172,1,1
0.0,0.0,108,1,-1
0.0,0.0,172,1,1
0.0,0.0,108,1,-1
0.0,0.0,174,1,1
0.0,0.0,108,1,-1
0.0,0.0,172,1,1
0.0,0.0,108,1,-1
0.0,0.0,174,1,1
0.0,0.0,108,1,-1
0.0,0.0,172,1,1
0.0,0.0,108,1,-1
0.0,0.0,172,1,1
0.0,0.0,108,1,-1
0.0,0.0,174,1,1
0.0,0.0,108,1,-1
0.0,0.0,177,1,1
0.0,0.0,108,1,-1
0.0,0.0,177,1,1
0.0,0.0,108,1,-1
0.0,0.0,174,1,1
0.0,0.0,108,1,-1
0.0,0.0,174,1,1
0.0,0.0,108,1,-1
0.0,0.0,174,1,1
0.0,0.0,108,1,-1
0.0,0.0,177,1,1
0.0,0.0,108,1,-1
0.0,0.0,172,1,1
0.0,0.0,108,1,-1
0.0,0.0,172,1,1
0.0,0.0,108,1,-1
0.0,0.0,174,1,1
0.0,0.0,108,1,-1
0.0,0.0,172,1,1
0.0,0.0,108,1,-1
0.0,0.0,172,1,1
0.0,0.0,108,1,-1
0.0,0.0,177,1,1
0.0,0.0,108,1,-1
0.0,0.0,174,1,1
0.0,0.0,108,1,-1
0.0,0.0,172,1,1
0.0,0.0,108,1,-1
0.0,0.0,172,1,1
0.0,0.0,108,1,-1
0.0,0.0,174,1,1
0.0,0.0,108,1,-1
0.0,0.0,177,1,1
0.0,0.0,108,1,-1
0.0,0.0,174,1,1
0.0,0.0,108,1,-1
0.0,0.0,177,1,1
0.0,0.0,108,1,-1
0.0,0.0,172,1,1
0.0,0.0,108,1,-1
0.0,0.0,177,1,1
0.0,0.0,108,1,-1
0.0,0.0,177,1,1
0.0,0.0,108,1,-1
0.0,0.0,172,1,1
0.0,0.0,108,1,-1
0.0,0.0,177,1,1
0.0,0.0,108,1,-1
0.0,0.0,172,1,1
0.0,0.0,108,1,-1
0.0,0.0,177,1,1
0.0,0.0,108,1,-1
0.0,0.0,174,1,1
0.0,0.0,108,1,-1
0.0,0.0,172,1,1
0.0,0.0,108,1,-1
0.0,0.0,177,1,1
0.0,0.0,108,1,-1
0.0,0.0,177,1,1
0.0,0.0,108,1,-1
0.0,0.0,174,1,1
0.0,0.0,108,1,-1
0.0,0.0,172,1,1
0.0,0.0,108,1,-1
0.0,0.0,174,1,1
0.0,0.0,108,1,-1
0.0,0.0,174,1,1
0.0,0.0,108,1,-1
0.0,0.0,174,1,1
0.0,0.0,108,1,-1
0.0,0.0,174,1,1
0.0,0.0,108,1,-1
0.0,0.0,177,1,1
0.0,0.0,108,1,-1
0.0,0.0,177,1,1
0.0,0.0,108,1,-1
0.0,0.0,177,1,1
0.0,0.0,108,1,-1
0.0,0.0,177,1,1
0.0,0.0,108,1,-1
0.0,0.0,174,1,1
0.0,0.0,108,1,-1
0.0,0.0,177,1,1
0.0,0.0,108,1,-1
0.0,0.0,177,1,1
0.0,0.0,108,1,-1
0.0,0.0,174,1,1
0.0,0.0,108,1,-1
0.0,0.0,172,1,1
0.0,0.0,108,1,-1
0.0,0.0,172,1,1
0.0,0.0,108,1,-1
0.0,0.0,174,1,1
0.0,0.0,108,1,-1
0.0,0.0,174,1,1
0.0,0.0,108,1,-1
0.0,0.0,174,1,1
0.0,0.0,108,1,-1
0.0,0.0,172,1,1
0.0,0.0,108,1,-1
0.0,0.0,174,1,1
0.0,0.0,108,1,-1
0.0,0.0,177,1,1
0.0,0.0,108,1,-1
0.0,0.0,172,1,1
0.0,0.0,108,1,-1
0.0,0.0,172,1,1
0.0,0.0,108,1,-1
0.0,0.0,172,1,1
0.0,0.0,108,1,-1
0.0,0.0,174,1,1
0.0,0.0,108,1,-1
0.0,0.0,174,1,1
0.0,0.0,108,1,-1
0.0,0.0,174,1,1
0.0,0.0,108,1,-1
0.0,0.0,174,1,1
0.0,0.0,108,1,-1
0.0,0.0,177,1,1
0.0,0.0,108,1,-1
0.0,0.0,174,1,1
0.0,0.0,108,1,-1
0.0,0.0,174,1,1
0.0,0.0,108,1,-1
0.0,0.0,174,1,1
0.0,0.0,108,1,-1
0.0,0.0,177,1,1
0.0,0.0,108,1,-1
0.0,0.0,174,1,1
0.0,0.0,108,1,-1
0.0,0.0,177,1,1
0.0,0.0,108,1,-1
0.0,0.0,172,1,1
0.0,0.0,108,1,-1
0.0,0.0,174,1,1
0.0,0.0,108,1,-1
0.0,0.0,177,1,1
0.0,0.0,108,1,-1
0.0,0.0,174,1,1
0.0,0.0,108,1,-1
0.0,0.0,172,1,1
0.0,0.0,108,1,-1
0.0,0.0,177,1,1
0.0,0.0,108,1,-1
0.0,0.0,174,1,1
0.0,0.0,108,1,-1
0.0,0.0,172,1,1
0.0,0.0,108,1,-1
0.0,0.0,172,1,1
0.0,0.0,108,1,-1
0.0,0.0,174,1,1
0.0,0.0,108,1,-1
0.0,0.0,174,1,1
0.0,0.0,108,1,-1
0.0,0.0,172,1,1
0.0,0.0,108,1,-1
0.0,0.0,172,1,1
0.0,0.0,108,1,-1
0.0,0.0,174,1,1
0.0,0.0,108,1,-1
0.0,0.0,177,1,1
0.0,0.0,108,1,-1
0.0,0.0,174,1,1
0.0,0.0,108,1,-1
0.0,0.0,172,1,1
0.0,0.0,108,1,-1
0.0,0.0,177,1,1
0.0,0.0,108,1,-1
0.0,0.0,172,1,1
0.0,0.0,108,1,-1
0.0,0.0,177,1,1
0.0,0.0,108,1,-1
0.0,0.0,172,1,1
0.0,0.0,108,1,-1
0.0,0.0,174,1,1
0.0,0.0,108,1,-1
0.0,0.0,177,1,1
0.0,0.0,108,1,-1
0.0,0.0,172,1,1
0.0,0.0,108,1,-1
0.0,0.0,172,1,1
0.0,0.0,108,1,-1
0.0,0.0,172,1,1
0.0,0.0,108,1,-1
0.0,0.0,172,1,1
0.0,0.0,108,1,-1
0.0,0.0,172,1,1
0.0,0.0,108,1,-1
0.0,0.0,177,1,1
0.0,0.0,108,1,-1
0.0,0.0,177,1,1
0.0,0.0,108,1,-1
0.0,0.0,174,1,1
0.0,0.0,108,1,-1
0.0,0.0,172,1,1
0.0,0.0,108,1,-1
0.0,0.0,172,1,1
0.0,0.0,108,1,-1
0.0,0.0,172,1,1
0.0,0.0,108,1,-1
0.0,0.0,174,1,1
0.0,0.0,108,1,-1
0.0,0.0,177,1,1
0.0,0.0,108,1,-1
0.0,0.0,177,1,1
0.0,0.0,108,1,-1
0.0,0.0,174,1,1
0.0,0.0,108,1,-1
0.0,0.0,172,1,1
0.0,0.0,108,1,-1
0.0,0.0,174,1,1
0.0,0.0,108,1,-1
0.0,0.0,172,1,1
0.0,0.0,108,1,-1
0.0,0.0,174,1,1
0.0,0.0,108,1,-1
0.0,0.0,177,1,1
0.0,0.0,108,1,-1
0.0,0.0,172,1,1
0.0,0.0,108,1,-1
0.0,0.0,172,1,1
0.0,0.0,108,1,-1
0.0,0.0,172,1,1
0.0,0.0,108,1,-1
0.0,0.0,174,1,1
0.0,0.0,108,1,-1
0.0,0.0,177,1,1
0.0,0.0,108,1,-1
0.0,0.0,174,1,1
0.0,0.0,108,1,-1
0.0,0.0,177,1,1
0.0,0.0,108,1,-1
0.0,0.0,177,1,1
0.0,0.0,108,1,-1
0.0,0.0,177,1,1
0.0,0.0,108,1,-1
0.0,0.0,172,1,1
0.0,0.0,108,1,-1
0.0,0.0,174,1,1
0.0,0.0,108,1,-1
0.0,0.0,174,1,1
0.0,0.0,108,1,-1
0.0,0.0,172,1,1
0.0,0.0,108,1,-1
0.0,0.0,174,1,1
0.0,0.0,108,1,-1
0.0,0.0,177,1,1
0.0,0.0,108,1,-1
0.0,0.0,174,1,1
0.0,0.0,108,1,-1
0.0,0.0,172,1,1
0.0,0.0,108,1,-1
0.0,0.0,177,1,1
0.0,0.0,108,1,-1
0.0,0.0,172,1,1
0.0,0.0,108,1,-1
0.0,0.0,177,1,1
0.0,0.0,108,1,-1
0.0,0.0,174,1,1
0.0,0.0,108,1,-1
0.0,0.0,177,1,1
0.0,0.0,108,1,-1
0.0,0.0,174,1,1
0.0,0.0,108,1,-1
0.0,0.0,172,1,1
0.0,0.0,108,1,-1
0.0,0.0,177,1,1
0.0,0.0,108,1,-1
0.0,0.0,177,1,1
0.0,0.0,108,1,-1
0.0,0.0,177,1,1
0.0,0.0,108,1,-1
0.0,0.0,172,1,1
0.0,0.0,108,1,-1
0.0,0.0,172,1,1
0.0,0.0,108,1,-1
0.0,0.0,177,1,1
0.0,0.0,108,1,-1
0.0,0.0,172,1,1
0.0,0.0,108,1,-1
0.0,0.0,174,1,1
0.0,0.0,108,1,-1
0.0,0.0,177,1,1
0.0,0.0,108,1,-1
0.0,0.0,174,1,1
0.0,0.0,108,1,-1
0.0,0.0,177,1,1
0.0,0.0,108,1,-1
0.0,0.0,172,1,1
0.0,0.0,108,1,-1
0.0,0.0,177,1,1
0.0,0.0,108,1,-1
0.0,0.0,172,1,1
0.0,0.0,108,1,-1
0.0,0.0,177,1,1
0.0,0.0,108,1,-1
0.0,0.0,177,1,1
0.0,0.0,108,1,-1
0.0,0.0,177,1,1
0.0,0.0,108,1,-1
0.0,0.0,172,1,1
0.0,0.0,108,1,-1
0.0,0.0,151,1,1
0.0,0.0,108,1,-1
0.0,0.0,125,1,1
0.0,0.0,108,1,-1
0.0,0.0,125,1,1
0.0,0.0,108,1,-1
0.0,0.0,125,1,1
0.0,0.0,108,1,-1
0.0,0.0,125,1,1
0.0,0.0,108,1,-1
0.0,0.0,125,1,1
0.0,0.0,73,1,-1
0.0,0.0,90,1,1
0.0,0.0,73,1,-1
0.0,0.0,222,1,-1
0.0,0.0,421,1,1
0.0,0.0,173,1,-1
0.0,0.0,324,1,1
0.0,0.0,90,1,1
0.0,0.0,153,1,-1
0.0,0.0,240,1,1
0.0,0.0,108,1,-1
0.0,0.0,177,1,1
0.0,0.0,108,1,-1
0.0,0.0,177,1,1
0.0,0.0,108,1,-1
0.0,0.0,174,1,1
0.0,0.0,108,1,-1
0.0,0.0,177,1,1
0.0,0.0,108,1,-1
0.0,0.0,177,1,1
0.0,0.0,73,1,-1
0.0,0.0,90,1,1
0.0,0.0,108,1,-1
0.0,0.0,177,1,1
0.0,0.0,108,1,-1
0.0,0.0,177,1,1
0.0,0.0,108,1,-1
0.0,0.0,172,1,1
0.0,0.0,108,1,-1
0.0,0.0,172,1,1
0.0,0.0,108,1,-1
0.0,0.0,172,1,1
0.0,0.0,108,1,-1
0.0,0.0,177,1,1
0.0,0.0,108,1,-1
0.0,0.0,177,1,1
0.0,0.0,108,1,-1
0.0,0.0,172,1,1
0.0,0.0,108,1,-1
0.0,0.0,172,1,1
0.0,0.0,108,1,-1
0.0,0.0,172,1,1
0.0,0.0,108,1,-1
0.0,0.0,174,1,1
0.0,0.0,108,1,-1
0.0,0.0,174,1,1
0.0,0.0,108,1,-1
0.0,0.0,174,1,1
0.0,0.0,108,1,-1
0.0,0.0,174,1,1
0.0,0.0,108,1,-1
0.0,0.0,172,1,1
0.0,0.0,108,1,-1
0.0,0.0,172,1,1
0.0,0.0,108,1,-1
0.0,0.0,172,1,1
0.0,0.0,108,1,-1
0.0,0.0,172,1,1
0.0,0.0,108,1,-1
0.0,0.0,172,1,1
0.0,0.0,108,1,-1
0.0,0.0,177,1,1
0.0,0.0,108,1,-1
0.0,0.0,172,1,1
0.0,0.0,108,1,-1
0.0,0.0,177,1,1
0.0,0.0,108,1,-1
0.0,0.0,172,1,1
0.0,0.0,108,1,-1
0.0,0.0,174,1,1
0.0,0.0,108,1,-1
0.0,0.0,377,1,1
0.0,0.0,108,1,-1
0.0,0.0,377,1,1
0.0,0.0,108,1,-1
0.0,0.0,317,1,1
0.0,0.0,283,1,-1
0.0,0.0,368,1,1
0.0,0.0,283,1,-1
0.0,0.0,368,1,1
0.0,0.0,283,1,-1
0.0,0.0,370,1,1
0.0,0.0,122,1,-1
0.0,0.0,191,1,1
0.0,0.0,108,1,-1
0.0,0.0,177,1,1
0.0,0.0,108,1,-1
0.0,0.0,177,1,1
0.0,0.0,108,1,-1
0.0,0.0,177,1,1
0.0,0.0,108,1,-1
0.0,0.0,177,1,1
0.0,0.0,108,1,-1
0.0,0.0,177,1,1
0.0,0.0,108,1,-1
0.0,0.0,172,1,1
0.0,0.0,108,1,-1
0.0,0.0,174,1,1
0.0,0.0,108,1,-1
0.0,0.0,172,1,1
0.0,0.0,108,1,-1
0.0,0.0,174,1,1
0.0,0.0,108,1,-1
0.0,0.0,177,1,1
0.0,0.0,108,1,-1
0.0,0.0,177,1,1
0.0,0.0,108,1,-1
0.0,0.0,172,1,1
0.0,0.0,108,1,-1
0.0,0.0,174,1,1
0.0,0.0,108,1,-1
0.0,0.0,177,1,1
0.0,0.0,108,1,-1
0.0,0.0,172,1,1
0.0,0.0,108,1,-1
0.0,0.0,177,1,1
0.0,0.0,108,1,-1
0.0,0.0,174,1,1
0.0,0.0,108,1,-1
0.0,0.0,177,1,1
0.0,0.0,108,1,-1
0.0,0.0,174,1,1
0.0,0.0,108,1,-1
0.0,0.0,174,1,1
-0.00059973,0.00059973,164,2,-1
0.0,0.0,124,1,1
0.0,0.0,108,1,-1
0.0,0.0,172,1,1
0.0,0.0,108,1,-1
0.0,0.0,174,1,1
0.0,0.0,108,1,-1
0.0,0.0,174,1,1
0.0,0.0,108,1,-1
0.0,0.0,174,1,1
0.0,0.0,108,1,-1
0.0,0.0,177,1,1
0.0,0.0,108,1,-1
0.0,0.0,172,1,1
0.0,0.0,108,1,-1
0.0,0.0,177,1,1
0.0,0.0,108,1,-1
0.0,0.0,177,1,1
0.0,0.0,108,1,-1
0.0,0.0,177,1,1
0.0,0.0,108,1,-1
0.0,0.0,174,1,1
0.0,0.0,108,1,-1
0.0,0.0,172,1,1
0.0,0.0,108,1,-1
0.0,0.0,177,1,1
0.0,0.0,108,1,-1
0.0,0.0,174,1,1
0.0,0.0,108,1,-1
0.0,0.0,172,1,1
0.0,0.0,108,1,-1
0.0,0.0,172,1,1
0.0,0.0,108,1,-1
0.0,0.0,172,1,1
0.0,0.0,108,1,-1
0.0,0.0,172,1,1
0.0,0.0,108,1,-1
0.0,0.0,174,1,1
0.0,0.0,108,1,-1
0.0,0.0,174,1,1
0.0,0.0,108,1,-1
0.0,0.0,177,1,1
0.0,0.0,108,1,-1
0.0,0.0,172,1,1
0.0,0.0,108,1,-1
0.0,0.0,172,1,1
0.0,0.0,108,1,-1
0.0,0.0,172,1,1
0.0,0.0,108,1,-1
0.0,0.0,177,1,1
0.0,0.0,108,1,-1
0.0,0.0,174,1,1
0.0,0.0,108,1,-1
0.0,0.0,172,1,1
0.0,0.0,108,1,-1
0.0,0.0,174,1,1
0.0,0.0,108,1,-1
0.0,0.0,172,1,1
0.0,0.0,108,1,-1
0.0,0.0,172,1,1
0.0,0.0,108,1,-1
0.0,0.0,172,1,1
0.0,0.0,108,1,-1
0.0,0.0,174,1,1
0.0,0.0,108,1,-1
0.0,0.0,172,1,1
0.0,0.0,108,1,-1
0.0,0.0,172,1,1
0.0,0.0,108,1,-1
0.0,0.0,174,1,1
0.0,0.0,108,1,-1
0.0,0.0,172,1,1
0.0,0.0,108,1,-1
0.0,0.0,174,1,1
0.0,0.0,108,1,-1
0.0,0.0,177,1,1
0.0,0.0,108,1,-1
0.0,0.0,174,1,1
-0.000164004,0.000164004,144,2,-1
0.0,0.0,145,1,1
0.0,0.0,201,1,1
0.0,0.0,108,1,-1
0.0,0.0,177,1,1
0.0,0.0,108,1,-1
0.0,0.0,174,1,1
0.0,0.0,108,1,-1
0.0,0.0,177,1,1
0.0,0.0,108,1,-1
0.0,0.0,172,1,1
0.0,0.0,108,1,-1
0.0,0.0,172,1,1
0.0,0.0,108,1,-1
0.0,0.0,174,1,1
0.0,0.0,108,1,-1
0.0,0.0,177,1,1
0.0,0.0,108,1,-1
0.0,0.0,172,1,1
0.0,0.0,108,1,-1
0.0,0.0,177,1,1
0.0,0.0,108,1,-1
0.0,0.0,172,1,1
0.0,0.0,108,1,-1
0.0,0.0,177,1,1
0.0,0.0,108,1,-1
0.0,0.0,172,1,1
0.0,0.0,108,1,-1
0.0,0.0,177,1,1
0.0,0.0,108,1,-1
0.0,0.0,174,1,1
0.0,0.0,108,1,-1
0.0,0.0,177,1,1
0.0,0.0,108,1,-1
0.0,0.0,177,1,1
0.0,0.0,108,1,-1
0.0,0.0,174,1,1
0.0,0.0,108,1,-1
0.0,0.0,177,1,1
0.0,0.0,108,1,-1
0.0,0.0,172,1,1
0.0,0.0,108,1,-1
0.0,0.0,172,1,1
0.0,0.0,108,1,-1
0.0,0.0,177,1,1
0.0,0.0,108,1,-1
0.0,0.0,177,1,1
0.0,0.0,108,1,-1
0.0,0.0,174,1,1
0.0,0.0,108,1,-1
0.0,0.0,174,1,1
0.0,0.0,108,1,-1
0.0,0.0,177,1,1
0.0,0.0,108,1,-1
0.0,0.0,177,1,1
0.0,0.0,108,1,-1
0.0,0.0,174,1,1
0.0,0.0,108,1,-1
0.0,0.0,177,1,1
0.0,0.0,108,1,-1
0.0,0.0,177,1,1
0.0,0.0,108,1,-1
0.0,0.0,177,1,1
0.0,0.0,108,1,-1
0.0,0.0,174,1,1
0.0,0.0,108,1,-1
0.0,0.0,177,1,1
0.0,0.0,108,1,-1
0.0,0.0,174,1,1
0.0,0.0,108,1,-1
0.0,0.0,174,1,1
0.0,0.0,108,1,-1
0.0,0.0,172,1,1
0.0,0.0,108,1,-1
0.0,0.0,177,1,1
0.0,0.0,108,1,-1
0.0,0.0,172,1,1
0.0,0.0,108,1,-1
0.0,0.0,174,1,1
0.0,0.0,108,1,-1
0.0,0.0,172,1,1
0.0,0.0,108,1,-1
0.0,0.0,174,1,1
0.0,0.0,108,1,-1
0.0,0.0,177,1,1
0.0,0.0,108,1,-1
0.0,0.0,172,1,1
0.0,0.0,108,1,-1
0.0,0.0,177,1,1
0.0,0.0,108,1,-1
0.0,0.0,172,1,1
0.0,0.0,108,1,-1
0.0,0.0,174,1,1
0.0,0.0,108,1,-1
0.0,0.0,174,1,1
0.0,0.0,108,1,-1
0.0,0.0,174,1,1
0.0,0.0,108,1,-1
0.0,0.0,174,1,1
0.0,0.0,108,1,-1
0.0,0.0,174,1,1
0.0,0.0,108,1,-1
0.0,0.0,177,1,1
0.0,0.0,108,1,-1
0.0,0.0,174,1,1
0.0,0.0,108,1,-1
0.0,0.0,172,1,1
0.0,0.0,108,1,-1
0.0,0.0,172,1,1
0.0,0.0,108,1,-1
0.0,0.0,177,1,1
0.0,0.0,108,1,-1
0.0,0.0,172,1,1
0.0,0.0,108,1,-1
0.0,0.0,177,1,1
0.0,0.0,108,1,-1
0.0,0.0,174,1,1
0.0,0.0,108,1,-1
0.0,0.0,271,1,1
0.0,0.0,222,1,-1
0.0,0.0,128,1,-1
-2.7e-07,2.7e-07,596,2,1
0.0,0.0,108,1,-1
0.0,0.0,174,1,1
0.0,0.0,173,1,-1
0.0,0.0,324,1,1
0.0,0.0,108,1,-1
0.0,0.0,177,1,1
0.0,0.0,167,1,-1
0.0,0.0,251,1,1
0.0,0.0,175,1,-1
0.0,0.0,261,1,1
0.0,0.0,128,1,-1
0.0,0.0,254,1,1
0.0,0.0,108,1,-1
0.0,0.0,172,1,1
0.0,0.0,108,1,-1
0.0,0.0,177,1,1
0.0,0.0,108,1,-1
0.0,0.0,177,1,1
0.0,0.0,108,1,-1
0.0,0.0,177,1,1
0.0,0.0,108,1,-1
0.0,0.0,174,1,1
0.0,0.0,108,1,-1
0.0,0.0,174,1,1
0.0,0.0,108,1,-1
0.0,0.0,174,1,1
0.0,0.0,108,1,-1
0.0,0.0,177,1,1
0.0,0.0,108,1,-1
0.0,0.0,172,1,1
0.0,0.0,108,1,-1
0.0,0.0,174,1,1
0.0,0.0,108,1,-1
0.0,0.0,174,1,1
0.0,0.0,108,1,-1
0.0,0.0,177,1,1
0.0,0.0,108,1,-1
0.0,0.0,174,1,1
0.0,0.0,108,1,-1
0.0,0.0,172,1,1
0.0,0.0,108,1,-1
0.0,0.0,177,1,1
0.0,0.0,108,1,-1
0.0,0.0,174,1,1
0.0,0.0,108,1,-1
0.0,0.0,174,1,1
0.0,0.0,108,1,-1
0.0,0.0,172,1,1
0.0,0.0,108,1,-1
0.0,0.0,172,1,1
0.0,0.0,108,1,-1
0.0,0.0,172,1,1
0.0,0.0,108,1,-1
0.0,0.0,172,1,1
0.0,0.0,108,1,-1
0.0,0.0,172,1,1
0.0,0.0,108,1,-1
0.0,0.0,174,1,1
0.0,0.0,108,1,-1
0.0,0.0,172,1,1
0.0,0.0,108,1,-1
0.0,0.0,177,1,1
0.0,0.0,108,1,-1
0.0,0.0,172,1,1
0.0,0.0,108,1,-1
0.0,0.0,174,1,1
0.0,0.0,108,1,-1
0.0,0.0,177,1,1
0.0,0.0,108,1,-1
0.0,0.0,174,1,1
0.0,0.0,108,1,-1
0.0,0.0,174,1,1
0.0,0.0,108,1,-1
0.0,0.0,172,1,1
0.0,0.0,108,1,-1
0.0,0.0,177,1,1
0.0,0.0,108,1,-1
0.0,0.0,177,1,1
0.0,0.0,108,1,-1
0.0,0.0,177,1,1
0.0,0.0,108,1,-1
0.0,0.0,174,1,1
0.0,0.0,108,1,-1
0.0,0.0,174,1,1
0.0,0.0,108,1,-1
0.0,0.0,177,1,1
0.0,0.0,108,1,-1
0.0,0.0,177,1,1
0.0,0.0,108,1,-1
0.0,0.0,174,1,1
0.0,0.0,108,1,-1
0.0,0.0,172,1,1
0.0,0.0,108,1,-1
0.0,0.0,177,1,1
0.0,0.0,108,1,-1
0.0,0.0,172,1,1
0.0,0.0,108,1,-1
0.0,0.0,177,1,1
0.0,0.0,108,1,-1
0.0,0.0,177,1,1
0.0,0.0,108,1,-1
0.0,0.0,174,1,1
0.0,0.0,108,1,-1
0.0,0.0,172,1,1
0.0,0.0,108,1,-1
0.0,0.0,174,1,1
0.0,0.0,71,1,-1
0.0,0.0,153,1,1
0.0,0.0,108,1,-1
0.0,0.0,177,1,1
0.0,0.0,108,1,-1
0.0,0.0,177,1,1
0.0,0.0,108,1,-1
0.0,0.0,172,1,1
0.0,0.0,108,1,-1
0.0,0.0,172,1,1
0.0,0.0,108,1,-1
0.0,0.0,172,1,1
0.0,0.0,108,1,-1
0.0,0.0,177,1,1
0.0,0.0,108,1,-1
0.0,0.0,177,1,1
0.0,0.0,108,1,-1
0.0,0.0,177,1,1
0.0,0.0,108,1,-1
0.0,0.0,172,1,1
0.0,0.0,108,1,-1
0.0,0.0,172,1,1
0.0,0.0,108,1,-1
0.0,0.0,177,1,1
0.0,0.0,108,1,-1
0.0,0.0,177,1,1
0.0,0.0,108,1,-1
0.0,0.0,177,1,1
0.0,0.0,108,1,-1
0.0,0.0,174,1,1
0.0,0.0,108,1,-1
0.0,0.0,172,1,1
0.0,0.0,108,1,-1
0.0,0.0,177,1,1
0.0,0.0,108,1,-1
0.0,0.0,177,1,1
0.0,0.0,108,1,-1
0.0,0.0,174,1,1
0.0,0.0,108,1,-1
0.0,0.0,172,1,1
0.0,0.0,108,1,-1
0.0,0.0,177,1,1
0.0,0.0,108,1,-1
0.0,0.0,177,1,1
0.0,0.0,108,1,-1
0.0,0.0,172,1,1
0.0,0.0,108,1,-1
0.0,0.0,177,1,1
0.0,0.0,108,1,-1
0.0,0.0,172,1,1
0.0,0.0,108,1,-1
0.0,0.0,174,1,1
0.0,0.0,108,1,-1
0.0,0.0,172,1,1
0.0,0.0,108,1,-1
0.0,0.0,172,1,1
0.0,0.0,108,1,-1
0.0,0.0,174,1,1
0.0,0.0,108,1,-1
0.0,0.0,174,1,1
0.0,0.0,108,1,-1
0.0,0.0,172,1,1
0.0,0.0,108,1,-1
0.0,0.0,177,1,1
0.0,0.0,108,1,-1
0.0,0.0,177,1,1
0.0,0.0,108,1,-1
0.0,0.0,172,1,1
0.0,0.0,108,1,-1
0.0,0.0,172,1,1
0.0,0.0,108,1,-1
0.0,0.0,177,1,1
0.0,0.0,108,1,-1
0.0,0.0,172,1,1
0.0,0.0,108,1,-1
0.0,0.0,174,1,1
0.0,0.0,108,1,-1
0.0,0.0,174,1,1
0.0,0.0,108,1,-1
0.0,0.0,177,1,1
0.0,0.0,108,1,-1
0.0,0.0,172,1,1
0.0,0.0,108,1,-1
0.0,0.0,172,1,1
0.0,0.0,108,1,-1
0.0,0.0,174,1,1
0.0,0.0,108,1,-1
0.0,0.0,172,1,1
0.0,0.0,108,1,-1
0.0,0.0,172,1,1
0.0,0.0,108,1,-1
0.0,0.0,177,1,1
0.0,0.0,108,1,-1
0.0,0.0,174,1,1
0.0,0.0,108,1,-1
0.0,0.0,174,1,1
0.0,0.0,108,1,-1
0.0,0.0,177,1,1
0.0,0.0,108,1,-1
0.0,0.0,235,1,1
0.0,0.0,222,1,-1
0.0,0.0,128,1,-1
0.0,0.0,421,1,1
0.0,0.0,108,1,-1
0.0,0.0,177,1,1
0.0,0.0,173,1,-1
0.0,0.0,323,1,1
0.0,0.0,108,1,-1
0.0,0.0,177,1,1
0.0,0.0,149,1,-1
0.0,0.0,233,1,1
0.0,0.0,283,1,-1
0.0,0.0,370,1,1
0.0,0.0,120,1,-1
0.0,0.0,187,1,1
0.0,0.0,108,1,-1
0.0,0.0,177,1,1
0.0,0.0,108,1,-1
0.0,0.0,172,1,1
0.0,0.0,108,1,-1
0.0,0.0,177,1,1
0.0,0.0,108,1,-1
0.0,0.0,174,1,1
0.0,0.0,108,1,-1
0.0,0.0,177,1,1
0.0,0.0,108,1,-1
0.0,0.0,172,1,1
0.0,0.0,108,1,-1
0.0,0.0,172,1,1
0.0,0.0,108,1,-1
0.0,0.0,177,1,1
0.0,0.0,108,1,-1
0.0,0.0,172,1,1
0.0,0.0,108,1,-1
0.0,0.0,172,1,1
0.0,0.0,108,1,-1
0.0,0.0,177,1,1
0.0,0.0,108,1,-1
0.0,0.0,174,1,1
0.0,0.0,108,1,-1
0.0,0.0,172,1,1
0.0,0.0,108,1,-1
0.0,0.0,174,1,1
0.0,0.0,108,1,-1
0.0,0.0,172,1,1
0.0,0.0,108,1,-1
0.0,0.0,177,1,1
0.0,0.0,108,1,-1
0.0,0.0,177,1,1
0.0,0.0,108,1,-1
0.0,0.0,177,1,1
0.0,0.0,108,1,-1
0.0,0.0,172,1,1
0.0,0.0,108,1,-1
0.0,0.0,174,1,1
0.0,0.0,108,1,-1
0.0,0.0,174,1,1
0.0,0.0,108,1,-1
0.0,0.0,172,1,1
0.0,0.0,108,1,-1
0.0,0.0,174,1,1
0.0,0.0,108,1,-1
0.0,0.0,174,1,1
0.0,0.0,108,1,-1
0.0,0.0,177,1,1
0.0,0.0,108,1,-1
0.0,0.0,172,1,1
0.0,0.0,108,1,-1
0.0,0.0,172,1,1
0.0,0.0,108,1,-1
0.0,0.0,177,1,1
0.0,0.0,108,1,-1
0.0,0.0,174,1,1
0.0,0.0,108,1,-1
0.0,0.0,177,1,1
0.0,0.0,108,1,-1
0.0,0.0,174,1,1
0.0,0.0,108,1,-1
0.0,0.0,177,1,1
0.0,0.0,108,1,-1
0.0,0.0,177,1,1
0.0,0.0,108,1,-1
0.0,0.0,172,1,1
0.0,0.0,108,1,-1
0.0,0.0,177,1,1
0.0,0.0,108,1,-1
0.0,0.0,177,1,1
0.0,0.0,108,1,-1
0.0,0.0,177,1,1
0.0,0.0,108,1,-1
0.0,0.0,174,1,1
0.0,0.0,108,1,-1
0.0,0.0,172,1,1
0.0,0.0,108,1,-1
0.0,0.0,177,1,1
0.0,0.0,108,1,-1
0.0,0.0,177,1,1
0.0,0.0,108,1,-1
0.0,0.0,174,1,1
0.0,0.0,108,1,-1
0.0,0.0,172,1,1
0.0,0.0,108,1,-1
0.0,0.0,174,1,1
0.0,0.0,108,1,-1
0.0,0.0,172,1,1
0.0,0.0,108,1,-1
0.0,0.0,177,1,1
0.0,0.0,108,1,-1
0.0,0.0,172,1,1
0.0,0.0,108,1,-1
0.0,0.0,177,1,1
0.0,0.0,108,1,-1
0.0,0.0,177,1,1
0.0,0.0,108,1,-1
0.0,0.0,177,1,1
0.0,0.0,108,1,-1
0.0,0.0,177,1,1
0.0,0.0,108,1,-1
0.0,0.0,172,1,1
0.0,0.0,108,1,-1
0.0,0.0,174,1,1
0.0,0.0,108,1,-1
0.0,0.0,172,1,1
0.0,0.0,108,1,-1
0.0,0.0,172,1,1
0.0,0.0,108,1,-1
0.0,0.0,174,1,1
0.0,0.0,108,1,-1
0.0,0.0,174,1,1
0.0,0.0,108,1,-1
0.0,0.0,177,1,1
0.0,0.0,108,1,-1
0.0,0.0,174,1,1
0.0,0.0,108,1,-1
0.0,0.0,174,1,1
0.0,0.0,108,1,-1
0.0,0.0,172,1,1
0.0,0.0,108,1,-1
0.0,0.0,172,1,1
0.0,0.0,108,1,-1
0.0,0.0,172,1,1
0.0,0.0,108,1,-1
0.0,0.0,172,1,1
0.0,0.0,108,1,-1
0.0,0.0,172,1,1
0.0,0.0,108,1,-1
0.0,0.0,174,1,1
0.0,0.0,108,1,-1
0.0,0.0,172,1,1
0.0,0.0,108,1,-1
0.0,0.0,172,1,1
0.0,0.0,108,1,-1
0.0,0.0,174,1,1
0.0,0.0,108,1,-1
0.0,0.0,177,1,1
0.0,0.0,108,1,-1
0.0,0.0,174,1,1
0.0,0.0,108,1,-1
0.0,0.0,177,1,1
0.0,0.0,108,1,-1
0.0,0.0,172,1,1
0.0,0.0,108,1,-1
0.0,0.0,172,1,1
0.0,0.0,108,1,-1
0.0,0.0,172,1,1
0.0,0.0,108,1,-1
0.0,0.0,174,1,1
0.0,0.0,108,1,-1
0.0,0.0,177,1,1
0.0,0.0,108,1,-1
0.0,0.0,177,1,1
0.0,0.0,108,1,-1
0.0,0.0,174,1,1
0.0,0.0,108,1,-1
0.0,0.0,174,1,1
0.0,0.0,108,1,-1
0.0,0.0,174,1,1
0.0,0.0,108,1,-1
0.0,0.0,177,1,1
0.0,0.0,108,1,-1
0.0,0.0,172,1,1
0.0,0.0,108,1,-1
0.0,0.0,177,1,1
0.0,0.0,108,1,-1
0.0,0.0,174,1,1
0.0,0.0,108,1,-1
0.0,0.0,174,1,1
0.0,0.0,108,1,-1
0.0,0.0,174,1,1
0.0,0.0,108,1,-1
0.0,0.0,177,1,1
0.0,0.0,108,1,-1
0.0,0.0,174,1,1
0.0,0.0,108,1,-1
0.0,0.0,172,1,1
0.0,0.0,108,1,-1
0.0,0.0,177,1,1
0.0,0.0,108,1,-1
0.0,0.0,172,1,1
0.0,0.0,108,1,-1
0.0,0.0,174,1,1
0.0,0.0,108,1,-1
0.0,0.0,174,1,1
0.0,0.0,108,1,-1
0.0,0.0,177,1,1
0.0,0.0,108,1,-1
0.0,0.0,177,1,1
0.0,0.0,108,1,-1
0.0,0.0,174,1,1
0.0,0.0,108,1,-1
0.0,0.0,172,1,1
0.0,0.0,108,1,-1
0.0,0.0,177,1,1
0.0,0.0,108,1,-1
0.0,0.0,174,1,1
0.0,0.0,108,1,-1
0.0,0.0,172,1,1
0.0,0.0,108,1,-1
0.0,0.0,177,1,1
0.0,0.0,108,1,-1
0.0,0.0,174,1,1
0.0,0.0,108,1,-1
0.0,0.0,174,1,1
0.0,0.0,108,1,-1
0.0,0.0,172,1,1
0.0,0.0,108,1,-1
0.0,0.0,174,1,1
0.0,0.0,108,1,-1
0.0,0.0,174,1,1
0.0,0.0,108,1,-1
0.0,0.0,177,1,1
0.0,0.0,108,1,-1
0.0,0.0,174,1,1
0.0,0.0,108,1,-1
0.0,0.0,177,1,1
0.0,0.0,108,1,-1
0.0,0.0,177,1,1
0.0,0.0,108,1,-1
0.0,0.0,177,1,1
0.0,0.0,108,1,-1
0.0,0.0,174,1,1
0.0,0.0,108,1,-1
0.0,0.0,177,1,1
0.0,0.0,108,1,-1
0.0,0.0,172,1,1
0.0,0.0,108,1,-1
0.0,0.0,172,1,1
0.0,0.0,108,1,-1
0.0,0.0,174,1,1
0.0,0.0,108,1,-1
0.0,0.0,174,1,1
0.0,0.0,108,1,-1
0.0,0.0,174,1,1
0.0,0.0,108,1,-1
0.0,0.0,172,1,1
0.0,0.0,108,1,-1
0.0,0.0,172,1,1
0.0,0.0,108,1,-1
0.0,0.0,177,1,1
0.0,0.0,108,1,-1
0.0,0.0,174,1,1
0.0,0.0,108,1,-1
0.0,0.0,174,1,1
0.0,0.0,108,1,-1
0.0,0.0,172,1,1
0.0,0.0,108,1,-1
0.0,0.0,174,1,1
0.0,0.0,108,1,-1
0.0,0.0,177,1,1
0.0,0.0,108,1,-1
0.0,0.0,174,1,1
0.0,0.0,108,1,-1
0.0,0.0,172,1,1
0.0,0.0,108,1,-1
0.0,0.0,174,1,1
0.0,0.0,108,1,-1
0.0,0.0,177,1,1
0.0,0.0,108,1,-1
0.0,0.0,177,1,1
0.0,0.0,108,1,-1
0.0,0.0,174,1,1
0.0,0.0,108,1,-1
0.0,0.0,177,1,1
0.0,0.0,108,1,-1
0.0,0.0,172,1,1
0.0,0.0,108,1,-1
0.0,0.0,174,1,1
0.0,0.0,108,1,-1
0.0,0.0,174,1,1
0.0,0.0,74,1,-1
0.0,0.0,108,1,-1
0.0,0.0,172,1,1
-0.000303455,0.000303455,404,2,1
0.0,0.0,108,1,-1
0.0,0.0,177,1,1
0.0,0.0,108,1,-1
0.0,0.0,177,1,1
0.0,0.0,108,1,-1
0.0,0.0,177,1,1
0.0,0.0,108,1,-1
0.0,0.0,177,1,1
0.0,0.0,108,1,-1
0.0,0.0,177,1,1
0.0,0.0,108,1,-1
0.0,0.0,233,1,1
0.0,0.0,222,1,-1
0.0,0.0,128,1,-1
0.0,0.0,423,1,1
0.0,0.0,108,1,-1
0.0,0.0,172,1,1
0.0,0.0,173,1,-1
0.0,0.0,323,1,1
0.0,0.0,108,1,-1
0.0,0.0,172,1,1
0.0,0.0,149,1,-1
0.0,0.0,213,1,1
0.0,0.0,283,1,-1
0.0,0.0,368,1,1
0.0,0.0,120,1,-1
0.0,0.0,184,1,1
0.0,0.0,108,1,-1
0.0,0.0,177,1,1
0.0,0.0,108,1,-1
0.0,0.0,172,1,1
0.0,0.0,108,1,-1
0.0,0.0,177,1,1
0.0,0.0,108,1,-1
0.0,0.0,177,1,1
0.0,0.0,108,1,-1
0.0,0.0,174,1,1
0.0,0.0,108,1,-1
0.0,0.0,177,1,1
0.0,0.0,108,1,-1
0.0,0.0,174,1,1
0.0,0.0,108,1,-1
0.0,0.0,174,1,1
0.0,0.0,108,1,-1
0.0,0.0,172,1,1
0.0,0.0,108,1,-1
0.0,0.0,174,1,1
0.0,0.0,108,1,-1
0.0,0.0,177,1,1
0.0,0.0,108,1,-1
0.0,0.0,172,1,1
0.0,0.0,108,1,-1
0.0,0.0,177,1,1
0.0,0.0,108,1,-1
0.0,0.0,177,1,1
0.0,0.0,108,1,-1
0.0,0.0,174,1,1
0.0,0.0,108,1,-1
0.0,0.0,174,1,1
0.0,0.0,108,1,-1
0.0,0.0,172,1,1
0.0,0.0,108,1,-1
0.0,0.0,177,1,1
0.0,0.0,108,1,-1
0.0,0.0,174,1,1
0.0,0.0,108,1,-1
0.0,0.0,177,1,1
0.0,0.0,108,1,-1
0.0,0.0,174,1,1
0.0,0.0,108,1,-1
0.0,0.0,172,1,1
0.0,0.0,108,1,-1
0.0,0.0,177,1,1
0.0,0.0,108,1,-1
0.0,0.0,172,1,1
0.0,0.0,108,1,-1
0.0,0.0,174,1,1
0.0,0.0,108,1,-1
0.0,0.0,177,1,1
0.0,0.0,108,1,-1
0.0,0.0,108,1,-1
0.0,0.0,172,1,1
0.0,0.0,177,1,1
0.0,0.0,108,1,-1
0.0,0.0,172,1,1
0.0,0.0,108,1,-1
0.0,0.0,174,1,1
0.0,0.0,108,1,-1
0.0,0.0,177,1,1
0.0,0.0,108,1,-1
0.0,0.0,174,1,1
0.0,0.0,108,1,-1
0.0,0.0,174,1,1
0.0,0.0,108,1,-1
0.0,0.0,172,1,1
Clump Interarrival,Clump Duration,Clump Size,Clump Packets,Clump Direction
0.0,0.0,53,1,-1
0.0,0.0,250,1,1
Clump Interarrival,Clump Duration,Clump Size,Clump Packets,Clump Direction
0.0,0.0,53,1,-1
0.0,0.0,250,1,1
Clump Interarrival,Clump Duration,Clump Size,Clump Packets,Clump Direction
0.0,0.0,53,1,-1
0.0,0.0,250,1,1
Clump Interarrival,Clump Duration,Clump Size,Clump Packets,Clump Direction
0.0,0.0,53,1,-1
0.0,0.0,250,1,1
Clump Interarrival,Clump Duration,Clump Size,Clump Packets,Clump Direction
0.0,0.0,53,1,-1
0.0,0.0,87,1,-1
-0.000431429,0.000431429,179,2,-1
0.0,0.0,154,1,-1
0.0,0.0,250,1,1
0.0,0.0,146,1,1
Clump Interarrival,Clump Duration,Clump Size,Clump Packets,Clump Direction
0.0,0.0,53,1,-1
0.0,0.0,87,1,-1
-0.000808681,0.000808681,179,2,-1
0.0,0.0,154,1,-1
0.0,0.0,250,1,1
0.0,0.0,131,1,1
-0.000437769,0.000437769,412,4,-1
0.0,0.0,103,1,1
-0.000173547,0.000173547,108,2,-1
0.0,0.0,154,1,-1
0.0,0.0,167,1,1
-0.000107131,0.000107131,262,3,-1
0.0,0.0,103,1,1
-0.000214598,0.000214598,256,3,-1
0.0,0.0,103,1,1
-0.000633192,0.000633192,102,2,-1
0.0,0.0,154,1,-1
0.0,0.0,109,1,1
0.0,0.0,153,1,1
Clump Interarrival,Clump Duration,Clump Size,Clump Packets,Clump Direction
-0.000963763,0.000963763,418,4,-1
0.0,0.0,250,1,1
Clump Interarrival,Clump Duration,Clump Size,Clump Packets,Clump Direction
-0.000697802,0.000697802,473,5,-1
0.0,0.0,250,1,1
0.0,0.0,196,1,1
-0.000200358,0.000200358,205,2,-1
0.0,0.0,347,1,1
Clump Interarrival,Clump Duration,Clump Size,Clump Packets,Clump Direction
-0.001152169,0.001152169,627,6,-1
0.0,0.0,250,1,1
-0.000132541,0.000132541,256,3,-1
0.0,0.0,116,1,1
Clump Interarrival,Clump Duration,Clump Size,Clump Packets,Clump Direction
-0.000547645,0.000547645,627,6,-1
0.0,0.0,250,1,1
0.0,0.0,146,1,1
Clump Interarrival,Clump Duration,Clump Size,Clump Packets,Clump Direction
-0.000560349,0.000560349,473,5,-1
0.0,0.0,250,1,1
0.0,0.0,144,1,1
Clump Interarrival,Clump Duration,Clump Size,Clump Packets,Clump Direction
0.0,0.0,222,1,-1
0.0,0.0,421,1,1
0.0,0.0,173,1,-1
0.0,0.0,302,1,1
0.0,0.0,153,1,-1
0.0,0.0,240,1,1
0.0,0.0,108,1,-1
0.0,0.0,172,1,1
0.0,0.0,108,1,-1
0.0,0.0,177,1,1
0.0,0.0,108,1,-1
0.0,0.0,177,1,1
0.0,0.0,108,1,-1
0.0,0.0,177,1,1
0.0,0.0,108,1,-1
0.0,0.0,172,1,1
0.0,0.0,108,1,-1
0.0,0.0,177,1,1
0.0,0.0,108,1,-1
0.0,0.0,177,1,1
0.0,0.0,108,1,-1
0.0,0.0,174,1,1
0.0,0.0,108,1,-1
0.0,0.0,177,1,1
0.0,0.0,108,1,-1
0.0,0.0,174,1,1
0.0,0.0,108,1,-1
0.0,0.0,172,1,1
0.0,0.0,108,1,-1
0.0,0.0,177,1,1
0.0,0.0,108,1,-1
0.0,0.0,174,1,1
0.0,0.0,108,1,-1
0.0,0.0,177,1,1
0.0,0.0,108,1,-1
0.0,0.0,174,1,1
0.0,0.0,108,1,-1
0.0,0.0,362,1,1
0.0,0.0,108,1,-1
0.0,0.0,362,1,1
0.0,0.0,108,1,-1
0.0,0.0,371,1,1
0.0,0.0,283,1,-1
0.0,0.0,348,1,1
0.0,0.0,283,1,-1
0.0,0.0,370,1,1
0.0,0.0,283,1,-1
0.0,0.0,348,1,1
0.0,0.0,122,1,-1
0.0,0.0,189,1,1
0.0,0.0,108,1,-1
0.0,0.0,177,1,1
0.0,0.0,108,1,-1
0.0,0.0,174,1,1
0.0,0.0,108,1,-1
0.0,0.0,172,1,1
0.0,0.0,108,1,-1
0.0,0.0,177,1,1
0.0,0.0,108,1,-1
0.0,0.0,174,1,1
0.0,0.0,108,1,-1
0.0,0.0,172,1,1
0.0,0.0,108,1,-1
0.0,0.0,172,1,1
0.0,0.0,108,1,-1
0.0,0.0,174,1,1
0.0,0.0,108,1,-1
0.0,0.0,177,1,1
0.0,0.0,108,1,-1
0.0,0.0,172,1,1
0.0,0.0,108,1,-1
0.0,0.0,177,1,1
0.0,0.0,108,1,-1
0.0,0.0,235,1,1
0.0,0.0,222,1,-1
0.0,0.0,128,1,-1
0.0,0.0,399,1,1
0.0,0.0,194,1,1
0.0,0.0,108,1,-1
0.0,0.0,177,1,1
0.0,0.0,173,1,-1
0.0,0.0,302,1,1
0.0,0.0,108,1,-1
0.0,0.0,177,1,1
0.0,0.0,149,1,-1
0.0,0.0,235,1,1
0.0,0.0,283,1,-1
0.0,0.0,368,1,1
0.0,0.0,120,1,-1
0.0,0.0,189,1,1
0.0,0.0,108,1,-1
0.0,0.0,108,1,-1
0.0,0.0,174,1,1
0.0,0.0,177,1,1
0.0,0.0,108,1,-1
0.0,0.0,108,1,-1
0.0,0.0,172,1,1
0.0,0.0,177,1,1
0.0,0.0,108,1,-1
0.0,0.0,172,1,1
0.0,0.0,108,1,-1
0.0,0.0,174,1,1
0.0,0.0,108,1,-1
0.0,0.0,108,1,-1
0.0,0.0,172,1,1
0.0,0.0,174,1,1
0.0,0.0,108,1,-1
0.0,0.0,108,1,-1
0.0,0.0,174,1,1
0.0,0.0,172,1,1
0.0,0.0,108,1,-1
0.0,0.0,174,1,1
0.0,0.0,108,1,-1
0.0,0.0,174,1,1
0.0,0.0,108,1,-1
0.0,0.0,177,1,1
0.0,0.0,108,1,-1
0.0,0.0,172,1,1
0.0,0.0,108,1,-1
0.0,0.0,172,1,1
0.0,0.0,108,1,-1
0.0,0.0,172,1,1
0.0,0.0,108,1,-1
0.0,0.0,174,1,1
0.0,0.0,108,1,-1
0.0,0.0,172,1,1
0.0,0.0,108,1,-1
0.0,0.0,177,1,1
0.0,0.0,108,1,-1
0.0,0.0,174,1,1
0.0,0.0,108,1,-1
0.0,0.0,177,1,1
0.0,0.0,108,1,-1
0.0,0.0,174,1,1
0.0,0.0,108,1,-1
0.0,0.0,172,1,1
0.0,0.0,108,1,-1
0.0,0.0,174,1,1
0.0,0.0,108,1,-1
0.0,0.0,172,1,1
0.0,0.0,108,1,-1
0.0,0.0,172,1,1
0.0,0.0,108,1,-1
0.0,0.0,172,1,1
0.0,0.0,108,1,-1
0.0,0.0,172,1,1
0.0,0.0,108,1,-1
0.0,0.0,174,1,1
0.0,0.0,108,1,-1
0.0,0.0,177,1,1
0.0,0.0,108,1,-1
0.0,0.0,177,1,1
0.0,0.0,108,1,-1
0.0,0.0,172,1,1
0.0,0.0,108,1,-1
0.0,0.0,177,1,1
0.0,0.0,108,1,-1
0.0,0.0,172,1,1
0.0,0.0,108,1,-1
0.0,0.0,172,1,1
0.0,0.0,108,1,-1
0.0,0.0,177,1,1
0.0,0.0,108,1,-1
0.0,0.0,108,1,-1
0.0,0.0,174,1,1
0.0,0.0,174,1,1
0.0,0.0,108,1,-1
0.0,0.0,108,1,-1
0.0,0.0,174,1,1
0.0,0.0,174,1,1
0.0,0.0,108,1,-1
0.0,0.0,174,1,1
0.0,0.0,108,1,-1
0.0,0.0,177,1,1
0.0,0.0,108,1,-1
0.0,0.0,177,1,1
0.0,0.0,108,1,-1
0.0,0.0,177,1,1
0.0,0.0,108,1,-1
0.0,0.0,177,1,1
0.0,0.0,108,1,-1
0.0,0.0,172,1,1
0.0,0.0,108,1,-1
0.0,0.0,172,1,1
0.0,0.0,108,1,-1
0.0,0.0,177,1,1
0.0,0.0,108,1,-1
0.0,0.0,174,1,1
0.0,0.0,108,1,-1
0.0,0.0,172,1,1
0.0,0.0,108,1,-1
0.0,0.0,174,1,1
0.0,0.0,108,1,-1
0.0,0.0,172,1,1
0.0,0.0,108,1,-1
0.0,0.0,177,1,1
0.0,0.0,108,1,-1
0.0,0.0,172,1,1
0.0,0.0,108,1,-1
0.0,0.0,174,1,1
0.0,0.0,108,1,-1
0.0,0.0,172,1,1
0.0,0.0,108,1,-1
0.0,0.0,172,1,1
0.0,0.0,108,1,-1
0.0,0.0,177,1,1
0.0,0.0,108,1,-1
0.0,0.0,174,1,1
0.0,0.0,108,1,-1
0.0,0.0,177,1,1
0.0,0.0,108,1,-1
0.0,0.0,174,1,1
0.0,0.0,108,1,-1
0.0,0.0,172,1,1
0.0,0.0,108,1,-1
0.0,0.0,172,1,1
0.0,0.0,108,1,-1
0.0,0.0,174,1,1
0.0,0.0,108,1,-1
0.0,0.0,177,1,1
0.0,0.0,108,1,-1
0.0,0.0,174,1,1
0.0,0.0,108,1,-1
0.0,0.0,172,1,1
0.0,0.0,108,1,-1
0.0,0.0,174,1,1
0.0,0.0,108,1,-1
0.0,0.0,172,1,1
0.0,0.0,108,1,-1
0.0,0.0,172,1,1
0.0,0.0,108,1,-1
0.0,0.0,174,1,1
0.0,0.0,108,1,-1
0.0,0.0,172,1,1
0.0,0.0,108,1,-1
0.0,0.0,174,1,1
0.0,0.0,108,1,-1
0.0,0.0,177,1,1
0.0,0.0,108,1,-1
0.0,0.0,177,1,1
0.0,0.0,108,1,-1
0.0,0.0,177,1,1
0.0,0.0,108,1,-1
0.0,0.0,172,1,1
0.0,0.0,108,1,-1
0.0,0.0,174,1,1
0.0,0.0,108,1,-1
0.0,0.0,177,1,1
0.0,0.0,108,1,-1
0.0,0.0,172,1,1
0.0,0.0,108,1,-1
0.0,0.0,174,1,1
0.0,0.0,108,1,-1
0.0,0.0,177,1,1
0.0,0.0,108,1,-1
0.0,0.0,177,1,1
0.0,0.0,108,1,-1
0.0,0.0,172,1,1
0.0,0.0,108,1,-1
0.0,0.0,177,1,1
0.0,0.0,108,1,-1
0.0,0.0,177,1,1
0.0,0.0,108,1,-1
0.0,0.0,172,1,1
0.0,0.0,108,1,-1
0.0,0.0,177,1,1
0.0,0.0,108,1,-1
0.0,0.0,177,1,1
0.0,0.0,108,1,-1
0.0,0.0,172,1,1
0.0,0.0,108,1,-1
0.0,0.0,108,1,-1
0.0,0.0,177,1,1
0.0,0.0,172,1,1
0.0,0.0,108,1,-1
0.0,0.0,174,1,1
0.0,0.0,108,1,-1
0.0,0.0,172,1,1
0.0,0.0,108,1,-1
0.0,0.0,108,1,-1
0.0,0.0,174,1,1
0.0,0.0,172,1,1
0.0,0.0,108,1,-1
0.0,0.0,108,1,-1
0.0,0.0,172,1,1
0.0,0.0,172,1,1
0.0,0.0,108,1,-1
0.0,0.0,108,1,-1
0.0,0.0,177,1,1
0.0,0.0,172,1,1
0.0,0.0,108,1,-1
0.0,0.0,108,1,-1
0.0,0.0,177,1,1
0.0,0.0,177,1,1
0.0,0.0,108,1,-1
0.0,0.0,108,1,-1
0.0,0.0,174,1,1
0.0,0.0,172,1,1
0.0,0.0,108,1,-1
0.0,0.0,108,1,-1
0.0,0.0,172,1,1
0.0,0.0,172,1,1
0.0,0.0,108,1,-1
0.0,0.0,108,1,-1
0.0,0.0,172,1,1
0.0,0.0,174,1,1
0.0,0.0,108,1,-1
0.0,0.0,172,1,1
0.0,0.0,108,1,-1
0.0,0.0,172,1,1
0.0,0.0,108,1,-1
0.0,0.0,172,1,1
0.0,0.0,108,1,-1
0.0,0.0,174,1,1
0.0,0.0,108,1,-1
0.0,0.0,172,1,1
0.0,0.0,108,1,-1
0.0,0.0,174,1,1
0.0,0.0,108,1,-1
0.0,0.0,174,1,1
0.0,0.0,108,1,-1
0.0,0.0,172,1,1
0.0,0.0,108,1,-1
0.0,0.0,174,1,1
0.0,0.0,108,1,-1
0.0,0.0,172,1,1
0.0,0.0,108,1,-1
0.0,0.0,174,1,1
0.0,0.0,108,1,-1
0.0,0.0,174,1,1
0.0,0.0,108,1,-1
0.0,0.0,172,1,1
0.0,0.0,108,1,-1
0.0,0.0,177,1,1
0.0,0.0,108,1,-1
0.0,0.0,108,1,-1
-4.71e-07,4.71e-07,346,2,1
0.0,0.0,108,1,-1
0.0,0.0,108,1,-1
0.0,0.0,108,1,-1
0.0,0.0,108,1,-1
0.0,0.0,108,1,-1
0.0,0.0,108,1,-1
0.0,0.0,108,1,-1
0.0,0.0,108,1,-1
0.0,0.0,108,1,-1
0.0,0.0,108,1,-1
-3.91e-07,3.91e-07,349,2,1
-0.000146762,0.000146762,518,3,1
0.0,0.0,172,1,1
0.0,0.0,108,1,-1
0.0,0.0,177,1,1
0.0,0.0,108,1,-1
0.0,0.0,174,1,1
0.0,0.0,108,1,-1
0.0,0.0,108,1,-1
0.0,0.0,174,1,1
0.0,0.0,108,1,-1
0.0,0.0,174,1,1
0.0,0.0,108,1,-1
0.0,0.0,177,1,1
0.0,0.0,108,1,-1
0.0,0.0,108,1,-1
0.0,0.0,174,1,1
0.0,0.0,174,1,1
0.0,0.0,108,1,-1
0.0,0.0,108,1,-1
0.0,0.0,174,1,1
0.0,0.0,172,1,1
0.0,0.0,108,1,-1
0.0,0.0,108,1,-1
0.0,0.0,172,1,1
0.0,0.0,172,1,1
0.0,0.0,108,1,-1
0.0,0.0,172,1,1
0.0,0.0,108,1,-1
0.0,0.0,177,1,1
0.0,0.0,108,1,-1
0.0,0.0,174,1,1
0.0,0.0,108,1,-1
0.0,0.0,172,1,1
0.0,0.0,108,1,-1
0.0,0.0,108,1,-1
0.0,0.0,177,1,1
0.0,0.0,174,1,1
0.0,0.0,108,1,-1
0.0,0.0,108,1,-1
0.0,0.0,174,1,1
0.0,0.0,172,1,1
0.0,0.0,108,1,-1
0.0,0.0,108,1,-1
0.0,0.0,177,1,1
0.0,0.0,172,1,1
0.0,0.0,108,1,-1
0.0,0.0,108,1,-1
0.0,0.0,174,1,1
0.0,0.0,177,1,1
0.0,0.0,108,1,-1
0.0,0.0,108,1,-1
0.0,0.0,172,1,1
0.0,0.0,172,1,1
0.0,0.0,108,1,-1
0.0,0.0,108,1,-1
0.0,0.0,177,1,1
0.0,0.0,177,1,1
0.0,0.0,108,1,-1
0.0,0.0,108,1,-1
0.0,0.0,229,1,1
0.0,0.0,128,1,-1
0.0,0.0,174,1,1
0.0,0.0,222,1,-1
0.0,0.0,197,1,1
0.0,0.0,108,1,-1
0.0,0.0,399,1,1
0.0,0.0,108,1,-1
0.0,0.0,177,1,1
0.0,0.0,173,1,-1
0.0,0.0,302,1,1
0.0,0.0,108,1,-1
0.0,0.0,174,1,1
0.0,0.0,108,1,-1
0.0,0.0,177,1,1
0.0,0.0,157,1,-1
0.0,0.0,242,1,1
0.0,0.0,108,1,-1
0.0,0.0,108,1,-1
0.0,0.0,172,1,1
0.0,0.0,172,1,1
0.0,0.0,108,1,-1
0.0,0.0,172,1,1
0.0,0.0,108,1,-1
0.0,0.0,108,1,-1
0.0,0.0,174,1,1
0.0,0.0,174,1,1
0.0,0.0,108,1,-1
0.0,0.0,174,1,1
0.0,0.0,108,1,-1
0.0,0.0,108,1,-1
0.0,0.0,177,1,1
0.0,0.0,177,1,1
0.0,0.0,108,1,-1
0.0,0.0,177,1,1
0.0,0.0,108,1,-1
0.0,0.0,108,1,-1
0.0,0.0,177,1,1
0.0,0.0,177,1,1
0.0,0.0,108,1,-1
0.0,0.0,177,1,1
0.0,0.0,108,1,-1
0.0,0.0,108,1,-1
0.0,0.0,172,1,1
0.0,0.0,174,1,1
0.0,0.0,108,1,-1
0.0,0.0,108,1,-1
0.0,0.0,177,1,1
0.0,0.0,177,1,1
0.0,0.0,108,1,-1
0.0,0.0,172,1,1
0.0,0.0,108,1,-1
0.0,0.0,108,1,-1
0.0,0.0,172,1,1
0.0,0.0,174,1,1
0.0,0.0,108,1,-1
0.0,0.0,174,1,1
0.0,0.0,108,1,-1
0.0,0.0,108,1,-1
0.0,0.0,177,1,1
0.0,0.0,177,1,1
0.0,0.0,108,1,-1
0.0,0.0,174,1,1
0.0,0.0,108,1,-1
0.0,0.0,108,1,-1
0.0,0.0,174,1,1
0.0,0.0,177,1,1
0.0,0.0,108,1,-1
0.0,0.0,172,1,1
0.0,0.0,108,1,-1
0.0,0.0,108,1,-1
0.0,0.0,172,1,1
0.0,0.0,177,1,1
0.0,0.0,108,1,-1
0.0,0.0,172,1,1
0.0,0.0,108,1,-1
0.0,0.0,108,1,-1
0.0,0.0,177,1,1
0.0,0.0,172,1,1
0.0,0.0,108,1,-1
0.0,0.0,174,1,1
0.0,0.0,108,1,-1
0.0,0.0,108,1,-1
0.0,0.0,174,1,1
0.0,0.0,177,1,1
0.0,0.0,108,1,-1
0.0,0.0,177,1,1
0.0,0.0,108,1,-1
0.0,0.0,108,1,-1
0.0,0.0,177,1,1
0.0,0.0,174,1,1
0.0,0.0,108,1,-1
0.0,0.0,174,1,1
0.0,0.0,108,1,-1
0.0,0.0,108,1,-1
0.0,0.0,177,1,1
0.0,0.0,177,1,1
0.0,0.0,108,1,-1
0.0,0.0,177,1,1
0.0,0.0,108,1,-1
0.0,0.0,108,1,-1
0.0,0.0,177,1,1
0.0,0.0,172,1,1
0.0,0.0,108,1,-1
0.0,0.0,172,1,1
0.0,0.0,108,1,-1
0.0,0.0,108,1,-1
0.0,0.0,172,1,1
0.0,0.0,174,1,1
0.0,0.0,108,1,-1
0.0,0.0,174,1,1
0.0,0.0,108,1,-1
0.0,0.0,108,1,-1
0.0,0.0,174,1,1
0.0,0.0,172,1,1
0.0,0.0,108,1,-1
0.0,0.0,172,1,1
0.0,0.0,108,1,-1
0.0,0.0,108,1,-1
0.0,0.0,177,1,1
0.0,0.0,174,1,1
0.0,0.0,108,1,-1
0.0,0.0,174,1,1
0.0,0.0,108,1,-1
0.0,0.0,108,1,-1
0.0,0.0,174,1,1
0.0,0.0,177,1,1
0.0,0.0,108,1,-1
0.0,0.0,174,1,1
0.0,0.0,108,1,-1
0.0,0.0,177,1,1
0.0,0.0,108,1,-1
0.0,0.0,177,1,1
0.0,0.0,108,1,-1
0.0,0.0,174,1,1
0.0,0.0,108,1,-1
0.0,0.0,174,1,1
0.0,0.0,108,1,-1
0.0,0.0,238,1,1
0.0,0.0,222,1,-1
0.0,0.0,108,1,-1
0.0,0.0,128,1,-1
-5.01e-07,5.01e-07,598,2,1
0.0,0.0,108,1,-1
0.0,0.0,177,1,1
0.0,0.0,108,1,-1
0.0,0.0,173,1,-1
0.0,0.0,172,1,1
0.0,0.0,108,1,-1
0.0,0.0,302,1,1
0.0,0.0,177,1,1
0.0,0.0,108,1,-1
0.0,0.0,174,1,1
0.0,0.0,108,1,-1
0.0,0.0,174,1,1
0.0,0.0,151,1,-1
0.0,0.0,108,1,-1
0.0,0.0,215,1,1
0.0,0.0,174,1,1
0.0,0.0,159,1,-1
0.0,0.0,243,1,1
0.0,0.0,128,1,-1
0.0,0.0,254,1,1
0.0,0.0,108,1,-1
0.0,0.0,172,1,1
0.0,0.0,108,1,-1
0.0,0.0,172,1,1
0.0,0.0,108,1,-1
0.0,0.0,172,1,1
0.0,0.0,108,1,-1
0.0,0.0,177,1,1
0.0,0.0,108,1,-1
0.0,0.0,172,1,1
0.0,0.0,108,1,-1
0.0,0.0,174,1,1
0.0,0.0,108,1,-1
0.0,0.0,177,1,1
0.0,0.0,108,1,-1
0.0,0.0,177,1,1
0.0,0.0,108,1,-1
0.0,0.0,174,1,1
0.0,0.0,108,1,-1
0.0,0.0,174,1,1
0.0,0.0,108,1,-1
0.0,0.0,172,1,1
0.0,0.0,108,1,-1
0.0,0.0,174,1,1
0.0,0.0,108,1,-1
0.0,0.0,174,1,1
0.0,0.0,108,1,-1
0.0,0.0,174,1,1
0.0,0.0,108,1,-1
0.0,0.0,174,1,1
0.0,0.0,108,1,-1
0.0,0.0,174,1,1
0.0,0.0,108,1,-1
0.0,0.0,172,1,1
0.0,0.0,108,1,-1
0.0,0.0,177,1,1
0.0,0.0,108,1,-1
0.0,0.0,174,1,1
0.0,0.0,108,1,-1
0.0,0.0,172,1,1
0.0,0.0,108,1,-1
0.0,0.0,177,1,1
0.0,0.0,108,1,-1
0.0,0.0,172,1,1
0.0,0.0,108,1,-1
0.0,0.0,177,1,1
0.0,0.0,108,1,-1
0.0,0.0,174,1,1
0.0,0.0,108,1,-1
0.0,0.0,177,1,1
0.0,0.0,108,1,-1
0.0,0.0,174,1,1
0.0,0.0,108,1,-1
0.0,0.0,177,1,1
0.0,0.0,108,1,-1
0.0,0.0,174,1,1
0.0,0.0,108,1,-1
0.0,0.0,174,1,1
0.0,0.0,108,1,-1
0.0,0.0,174,1,1
0.0,0.0,108,1,-1
0.0,0.0,177,1,1
0.0,0.0,108,1,-1
0.0,0.0,172,1,1
0.0,0.0,108,1,-1
0.0,0.0,174,1,1
0.0,0.0,108,1,-1
0.0,0.0,177,1,1
0.0,0.0,108,1,-1
0.0,0.0,172,1,1
0.0,0.0,108,1,-1
0.0,0.0,172,1,1
0.0,0.0,108,1,-1
0.0,0.0,172,1,1
0.0,0.0,108,1,-1
0.0,0.0,177,1,1
0.0,0.0,108,1,-1
0.0,0.0,174,1,1
0.0,0.0,108,1,-1
0.0,0.0,174,1,1
0.0,0.0,108,1,-1
0.0,0.0,172,1,1
0.0,0.0,108,1,-1
0.0,0.0,174,1,1
0.0,0.0,108,1,-1
0.0,0.0,177,1,1
0.0,0.0,108,1,-1
0.0,0.0,177,1,1
0.0,0.0,108,1,-1
0.0,0.0,177,1,1
0.0,0.0,108,1,-1
0.0,0.0,174,1,1
0.0,0.0,108,1,-1
0.0,0.0,177,1,1
0.0,0.0,108,1,-1
0.0,0.0,172,1,1
0.0,0.0,108,1,-1
0.0,0.0,177,1,1
0.0,0.0,108,1,-1
0.0,0.0,177,1,1
0.0,0.0,108,1,-1
0.0,0.0,174,1,1
0.0,0.0,108,1,-1
0.0,0.0,172,1,1
0.0,0.0,108,1,-1
0.0,0.0,177,1,1
0.0,0.0,108,1,-1
0.0,0.0,172,1,1
0.0,0.0,108,1,-1
0.0,0.0,172,1,1
0.0,0.0,108,1,-1
0.0,0.0,174,1,1
0.0,0.0,108,1,-1
0.0,0.0,177,1,1
0.0,0.0,108,1,-1
0.0,0.0,174,1,1
0.0,0.0,108,1,-1
0.0,0.0,177,1,1
0.0,0.0,108,1,-1
0.0,0.0,174,1,1
0.0,0.0,108,1,-1
0.0,0.0,172,1,1
0.0,0.0,108,1,-1
0.0,0.0,174,1,1
0.0,0.0,108,1,-1
0.0,0.0,177,1,1
0.0,0.0,108,1,-1
0.0,0.0,172,1,1
0.0,0.0,108,1,-1
0.0,0.0,177,1,1
0.0,0.0,108,1,-1
0.0,0.0,174,1,1
0.0,0.0,108,1,-1
0.0,0.0,174,1,1
0.0,0.0,108,1,-1
0.0,0.0,172,1,1
0.0,0.0,108,1,-1
0.0,0.0,177,1,1
0.0,0.0,108,1,-1
0.0,0.0,174,1,1
0.0,0.0,108,1,-1
0.0,0.0,172,1,1
0.0,0.0,108,1,-1
0.0,0.0,172,1,1
0.0,0.0,108,1,-1
0.0,0.0,177,1,1
0.0,0.0,108,1,-1
0.0,0.0,172,1,1
0.0,0.0,108,1,-1
0.0,0.0,172,1,1
0.0,0.0,108,1,-1
0.0,0.0,177,1,1
0.0,0.0,108,1,-1
0.0,0.0,172,1,1
0.0,0.0,108,1,-1
0.0,0.0,177,1,1
0.0,0.0,108,1,-1
0.0,0.0,177,1,1
0.0,0.0,108,1,-1
0.0,0.0,177,1,1
0.0,0.0,108,1,-1
0.0,0.0,174,1,1
0.0,0.0,108,1,-1
0.0,0.0,172,1,1
0.0,0.0,108,1,-1
0.0,0.0,174,1,1
0.0,0.0,108,1,-1
0.0,0.0,172,1,1
0.0,0.0,108,1,-1
0.0,0.0,177,1,1
0.0,0.0,108,1,-1
0.0,0.0,172,1,1
0.0,0.0,108,1,-1
0.0,0.0,174,1,1
0.0,0.0,108,1,-1
0.0,0.0,172,1,1
0.0,0.0,108,1,-1
0.0,0.0,172,1,1
0.0,0.0,108,1,-1
0.0,0.0,172,1,1
0.0,0.0,108,1,-1
0.0,0.0,177,1,1
0.0,0.0,108,1,-1
0.0,0.0,172,1,1
0.0,0.0,108,1,-1
0.0,0.0,177,1,1
0.0,0.0,108,1,-1
0.0,0.0,177,1,1
0.0,0.0,108,1,-1
0.0,0.0,177,1,1
0.0,0.0,108,1,-1
0.0,0.0,174,1,1
0.0,0.0,108,1,-1
0.0,0.0,177,1,1
0.0,0.0,108,1,-1
0.0,0.0,177,1,1
0.0,0.0,108,1,-1
0.0,0.0,177,1,1
0.0,0.0,108,1,-1
0.0,0.0,172,1,1
0.0,0.0,108,1,-1
0.0,0.0,172,1,1
0.0,0.0,108,1,-1
0.0,0.0,172,1,1
0.0,0.0,108,1,-1
0.0,0.0,174,1,1
0.0,0.0,108,1,-1
0.0,0.0,172,1,1
0.0,0.0,108,1,-1
0.0,0.0,174,1,1
0.0,0.0,108,1,-1
0.0,0.0,177,1,1
0.0,0.0,108,1,-1
0.0,0.0,177,1,1
0.0,0.0,108,1,-1
0.0,0.0,174,1,1
0.0,0.0,108,1,-1
0.0,0.0,177,1,1
0.0,0.0,108,1,-1
0.0,0.0,174,1,1
0.0,0.0,108,1,-1
0.0,0.0,177,1,1
0.0,0.0,108,1,-1
0.0,0.0,177,1,1
0.0,0.0,108,1,-1
0.0,0.0,174,1,1
0.0,0.0,108,1,-1
0.0,0.0,177,1,1
0.0,0.0,108,1,-1
0.0,0.0,174,1,1
0.0,0.0,108,1,-1
0.0,0.0,174,1,1
0.0,0.0,108,1,-1
0.0,0.0,172,1,1
0.0,0.0,108,1,-1
0.0,0.0,177,1,1
0.0,0.0,108,1,-1
0.0,0.0,177,1,1
0.0,0.0,108,1,-1
0.0,0.0,172,1,1
0.0,0.0,108,1,-1
0.0,0.0,177,1,1
0.0,0.0,108,1,-1
0.0,0.0,177,1,1
0.0,0.0,108,1,-1
0.0,0.0,177,1,1
0.0,0.0,108,1,-1
0.0,0.0,174,1,1
0.0,0.0,108,1,-1
0.0,0.0,172,1,1
0.0,0.0,108,1,-1
0.0,0.0,177,1,1
0.0,0.0,108,1,-1
0.0,0.0,174,1,1
0.0,0.0,108,1,-1
0.0,0.0,172,1,1
0.0,0.0,108,1,-1
0.0,0.0,174,1,1
0.0,0.0,108,1,-1
0.0,0.0,174,1,1
0.0,0.0,108,1,-1
0.0,0.0,172,1,1
0.0,0.0,108,1,-1
0.0,0.0,172,1,1
0.0,0.0,108,1,-1
0.0,0.0,108,1,-1
0.0,0.0,172,1,1
0.0,0.0,108,1,-1
0.0,0.0,172,1,1
0.0,0.0,108,1,-1
0.0,0.0,177,1,1
0.0,0.0,108,1,-1
0.0,0.0,177,1,1
0.0,0.0,108,1,-1
0.0,0.0,174,1,1
0.0,0.0,108,1,-1
0.0,0.0,174,1,1
0.0,0.0,108,1,-1
0.0,0.0,174,1,1
0.0,0.0,108,1,-1
0.0,0.0,172,1,1
0.0,0.0,108,1,-1
0.0,0.0,174,1,1
0.0,0.0,108,1,-1
0.0,0.0,174,1,1
0.0,0.0,108,1,-1
0.0,0.0,174,1,1
0.0,0.0,108,1,-1
0.0,0.0,177,1,1
0.0,0.0,108,1,-1
0.0,0.0,177,1,1
0.0,0.0,108,1,-1
0.0,0.0,177,1,1
0.0,0.0,108,1,-1
0.0,0.0,174,1,1
0.0,0.0,108,1,-1
0.0,0.0,172,1,1
0.0,0.0,108,1,-1
0.0,0.0,177,1,1
0.0,0.0,108,1,-1
0.0,0.0,172,1,1
0.0,0.0,108,1,-1
0.0,0.0,174,1,1
0.0,0.0,108,1,-1
0.0,0.0,174,1,1
0.0,0.0,108,1,-1
0.0,0.0,177,1,1
0.0,0.0,108,1,-1
0.0,0.0,177,1,1
0.0,0.0,108,1,-1
0.0,0.0,172,1,1
0.0,0.0,108,1,-1
0.0,0.0,174,1,1
0.0,0.0,108,1,-1
0.0,0.0,172,1,1
0.0,0.0,108,1,-1
0.0,0.0,177,1,1
0.0,0.0,108,1,-1
0.0,0.0,174,1,1
0.0,0.0,108,1,-1
0.0,0.0,172,1,1
0.0,0.0,108,1,-1
0.0,0.0,172,1,1
0.0,0.0,108,1,-1
0.0,0.0,172,1,1
0.0,0.0,108,1,-1
0.0,0.0,177,1,1
0.0,0.0,108,1,-1
0.0,0.0,172,1,1
0.0,0.0,108,1,-1
0.0,0.0,177,1,1
0.0,0.0,108,1,-1
0.0,0.0,177,1,1
0.0,0.0,108,1,-1
0.0,0.0,174,1,1
0.0,0.0,108,1,-1
0.0,0.0,177,1,1
0.0,0.0,108,1,-1
0.0,0.0,172,1,1
0.0,0.0,108,1,-1
0.0,0.0,172,1,1
0.0,0.0,108,1,-1
0.0,0.0,177,1,1
0.0,0.0,108,1,-1
0.0,0.0,172,1,1
0.0,0.0,108,1,-1
0.0,0.0,172,1,1
0.0,0.0,108,1,-1
0.0,0.0,177,1,1
0.0,0.0,108,1,-1
0.0,0.0,174,1,1
0.0,0.0,108,1,-1
0.0,0.0,172,1,1
0.0,0.0,108,1,-1
0.0,0.0,172,1,1
0.0,0.0,108,1,-1
0.0,0.0,174,1,1
0.0,0.0,108,1,-1
0.0,0.0,177,1,1
0.0,0.0,108,1,-1
0.0,0.0,174,1,1
0.0,0.0,108,1,-1
0.0,0.0,172,1,1
0.0,0.0,108,1,-1
0.0,0.0,174,1,1
0.0,0.0,108,1,-1
0.0,0.0,172,1,1
0.0,0.0,108,1,-1
0.0,0.0,174,1,1
0.0,0.0,108,1,-1
0.0,0.0,174,1,1
0.0,0.0,108,1,-1
0.0,0.0,174,1,1
0.0,0.0,108,1,-1
0.0,0.0,172,1,1
0.0,0.0,108,1,-1
0.0,0.0,174,1,1
0.0,0.0,108,1,-1
0.0,0.0,174,1,1
0.0,0.0,108,1,-1
0.0,0.0,172,1,1
0.0,0.0,108,1,-1
0.0,0.0,177,1,1
0.0,0.0,108,1,-1
0.0,0.0,177,1,1
0.0,0.0,108,1,-1
0.0,0.0,172,1,1
0.0,0.0,108,1,-1
0.0,0.0,172,1,1
0.0,0.0,108,1,-1
0.0,0.0,174,1,1
0.0,0.0,108,1,-1
0.0,0.0,172,1,1
0.0,0.0,108,1,-1
0.0,0.0,177,1,1
0.0,0.0,108,1,-1
0.0,0.0,174,1,1
0.0,0.0,108,1,-1
0.0,0.0,172,1,1
0.0,0.0,108,1,-1
0.0,0.0,177,1,1
0.0,0.0,108,1,-1
0.0,0.0,177,1,1
0.0,0.0,108,1,-1
0.0,0.0,177,1,1
0.0,0.0,108,1,-1
0.0,0.0,174,1,1
0.0,0.0,108,1,-1
0.0,0.0,174,1,1
0.0,0.0,108,1,-1
0.0,0.0,172,1,1
0.0,0.0,108,1,-1
0.0,0.0,174,1,1
0.0,0.0,108,1,-1
0.0,0.0,174,1,1
0.0,0.0,108,1,-1
0.0,0.0,174,1,1
0.0,0.0,108,1,-1
0.0,0.0,174,1,1
0.0,0.0,108,1,-1
0.0,0.0,177,1,1
0.0,0.0,108,1,-1
0.0,0.0,174,1,1
0.0,0.0,108,1,-1
0.0,0.0,172,1,1
0.0,0.0,108,1,-1
0.0,0.0,177,1,1
0.0,0.0,108,1,-1
0.0,0.0,174,1,1
0.0,0.0,108,1,-1
0.0,0.0,177,1,1
0.0,0.0,108,1,-1
0.0,0.0,172,1,1
0.0,0.0,108,1,-1
0.0,0.0,172,1,1
0.0,0.0,108,1,-1
0.0,0.0,172,1,1
0.0,0.0,108,1,-1
0.0,0.0,174,1,1
0.0,0.0,108,1,-1
0.0,0.0,172,1,1
0.0,0.0,108,1,-1
0.0,0.0,174,1,1
0.0,0.0,108,1,-1
0.0,0.0,172,1,1
0.0,0.0,108,1,-1
0.0,0.0,174,1,1
0.0,0.0,108,1,-1
0.0,0.0,174,1,1
0.0,0.0,108,1,-1
0.0,0.0,172,1,1
0.0,0.0,108,1,-1
0.0,0.0,177,1,1
0.0,0.0,108,1,-1
0.0,0.0,177,1,1
0.0,0.0,108,1,-1
0.0,0.0,177,1,1
0.0,0.0,108,1,-1
0.0,0.0,174,1,1
0.0,0.0,108,1,-1
0.0,0.0,177,1,1
0.0,0.0,108,1,-1
0.0,0.0,174,1,1
0.0,0.0,108,1,-1
0.0,0.0,174,1,1
0.0,0.0,108,1,-1
0.0,0.0,177,1,1
0.0,0.0,108,1,-1
0.0,0.0,177,1,1
0.0,0.0,108,1,-1
0.0,0.0,177,1,1
0.0,0.0,108,1,-1
0.0,0.0,172,1,1
0.0,0.0,108,1,-1
0.0,0.0,177,1,1
0.0,0.0,108,1,-1
0.0,0.0,172,1,1
0.0,0.0,108,1,-1
0.0,0.0,174,1,1
0.0,0.0,108,1,-1
0.0,0.0,177,1,1
0.0,0.0,108,1,-1
0.0,0.0,174,1,1
0.0,0.0,108,1,-1
0.0,0.0,172,1,1
0.0,0.0,108,1,-1
0.0,0.0,177,1,1
0.0,0.0,108,1,-1
0.0,0.0,174,1,1
0.0,0.0,108,1,-1
0.0,0.0,174,1,1
0.0,0.0,108,1,-1
0.0,0.0,172,1,1
0.0,0.0,108,1,-1
0.0,0.0,172,1,1
0.0,0.0,108,1,-1
0.0,0.0,177,1,1
0.0,0.0,108,1,-1
0.0,0.0,177,1,1
0.0,0.0,108,1,-1
0.0,0.0,174,1,1
0.0,0.0,108,1,-1
0.0,0.0,174,1,1
0.0,0.0,108,1,-1
0.0,0.0,108,1,-1
0.0,0.0,108,1,-1
0.0,0.0,108,1,-1
0.0,0.0,172,1,1
0.0,0.0,177,1,1
0.0,0.0,172,1,1
0.0,0.0,108,1,-1
0.0,0.0,172,1,1
0.0,0.0,108,1,-1
0.0,0.0,177,1,1
0.0,0.0,108,1,-1
0.0,0.0,172,1,1
0.0,0.0,108,1,-1
0.0,0.0,174,1,1
0.0,0.0,108,1,-1
0.0,0.0,174,1,1
0.0,0.0,108,1,-1
0.0,0.0,174,1,1
0.0,0.0,108,1,-1
0.0,0.0,177,1,1
0.0,0.0,108,1,-1
0.0,0.0,172,1,1
0.0,0.0,108,1,-1
0.0,0.0,177,1,1
0.0,0.0,108,1,-1
0.0,0.0,174,1,1
0.0,0.0,108,1,-1
0.0,0.0,172,1,1
0.0,0.0,108,1,-1
0.0,0.0,174,1,1
0.0,0.0,108,1,-1
0.0,0.0,177,1,1
0.0,0.0,108,1,-1
0.0,0.0,177,1,1
0.0,0.0,108,1,-1
0.0,0.0,172,1,1
0.0,0.0,108,1,-1
0.0,0.0,177,1,1
0.0,0.0,108,1,-1
0.0,0.0,172,1,1
0.0,0.0,108,1,-1
0.0,0.0,177,1,1
0.0,0.0,108,1,-1
0.0,0.0,177,1,1
0.0,0.0,108,1,-1
0.0,0.0,177,1,1
0.0,0.0,108,1,-1
0.0,0.0,172,1,1
0.0,0.0,108,1,-1
0.0,0.0,174,1,1
0.0,0.0,108,1,-1
0.0,0.0,172,1,1
0.0,0.0,108,1,-1
0.0,0.0,177,1,1
0.0,0.0,108,1,-1
0.0,0.0,172,1,1
0.0,0.0,108,1,-1
0.0,0.0,177,1,1
0.0,0.0,108,1,-1
0.0,0.0,172,1,1
0.0,0.0,108,1,-1
0.0,0.0,177,1,1
0.0,0.0,108,1,-1
0.0,0.0,177,1,1
0.0,0.0,108,1,-1
0.0,0.0,174,1,1
0.0,0.0,108,1,-1
0.0,0.0,174,1,1
0.0,0.0,108,1,-1
0.0,0.0,174,1,1
0.0,0.0,108,1,-1
0.0,0.0,174,1,1
0.0,0.0,108,1,-1
0.0,0.0,177,1,1
0.0,0.0,108,1,-1
0.0,0.0,172,1,1
0.0,0.0,108,1,-1
0.0,0.0,174,1,1
0.0,0.0,108,1,-1
0.0,0.0,174,1,1
0.0,0.0,108,1,-1
0.0,0.0,177,1,1
0.0,0.0,108,1,-1
0.0,0.0,174,1,1
0.0,0.0,108,1,-1
0.0,0.0,177,1,1
0.0,0.0,108,1,-1
0.0,0.0,177,1,1
0.0,0.0,108,1,-1
0.0,0.0,172,1,1
0.0,0.0,108,1,-1
0.0,0.0,177,1,1
0.0,0.0,108,1,-1
0.0,0.0,172,1,1
0.0,0.0,108,1,-1
0.0,0.0,172,1,1
0.0,0.0,108,1,-1
0.0,0.0,177,1,1
0.0,0.0,108,1,-1
0.0,0.0,172,1,1
0.0,0.0,108,1,-1
0.0,0.0,172,1,1
0.0,0.0,108,1,-1
0.0,0.0,174,1,1
0.0,0.0,108,1,-1
0.0,0.0,177,1,1
0.0,0.0,108,1,-1
0.0,0.0,172,1,1
0.0,0.0,108,1,-1
0.0,0.0,172,1,1
0.0,0.0,108,1,-1
0.0,0.0,172,1,1
0.0,0.0,108,1,-1
0.0,0.0,172,1,1
0.0,0.0,108,1,-1
0.0,0.0,172,1,1
0.0,0.0,108,1,-1
0.0,0.0,174,1,1
0.0,0.0,108,1,-1
0.0,0.0,174,1,1
0.0,0.0,108,1,-1
0.0,0.0,174,1,1
0.0,0.0,108,1,-1
0.0,0.0,177,1,1
0.0,0.0,108,1,-1
0.0,0.0,174,1,1
0.0,0.0,108,1,-1
0.0,0.0,174,1,1
0.0,0.0,108,1,-1
0.0,0.0,177,1,1
0.0,0.0,108,1,-1
0.0,0.0,174,1,1
0.0,0.0,108,1,-1
0.0,0.0,172,1,1
0.0,0.0,108,1,-1
0.0,0.0,177,1,1
0.0,0.0,108,1,-1
0.0,0.0,174,1,1
0.0,0.0,108,1,-1
0.0,0.0,172,1,1
0.0,0.0,108,1,-1
0.0,0.0,172,1,1
0.0,0.0,108,1,-1
0.0,0.0,172,1,1
0.0,0.0,108,1,-1
0.0,0.0,174,1,1
0.0,0.0,108,1,-1
0.0,0.0,172,1,1
0.0,0.0,108,1,-1
0.0,0.0,174,1,1
0.0,0.0,108,1,-1
0.0,0.0,177,1,1
0.0,0.0,108,1,-1
0.0,0.0,174,1,1
0.0,0.0,108,1,-1
0.0,0.0,172,1,1
0.0,0.0,108,1,-1
0.0,0.0,172,1,1
0.0,0.0,108,1,-1
0.0,0.0,174,1,1
0.0,0.0,108,1,-1
0.0,0.0,209,1,1
0.0,0.0,128,1,-1
0.0,0.0,222,1,-1
0.0,0.0,197,1,1
0.0,0.0,108,1,-1
0.0,0.0,423,1,1
0.0,0.0,108,1,-1
0.0,0.0,177,1,1
0.0,0.0,108,1,-1
0.0,0.0,173,1,-1
0.0,0.0,172,1,1
0.0,0.0,302,1,1
0.0,0.0,108,1,-1
0.0,0.0,177,1,1
0.0,0.0,108,1,-1
0.0,0.0,147,1,-1
0.0,0.0,172,1,1
0.0,0.0,212,1,1
0.0,0.0,155,1,-1
0.0,0.0,240,1,1
0.0,0.0,128,1,-1
0.0,0.0,275,1,1
0.0,0.0,108,1,-1
0.0,0.0,172,1,1
0.0,0.0,108,1,-1
0.0,0.0,177,1,1
0.0,0.0,108,1,-1
0.0,0.0,172,1,1
0.0,0.0,108,1,-1
0.0,0.0,174,1,1
0.0,0.0,108,1,-1
0.0,0.0,172,1,1
0.0,0.0,108,1,-1
0.0,0.0,174,1,1
0.0,0.0,108,1,-1
0.0,0.0,177,1,1
0.0,0.0,108,1,-1
0.0,0.0,174,1,1
0.0,0.0,108,1,-1
0.0,0.0,174,1,1
0.0,0.0,108,1,-1
0.0,0.0,172,1,1
0.0,0.0,108,1,-1
0.0,0.0,174,1,1
0.0,0.0,108,1,-1
0.0,0.0,177,1,1
0.0,0.0,108,1,-1
0.0,0.0,177,1,1
0.0,0.0,108,1,-1
0.0,0.0,177,1,1
0.0,0.0,108,1,-1
0.0,0.0,177,1,1
0.0,0.0,108,1,-1
0.0,0.0,172,1,1
0.0,0.0,108,1,-1
0.0,0.0,177,1,1
0.0,0.0,108,1,-1
0.0,0.0,172,1,1
0.0,0.0,108,1,-1
0.0,0.0,177,1,1
0.0,0.0,108,1,-1
0.0,0.0,174,1,1
0.0,0.0,108,1,-1
0.0,0.0,174,1,1
0.0,0.0,108,1,-1
0.0,0.0,177,1,1
0.0,0.0,108,1,-1
0.0,0.0,172,1,1
0.0,0.0,108,1,-1
0.0,0.0,174,1,1
0.0,0.0,108,1,-1
0.0,0.0,174,1,1
0.0,0.0,108,1,-1
0.0,0.0,174,1,1
0.0,0.0,108,1,-1
0.0,0.0,151,1,1
0.0,0.0,108,1,-1
0.0,0.0,125,1,1
0.0,0.0,108,1,-1
0.0,0.0,125,1,1
0.0,0.0,108,1,-1
0.0,0.0,125,1,1
0.0,0.0,108,1,-1
0.0,0.0,125,1,1
0.0,0.0,108,1,-1
0.0,0.0,125,1,1
Clump Interarrival,Clump Duration,Clump Size,Clump Packets,Clump Direction
0.0,0.0,108,1,-1
0.0,0.0,174,1,1
0.0,0.0,108,1,-1
0.0,0.0,172,1,1
0.0,0.0,108,1,-1
0.0,0.0,85,1,-1
0.0,0.0,174,1,1
0.0,0.0,246,1,1
0.0,0.0,178,1,1
0.0,0.0,108,1,-1
0.0,0.0,172,1,1
0.0,0.0,108,1,-1
0.0,0.0,172,1,1
0.0,0.0,108,1,-1
0.0,0.0,174,1,1
0.0,0.0,108,1,-1
0.0,0.0,177,1,1
0.0,0.0,108,1,-1
0.0,0.0,174,1,1
0.0,0.0,108,1,-1
0.0,0.0,174,1,1
0.0,0.0,108,1,-1
0.0,0.0,177,1,1
0.0,0.0,108,1,-1
0.0,0.0,174,1,1
0.0,0.0,108,1,-1
0.0,0.0,177,1,1
0.0,0.0,108,1,-1
0.0,0.0,174,1,1
0.0,0.0,108,1,-1
0.0,0.0,174,1,1
0.0,0.0,108,1,-1
0.0,0.0,172,1,1
0.0,0.0,108,1,-1
0.0,0.0,174,1,1
0.0,0.0,108,1,-1
0.0,0.0,174,1,1
0.0,0.0,108,1,-1
0.0,0.0,177,1,1
0.0,0.0,108,1,-1
0.0,0.0,177,1,1
0.0,0.0,108,1,-1
0.0,0.0,174,1,1
0.0,0.0,108,1,-1
0.0,0.0,174,1,1
0.0,0.0,108,1,-1
0.0,0.0,174,1,1
0.0,0.0,108,1,-1
0.0,0.0,177,1,1
0.0,0.0,108,1,-1
0.0,0.0,174,1,1
0.0,0.0,108,1,-1
0.0,0.0,172,1,1
0.0,0.0,108,1,-1
0.0,0.0,174,1,1
0.0,0.0,108,1,-1
0.0,0.0,177,1,1
0.0,0.0,108,1,-1
0.0,0.0,172,1,1
0.0,0.0,108,1,-1
0.0,0.0,362,1,1
0.0,0.0,108,1,-1
0.0,0.0,363,1,1
0.0,0.0,108,1,-1
0.0,0.0,363,1,1
0.0,0.0,108,1,-1
0.0,0.0,228,1,1
0.0,0.0,283,1,-1
0.0,0.0,368,1,1
0.0,0.0,283,1,-1
0.0,0.0,368,1,1
0.0,0.0,283,1,-1
0.0,0.0,368,1,1
0.0,0.0,122,1,-1
0.0,0.0,191,1,1
0.0,0.0,108,1,-1
0.0,0.0,174,1,1
0.0,0.0,108,1,-1
0.0,0.0,172,1,1
0.0,0.0,108,1,-1
0.0,0.0,177,1,1
0.0,0.0,108,1,-1
0.0,0.0,172,1,1
0.0,0.0,108,1,-1
0.0,0.0,172,1,1
0.0,0.0,108,1,-1
0.0,0.0,177,1,1
0.0,0.0,108,1,-1
0.0,0.0,172,1,1
0.0,0.0,108,1,-1
0.0,0.0,174,1,1
0.0,0.0,108,1,-1
0.0,0.0,177,1,1
0.0,0.0,108,1,-1
0.0,0.0,174,1,1
0.0,0.0,108,1,-1
0.0,0.0,174,1,1
0.0,0.0,108,1,-1
0.0,0.0,172,1,1
0.0,0.0,108,1,-1
0.0,0.0,174,1,1
0.0,0.0,108,1,-1
0.0,0.0,217,1,1
0.0,0.0,222,1,-1
0.0,0.0,128,1,-1
-3.71e-07,3.71e-07,593,2,1
0.0,0.0,108,1,-1
0.0,0.0,174,1,1
0.0,0.0,173,1,-1
0.0,0.0,302,1,1
0.0,0.0,108,1,-1
0.0,0.0,172,1,1
0.0,0.0,151,1,-1
0.0,0.0,235,1,1
0.0,0.0,108,1,-1
0.0,0.0,174,1,1
0.0,0.0,108,1,-1
0.0,0.0,177,1,1
0.0,0.0,108,1,-1
0.0,0.0,177,1,1
0.0,0.0,108,1,-1
0.0,0.0,172,1,1
0.0,0.0,108,1,-1
0.0,0.0,172,1,1
0.0,0.0,108,1,-1
0.0,0.0,177,1,1
0.0,0.0,108,1,-1
0.0,0.0,177,1,1
0.0,0.0,108,1,-1
0.0,0.0,172,1,1
0.0,0.0,108,1,-1
0.0,0.0,172,1,1
0.0,0.0,108,1,-1
0.0,0.0,172,1,1
0.0,0.0,108,1,-1
0.0,0.0,177,1,1
0.0,0.0,108,1,-1
0.0,0.0,172,1,1
0.0,0.0,108,1,-1
0.0,0.0,174,1,1
0.0,0.0,108,1,-1
0.0,0.0,172,1,1
0.0,0.0,108,1,-1
0.0,0.0,172,1,1
0.0,0.0,108,1,-1
0.0,0.0,172,1,1
0.0,0.0,108,1,-1
0.0,0.0,172,1,1
0.0,0.0,108,1,-1
0.0,0.0,172,1,1
0.0,0.0,108,1,-1
0.0,0.0,172,1,1
0.0,0.0,108,1,-1
0.0,0.0,177,1,1
0.0,0.0,108,1,-1
0.0,0.0,172,1,1
0.0,0.0,108,1,-1
0.0,0.0,174,1,1
0.0,0.0,108,1,-1
0.0,0.0,108,1,-1
0.0,0.0,172,1,1
0.0,0.0,172,1,1
0.0,0.0,108,1,-1
0.0,0.0,108,1,-1
0.0,0.0,172,1,1
0.0,0.0,174,1,1
0.0,0.0,108,1,-1
0.0,0.0,108,1,-1
0.0,0.0,177,1,1
0.0,0.0,177,1,1
0.0,0.0,108,1,-1
0.0,0.0,108,1,-1
0.0,0.0,174,1,1
0.0,0.0,174,1,1
0.0,0.0,108,1,-1
0.0,0.0,108,1,-1
0.0,0.0,174,1,1
0.0,0.0,172,1,1
0.0,0.0,108,1,-1
0.0,0.0,177,1,1
0.0,0.0,108,1,-1
0.0,0.0,174,1,1
0.0,0.0,108,1,-1
0.0,0.0,174,1,1
0.0,0.0,108,1,-1
0.0,0.0,177,1,1
0.0,0.0,108,1,-1
0.0,0.0,172,1,1
0.0,0.0,108,1,-1
0.0,0.0,174,1,1
0.0,0.0,108,1,-1
0.0,0.0,172,1,1
0.0,0.0,108,1,-1
0.0,0.0,177,1,1
0.0,0.0,108,1,-1
0.0,0.0,174,1,1
0.0,0.0,108,1,-1
0.0,0.0,174,1,1
0.0,0.0,108,1,-1
0.0,0.0,174,1,1
0.0,0.0,108,1,-1
0.0,0.0,174,1,1
0.0,0.0,108,1,-1
0.0,0.0,174,1,1
0.0,0.0,108,1,-1
0.0,0.0,177,1,1
0.0,0.0,108,1,-1
0.0,0.0,174,1,1
0.0,0.0,108,1,-1
0.0,0.0,172,1,1
0.0,0.0,108,1,-1
0.0,0.0,177,1,1
0.0,0.0,108,1,-1
0.0,0.0,174,1,1
0.0,0.0,108,1,-1
0.0,0.0,177,1,1
0.0,0.0,108,1,-1
0.0,0.0,213,1,1
0.0,0.0,222,1,-1
0.0,0.0,128,1,-1
-4.81e-07,4.81e-07,614,2,1
0.0,0.0,108,1,-1
0.0,0.0,172,1,1
0.0,0.0,108,1,-1
0.0,0.0,172,1,1
0.0,0.0,173,1,-1
0.0,0.0,323,1,1
0.0,0.0,108,1,-1
0.0,0.0,174,1,1
0.0,0.0,108,1,-1
0.0,0.0,177,1,1
0.0,0.0,149,1,-1
0.0,0.0,235,1,1
0.0,0.0,157,1,-1
0.0,0.0,242,1,1
0.0,0.0,128,1,-1
0.0,0.0,254,1,1
0.0,0.0,108,1,-1
0.0,0.0,177,1,1
0.0,0.0,108,1,-1
0.0,0.0,174,1,1
0.0,0.0,108,1,-1
0.0,0.0,174,1,1
0.0,0.0,108,1,-1
0.0,0.0,172,1,1
0.0,0.0,108,1,-1
0.0,0.0,177,1,1
0.0,0.0,108,1,-1
0.0,0.0,174,1,1
0.0,0.0,108,1,-1
0.0,0.0,172,1,1
0.0,0.0,108,1,-1
0.0,0.0,172,1,1
0.0,0.0,108,1,-1
0.0,0.0,172,1,1
0.0,0.0,108,1,-1
0.0,0.0,174,1,1
0.0,0.0,108,1,-1
0.0,0.0,177,1,1
0.0,0.0,108,1,-1
0.0,0.0,174,1,1
0.0,0.0,108,1,-1
0.0,0.0,172,1,1
0.0,0.0,108,1,-1
0.0,0.0,177,1,1
0.0,0.0,108,1,-1
0.0,0.0,174,1,1
0.0,0.0,108,1,-1
0.0,0.0,174,1,1
0.0,0.0,108,1,-1
0.0,0.0,174,1,1
0.0,0.0,108,1,-1
0.0,0.0,177,1,1
0.0,0.0,108,1,-1
0.0,0.0,172,1,1
0.0,0.0,108,1,-1
0.0,0.0,172,1,1
0.0,0.0,108,1,-1
0.0,0.0,172,1,1
0.0,0.0,108,1,-1
0.0,0.0,174,1,1
0.0,0.0,108,1,-1
0.0,0.0,174,1,1
0.0,0.0,108,1,-1
0.0,0.0,172,1,1
0.0,0.0,108,1,-1
0.0,0.0,177,1,1
0.0,0.0,108,1,-1
0.0,0.0,174,1,1
0.0,0.0,108,1,-1
0.0,0.0,177,1,1
0.0,0.0,108,1,-1
0.0,0.0,172,1,1
0.0,0.0,108,1,-1
0.0,0.0,174,1,1
0.0,0.0,108,1,-1
0.0,0.0,172,1,1
0.0,0.0,108,1,-1
0.0,0.0,172,1,1
0.0,0.0,108,1,-1
0.0,0.0,177,1,1
0.0,0.0,108,1,-1
0.0,0.0,174,1,1
0.0,0.0,108,1,-1
0.0,0.0,172,1,1
0.0,0.0,108,1,-1
0.0,0.0,172,1,1
0.0,0.0,108,1,-1
0.0,0.0,177,1,1
0.0,0.0,108,1,-1
0.0,0.0,108,1,-1
0.0,0.0,177,1,1
0.0,0.0,174,1,1
0.0,0.0,108,1,-1
0.0,0.0,108,1,-1
0.0,0.0,172,1,1
0.0,0.0,172,1,1
0.0,0.0,108,1,-1
0.0,0.0,108,1,-1
0.0,0.0,172,1,1
0.0,0.0,172,1,1
0.0,0.0,108,1,-1
0.0,0.0,177,1,1
0.0,0.0,108,1,-1
0.0,0.0,172,1,1
0.0,0.0,108,1,-1
0.0,0.0,177,1,1
0.0,0.0,108,1,-1
0.0,0.0,177,1,1
0.0,0.0,108,1,-1
0.0,0.0,172,1,1
0.0,0.0,108,1,-1
0.0,0.0,177,1,1
0.0,0.0,108,1,-1
0.0,0.0,177,1,1
0.0,0.0,108,1,-1
0.0,0.0,177,1,1
0.0,0.0,108,1,-1
0.0,0.0,177,1,1
0.0,0.0,108,1,-1
0.0,0.0,174,1,1
0.0,0.0,108,1,-1
0.0,0.0,174,1,1
0.0,0.0,108,1,-1
0.0,0.0,177,1,1
0.0,0.0,108,1,-1
0.0,0.0,177,1,1
0.0,0.0,108,1,-1
0.0,0.0,177,1,1
0.0,0.0,108,1,-1
0.0,0.0,177,1,1
0.0,0.0,108,1,-1
0.0,0.0,174,1,1
0.0,0.0,108,1,-1
0.0,0.0,177,1,1
0.0,0.0,108,1,-1
0.0,0.0,177,1,1
0.0,0.0,108,1,-1
0.0,0.0,174,1,1
0.0,0.0,108,1,-1
0.0,0.0,174,1,1
0.0,0.0,108,1,-1
0.0,0.0,172,1,1
0.0,0.0,108,1,-1
0.0,0.0,177,1,1
0.0,0.0,108,1,-1
0.0,0.0,174,1,1
0.0,0.0,108,1,-1
0.0,0.0,172,1,1
0.0,0.0,108,1,-1
0.0,0.0,172,1,1
0.0,0.0,108,1,-1
0.0,0.0,172,1,1
0.0,0.0,108,1,-1
0.0,0.0,174,1,1
0.0,0.0,108,1,-1
0.0,0.0,172,1,1
0.0,0.0,108,1,-1
0.0,0.0,174,1,1
0.0,0.0,108,1,-1
0.0,0.0,172,1,1
0.0,0.0,108,1,-1
0.0,0.0,172,1,1
0.0,0.0,108,1,-1
0.0,0.0,174,1,1
0.0,0.0,108,1,-1
0.0,0.0,172,1,1
0.0,0.0,108,1,-1
0.0,0.0,172,1,1
0.0,0.0,108,1,-1
0.0,0.0,172,1,1
0.0,0.0,108,1,-1
0.0,0.0,174,1,1
0.0,0.0,108,1,-1
0.0,0.0,177,1,1
0.0,0.0,108,1,-1
0.0,0.0,177,1,1
0.0,0.0,108,1,-1
0.0,0.0,172,1,1
0.0,0.0,108,1,-1
0.0,0.0,177,1,1
0.0,0.0,108,1,-1
0.0,0.0,243,1,1
0.0,0.0,128,1,-1
0.0,0.0,222,1,-1
0.0,0.0,194,1,1
0.0,0.0,108,1,-1
0.0,0.0,108,1,-1
0.0,0.0,421,1,1
0.0,0.0,177,1,1
0.0,0.0,173,1,-1
0.0,0.0,324,1,1
0.0,0.0,108,1,-1
0.0,0.0,172,1,1
0.0,0.0,108,1,-1
0.0,0.0,177,1,1
0.0,0.0,79,1,-1
0.0,0.0,211,1,1
-0.000234169,0.000234169,184,2,-1
0.0,0.0,73,1,-1
0.0,0.0,70,1,-1
0.0,0.0,287,1,1
0.0,0.0,276,1,1
0.0,0.0,198,1,1
0.0,0.0,213,1,1
0.0,0.0,153,1,-1
-0.000844355,0.000844355,180,2,-1
-0.000534733,0.000534733,198,2,-1
0.0,0.0,240,1,1
0.0,0.0,108,1,-1
0.0,0.0,280,1,1
0.0,0.0,71,1,-1
0.0,0.0,283,1,-1
-4e-08,4e-08,525,2,1
0.0,0.0,69,1,-1
-3.4e-07,3.4e-07,669,2,1
0.0,0.0,69,1,-1
0.0,0.0,260,1,1
0.0,0.0,237,1,1
0.0,0.0,157,1,1
0.0,0.0,261,1,1
0.0,0.0,348,1,1
0.0,0.0,203,1,1
0.0,0.0,193,1,1
0.0,0.0,206,1,-1
0.0,0.0,108,1,-1
0.0,0.0,293,1,1
0.0,0.0,174,1,1
0.0,0.0,108,1,-1
0.0,0.0,177,1,1
0.0,0.0,80,1,-1
0.0,0.0,113,1,1
0.0,0.0,85,1,-1
0.0,0.0,178,1,1
0.0,0.0,246,1,1
0.0,0.0,108,1,-1
0.0,0.0,172,1,1
0.0,0.0,108,1,-1
0.0,0.0,172,1,1
0.0,0.0,108,1,-1
0.0,0.0,172,1,1
0.0,0.0,108,1,-1
0.0,0.0,177,1,1
0.0,0.0,108,1,-1
0.0,0.0,177,1,1
0.0,0.0,108,1,-1
0.0,0.0,177,1,1
0.0,0.0,108,1,-1
0.0,0.0,108,1,-1
0.0,0.0,174,1,1
0.0,0.0,172,1,1
0.0,0.0,108,1,-1
0.0,0.0,172,1,1
0.0,0.0,108,1,-1
0.0,0.0,174,1,1
0.0,0.0,108,1,-1
0.0,0.0,172,1,1
0.0,0.0,108,1,-1
0.0,0.0,174,1,1
0.0,0.0,108,1,-1
0.0,0.0,108,1,-1
0.0,0.0,174,1,1
0.0,0.0,177,1,1
0.0,0.0,108,1,-1
0.0,0.0,174,1,1
0.0,0.0,108,1,-1
0.0,0.0,177,1,1
0.0,0.0,108,1,-1
0.0,0.0,177,1,1
0.0,0.0,108,1,-1
0.0,0.0,174,1,1
0.0,0.0,108,1,-1
0.0,0.0,174,1,1
0.0,0.0,108,1,-1
0.0,0.0,174,1,1
0.0,0.0,108,1,-1
0.0,0.0,174,1,1
0.0,0.0,108,1,-1
0.0,0.0,108,1,-1
0.0,0.0,172,1,1
0.0,0.0,177,1,1
0.0,0.0,108,1,-1
0.0,0.0,172,1,1
0.0,0.0,108,1,-1
0.0,0.0,172,1,1
0.0,0.0,108,1,-1
0.0,0.0,177,1,1
0.0,0.0,108,1,-1
0.0,0.0,174,1,1
0.0,0.0,108,1,-1
0.0,0.0,174,1,1
0.0,0.0,108,1,-1
0.0,0.0,174,1,1
0.0,0.0,108,1,-1
0.0,0.0,172,1,1
0.0,0.0,108,1,-1
0.0,0.0,174,1,1
0.0,0.0,108,1,-1
0.0,0.0,174,1,1
0.0,0.0,108,1,-1
0.0,0.0,177,1,1
0.0,0.0,108,1,-1
0.0,0.0,177,1,1
0.0,0.0,108,1,-1
0.0,0.0,174,1,1
0.0,0.0,108,1,-1
0.0,0.0,174,1,1
0.0,0.0,108,1,-1
0.0,0.0,174,1,1
0.0,0.0,108,1,-1
0.0,0.0,177,1,1
0.0,0.0,108,1,-1
0.0,0.0,172,1,1
0.0,0.0,108,1,-1
0.0,0.0,174,1,1
0.0,0.0,108,1,-1
0.0,0.0,172,1,1
0.0,0.0,108,1,-1
0.0,0.0,172,1,1
0.0,0.0,108,1,-1
0.0,0.0,177,1,1
0.0,0.0,108,1,-1
0.0,0.0,174,1,1
0.0,0.0,108,1,-1
0.0,0.0,174,1,1
0.0,0.0,108,1,-1
0.0,0.0,177,1,1
0.0,0.0,108,1,-1
0.0,0.0,174,1,1
0.0,0.0,108,1,-1
0.0,0.0,174,1,1
0.0,0.0,108,1,-1
0.0,0.0,172,1,1
0.0,0.0,108,1,-1
0.0,0.0,172,1,1
0.0,0.0,108,1,-1
0.0,0.0,172,1,1
0.0,0.0,108,1,-1
0.0,0.0,174,1,1
0.0,0.0,108,1,-1
0.0,0.0,177,1,1
0.0,0.0,108,1,-1
0.0,0.0,172,1,1
0.0,0.0,108,1,-1
0.0,0.0,174,1,1
0.0,0.0,108,1,-1
0.0,0.0,177,1,1
0.0,0.0,108,1,-1
0.0,0.0,177,1,1
0.0,0.0,108,1,-1
0.0,0.0,174,1,1
0.0,0.0,108,1,-1
0.0,0.0,177,1,1
0.0,0.0,108,1,-1
0.0,0.0,174,1,1
0.0,0.0,108,1,-1
0.0,0.0,172,1,1
0.0,0.0,108,1,-1
0.0,0.0,172,1,1
0.0,0.0,108,1,-1
0.0,0.0,177,1,1
0.0,0.0,108,1,-1
0.0,0.0,177,1,1
0.0,0.0,108,1,-1
0.0,0.0,177,1,1
0.0,0.0,108,1,-1
0.0,0.0,172,1,1
0.0,0.0,108,1,-1
0.0,0.0,177,1,1
0.0,0.0,108,1,-1
0.0,0.0,172,1,1
0.0,0.0,108,1,-1
0.0,0.0,177,1,1
0.0,0.0,108,1,-1
0.0,0.0,177,1,1
0.0,0.0,108,1,-1
0.0,0.0,108,1,-1
0.0,0.0,174,1,1
0.0,0.0,174,1,1
0.0,0.0,108,1,-1
0.0,0.0,174,1,1
0.0,0.0,108,1,-1
0.0,0.0,177,1,1
0.0,0.0,108,1,-1
0.0,0.0,174,1,1
0.0,0.0,108,1,-1
0.0,0.0,174,1,1
0.0,0.0,108,1,-1
0.0,0.0,108,1,-1
0.0,0.0,172,1,1
0.0,0.0,174,1,1
0.0,0.0,108,1,-1
0.0,0.0,172,1,1
0.0,0.0,108,1,-1
0.0,0.0,177,1,1
0.0,0.0,108,1,-1
0.0,0.0,172,1,1
0.0,0.0,108,1,-1
0.0,0.0,177,1,1
0.0,0.0,108,1,-1
0.0,0.0,174,1,1
0.0,0.0,108,1,-1
0.0,0.0,177,1,1
0.0,0.0,108,1,-1
0.0,0.0,174,1,1
0.0,0.0,108,1,-1
0.0,0.0,108,1,-1
0.0,0.0,177,1,1
0.0,0.0,177,1,1
0.0,0.0,108,1,-1
0.0,0.0,177,1,1
0.0,0.0,108,1,-1
0.0,0.0,177,1,1
0.0,0.0,108,1,-1
0.0,0.0,177,1,1
0.0,0.0,108,1,-1
0.0,0.0,174,1,1
0.0,0.0,108,1,-1
0.0,0.0,172,1,1
0.0,0.0,108,1,-1
0.0,0.0,108,1,-1
0.0,0.0,174,1,1
0.0,0.0,172,1,1
0.0,0.0,108,1,-1
0.0,0.0,174,1,1
0.0,0.0,108,1,-1
0.0,0.0,108,1,-1
0.0,0.0,174,1,1
0.0,0.0,174,1,1
0.0,0.0,108,1,-1
0.0,0.0,177,1,1
0.0,0.0,108,1,-1
0.0,0.0,177,1,1
0.0,0.0,108,1,-1
0.0,0.0,174,1,1
0.0,0.0,108,1,-1
0.0,0.0,172,1,1
0.0,0.0,108,1,-1
0.0,0.0,177,1,1
0.0,0.0,108,1,-1
0.0,0.0,177,1,1
0.0,0.0,82,1,-1
0.0,0.0,115,1,1
-6.0243e-05,6.0243e-05,130,2,-1
0.0,0.0,302,1,1
0.0,0.0,108,1,-1
0.0,0.0,177,1,1
0.0,0.0,108,1,-1
0.0,0.0,172,1,1
0.0,0.0,108,1,-1
0.0,0.0,177,1,1
0.0,0.0,108,1,-1
0.0,0.0,174,1,1
0.0,0.0,108,1,-1
0.0,0.0,172,1,1
0.0,0.0,108,1,-1
0.0,0.0,177,1,1
0.0,0.0,108,1,-1
0.0,0.0,174,1,1
0.0,0.0,108,1,-1
0.0,0.0,108,1,-1
0.0,0.0,172,1,1
0.0,0.0,172,1,1
0.0,0.0,108,1,-1
0.0,0.0,177,1,1
0.0,0.0,108,1,-1
0.0,0.0,108,1,-1
0.0,0.0,172,1,1
0.0,0.0,174,1,1
0.0,0.0,108,1,-1
0.0,0.0,177,1,1
0.0,0.0,108,1,-1
0.0,0.0,108,1,-1
0.0,0.0,172,1,1
0.0,0.0,172,1,1
0.0,0.0,108,1,-1
0.0,0.0,174,1,1
0.0,0.0,108,1,-1
0.0,0.0,108,1,-1
0.0,0.0,172,1,1
0.0,0.0,174,1,1
0.0,0.0,108,1,-1
0.0,0.0,177,1,1
0.0,0.0,108,1,-1
0.0,0.0,108,1,-1
0.0,0.0,177,1,1
0.0,0.0,174,1,1
0.0,0.0,108,1,-1
0.0,0.0,174,1,1
0.0,0.0,108,1,-1
0.0,0.0,172,1,1
0.0,0.0,108,1,-1
0.0,0.0,177,1,1
0.0,0.0,108,1,-1
0.0,0.0,172,1,1
0.0,0.0,108,1,-1
0.0,0.0,177,1,1
0.0,0.0,108,1,-1
0.0,0.0,177,1,1
0.0,0.0,108,1,-1
0.0,0.0,172,1,1
0.0,0.0,108,1,-1
0.0,0.0,172,1,1
0.0,0.0,108,1,-1
0.0,0.0,172,1,1
0.0,0.0,108,1,-1
0.0,0.0,172,1,1
0.0,0.0,108,1,-1
0.0,0.0,174,1,1
0.0,0.0,108,1,-1
0.0,0.0,177,1,1
0.0,0.0,108,1,-1
0.0,0.0,174,1,1
0.0,0.0,108,1,-1
0.0,0.0,177,1,1
0.0,0.0,108,1,-1
0.0,0.0,174,1,1
0.0,0.0,108,1,-1
0.0,0.0,172,1,1
0.0,0.0,108,1,-1
0.0,0.0,172,1,1
0.0,0.0,108,1,-1
0.0,0.0,174,1,1
0.0,0.0,108,1,-1
0.0,0.0,177,1,1
0.0,0.0,108,1,-1
0.0,0.0,177,1,1
0.0,0.0,108,1,-1
0.0,0.0,174,1,1
0.0,0.0,108,1,-1
0.0,0.0,177,1,1
0.0,0.0,108,1,-1
0.0,0.0,174,1,1
0.0,0.0,108,1,-1
0.0,0.0,172,1,1
0.0,0.0,108,1,-1
0.0,0.0,177,1,1
0.0,0.0,108,1,-1
0.0,0.0,174,1,1
0.0,0.0,108,1,-1
0.0,0.0,177,1,1
0.0,0.0,108,1,-1
0.0,0.0,174,1,1
0.0,0.0,108,1,-1
0.0,0.0,174,1,1
0.0,0.0,108,1,-1
0.0,0.0,237,1,1
0.0,0.0,222,1,-1
0.0,0.0,108,1,-1
0.0,0.0,128,1,-1
0.0,0.0,421,1,1
0.0,0.0,108,1,-1
0.0,0.0,108,1,-1
0.0,0.0,177,1,1
0.0,0.0,177,1,1
0.0,0.0,173,1,-1
0.0,0.0,324,1,1
0.0,0.0,108,1,-1
0.0,0.0,174,1,1
0.0,0.0,108,1,-1
0.0,0.0,174,1,1
0.0,0.0,108,1,-1
0.0,0.0,172,1,1
0.0,0.0,79,1,-1
0.0,0.0,161,1,-1
0.0,0.0,79,1,-1
0.0,0.0,225,1,1
0.0,0.0,211,1,1
0.0,0.0,108,1,-1
0.0,0.0,174,1,1
0.0,0.0,108,1,-1
0.0,0.0,174,1,1
0.0,0.0,108,1,-1
0.0,0.0,172,1,1
0.0,0.0,108,1,-1
0.0,0.0,174,1,1
0.0,0.0,108,1,-1
0.0,0.0,172,1,1
0.0,0.0,108,1,-1
0.0,0.0,177,1,1
0.0,0.0,108,1,-1
0.0,0.0,174,1,1
0.0,0.0,108,1,-1
0.0,0.0,174,1,1
0.0,0.0,108,1,-1
0.0,0.0,172,1,1
0.0,0.0,108,1,-1
0.0,0.0,174,1,1
0.0,0.0,108,1,-1
0.0,0.0,177,1,1
0.0,0.0,108,1,-1
0.0,0.0,172,1,1
0.0,0.0,108,1,-1
0.0,0.0,174,1,1
0.0,0.0,108,1,-1
0.0,0.0,174,1,1
0.0,0.0,108,1,-1
0.0,0.0,172,1,1
0.0,0.0,108,1,-1
0.0,0.0,172,1,1
0.0,0.0,108,1,-1
0.0,0.0,174,1,1
0.0,0.0,108,1,-1
0.0,0.0,172,1,1
0.0,0.0,108,1,-1
0.0,0.0,174,1,1
0.0,0.0,108,1,-1
0.0,0.0,174,1,1
0.0,0.0,108,1,-1
0.0,0.0,177,1,1
0.0,0.0,108,1,-1
0.0,0.0,172,1,1
0.0,0.0,108,1,-1
0.0,0.0,174,1,1
0.0,0.0,108,1,-1
0.0,0.0,174,1,1
0.0,0.0,108,1,-1
0.0,0.0,172,1,1
0.0,0.0,108,1,-1
0.0,0.0,177,1,1
0.0,0.0,108,1,-1
0.0,0.0,174,1,1
0.0,0.0,108,1,-1
0.0,0.0,172,1,1
0.0,0.0,108,1,-1
0.0,0.0,174,1,1
0.0,0.0,108,1,-1
0.0,0.0,172,1,1
0.0,0.0,108,1,-1
0.0,0.0,177,1,1
0.0,0.0,108,1,-1
0.0,0.0,177,1,1
0.0,0.0,108,1,-1
0.0,0.0,174,1,1
0.0,0.0,108,1,-1
0.0,0.0,174,1,1
0.0,0.0,108,1,-1
0.0,0.0,172,1,1
0.0,0.0,108,1,-1
0.0,0.0,177,1,1
0.0,0.0,108,1,-1
0.0,0.0,174,1,1
0.0,0.0,108,1,-1
0.0,0.0,174,1,1
0.0,0.0,108,1,-1
0.0,0.0,177,1,1
0.0,0.0,108,1,-1
0.0,0.0,172,1,1
0.0,0.0,108,1,-1
0.0,0.0,177,1,1
0.0,0.0,108,1,-1
0.0,0.0,174,1,1
0.0,0.0,108,1,-1
0.0,0.0,174,1,1
0.0,0.0,108,1,-1
0.0,0.0,172,1,1
0.0,0.0,108,1,-1
0.0,0.0,177,1,1
0.0,0.0,108,1,-1
0.0,0.0,174,1,1
0.0,0.0,108,1,-1
0.0,0.0,177,1,1
0.0,0.0,108,1,-1
0.0,0.0,172,1,1
0.0,0.0,108,1,-1
0.0,0.0,174,1,1
0.0,0.0,108,1,-1
0.0,0.0,174,1,1
0.0,0.0,108,1,-1
0.0,0.0,174,1,1
0.0,0.0,108,1,-1
0.0,0.0,174,1,1
0.0,0.0,108,1,-1
0.0,0.0,177,1,1
0.0,0.0,108,1,-1
0.0,0.0,174,1,1
0.0,0.0,108,1,-1
0.0,0.0,177,1,1
0.0,0.0,108,1,-1
0.0,0.0,177,1,1
0.0,0.0,108,1,-1
0.0,0.0,172,1,1
0.0,0.0,108,1,-1
0.0,0.0,172,1,1
0.0,0.0,108,1,-1
0.0,0.0,172,1,1
0.0,0.0,108,1,-1
0.0,0.0,174,1,1
0.0,0.0,108,1,-1
0.0,0.0,172,1,1
0.0,0.0,108,1,-1
0.0,0.0,177,1,1
0.0,0.0,108,1,-1
0.0,0.0,174,1,1
0.0,0.0,108,1,-1
0.0,0.0,177,1,1
0.0,0.0,108,1,-1
0.0,0.0,172,1,1
0.0,0.0,108,1,-1
0.0,0.0,108,1,-1
0.0,0.0,172,1,1
0.0,0.0,177,1,1
0.0,0.0,108,1,-1
0.0,0.0,174,1,1
0.0,0.0,108,1,-1
0.0,0.0,177,1,1
0.0,0.0,108,1,-1
0.0,0.0,172,1,1
0.0,0.0,108,1,-1
0.0,0.0,177,1,1
0.0,0.0,108,1,-1
0.0,0.0,172,1,1
0.0,0.0,108,1,-1
0.0,0.0,174,1,1
0.0,0.0,108,1,-1
0.0,0.0,174,1,1
0.0,0.0,108,1,-1
0.0,0.0,174,1,1
0.0,0.0,108,1,-1
0.0,0.0,172,1,1
0.0,0.0,108,1,-1
0.0,0.0,174,1,1
0.0,0.0,108,1,-1
0.0,0.0,174,1,1
0.0,0.0,108,1,-1
0.0,0.0,174,1,1
0.0,0.0,108,1,-1
0.0,0.0,174,1,1
0.0,0.0,108,1,-1
0.0,0.0,174,1,1
0.0,0.0,108,1,-1
0.0,0.0,177,1,1
0.0,0.0,108,1,-1
0.0,0.0,177,1,1
0.0,0.0,108,1,-1
0.0,0.0,174,1,1
0.0,0.0,108,1,-1
0.0,0.0,174,1,1
0.0,0.0,108,1,-1
0.0,0.0,177,1,1
0.0,0.0,108,1,-1
0.0,0.0,174,1,1
0.0,0.0,108,1,-1
0.0,0.0,172,1,1
0.0,0.0,108,1,-1
0.0,0.0,172,1,1
0.0,0.0,108,1,-1
0.0,0.0,174,1,1
0.0,0.0,108,1,-1
0.0,0.0,174,1,1
0.0,0.0,108,1,-1
0.0,0.0,172,1,1
0.0,0.0,108,1,-1
0.0,0.0,177,1,1
0.0,0.0,108,1,-1
0.0,0.0,108,1,-1
0.0,0.0,177,1,1
0.0,0.0,172,1,1
0.0,0.0,108,1,-1
0.0,0.0,174,1,1
0.0,0.0,108,1,-1
0.0,0.0,177,1,1
0.0,0.0,108,1,-1
0.0,0.0,108,1,-1
0.0,0.0,172,1,1
0.0,0.0,108,1,-1
0.0,0.0,177,1,1
0.0,0.0,108,1,-1
0.0,0.0,172,1,1
0.0,0.0,108,1,-1
0.0,0.0,108,1,-1
0.0,0.0,177,1,1
0.0,0.0,172,1,1
0.0,0.0,108,1,-1
0.0,0.0,177,1,1
0.0,0.0,108,1,-1
0.0,0.0,177,1,1
0.0,0.0,108,1,-1
0.0,0.0,108,1,-1
0.0,0.0,172,1,1
0.0,0.0,174,1,1
0.0,0.0,108,1,-1
0.0,0.0,177,1,1
0.0,0.0,108,1,-1
0.0,0.0,177,1,1
0.0,0.0,108,1,-1
0.0,0.0,172,1,1
0.0,0.0,108,1,-1
0.0,0.0,177,1,1
0.0,0.0,108,1,-1
0.0,0.0,172,1,1
0.0,0.0,108,1,-1
0.0,0.0,174,1,1
0.0,0.0,108,1,-1
0.0,0.0,177,1,1
0.0,0.0,108,1,-1
0.0,0.0,108,1,-1
0.0,0.0,172,1,1
0.0,0.0,174,1,1
0.0,0.0,108,1,-1
0.0,0.0,172,1,1
0.0,0.0,108,1,-1
0.0,0.0,174,1,1
0.0,0.0,108,1,-1
0.0,0.0,108,1,-1
0.0,0.0,174,1,1
0.0,0.0,177,1,1
0.0,0.0,108,1,-1
0.0,0.0,172,1,1
0.0,0.0,108,1,-1
0.0,0.0,177,1,1
0.0,0.0,108,1,-1
0.0,0.0,108,1,-1
0.0,0.0,177,1,1
0.0,0.0,174,1,1
0.0,0.0,108,1,-1
0.0,0.0,177,1,1
0.0,0.0,108,1,-1
0.0,0.0,269,1,1
0.0,0.0,108,1,-1
0.0,0.0,108,1,-1
0.0,0.0,172,1,1
0.0,0.0,128,1,-1
0.0,0.0,177,1,1
0.0,0.0,193,1,1
0.0,0.0,222,1,-1
0.0,0.0,108,1,-1
0.0,0.0,108,1,-1
-2.51e-07,2.51e-07,571,2,1
0.0,0.0,108,1,-1
0.0,0.0,174,1,1
0.0,0.0,108,1,-1
0.0,0.0,174,1,1
0.0,0.0,108,1,-1
0.0,0.0,108,1,-1
0.0,0.0,174,1,1
0.0,0.0,177,1,1
0.0,0.0,108,1,-1
0.0,0.0,177,1,1
0.0,0.0,108,1,-1
0.0,0.0,174,1,1
0.0,0.0,108,1,-1
0.0,0.0,108,1,-1
0.0,0.0,177,1,1
0.0,0.0,172,1,1
0.0,0.0,108,1,-1
0.0,0.0,177,1,1
0.0,0.0,108,1,-1
0.0,0.0,172,1,1
0.0,0.0,108,1,-1
0.0,0.0,174,1,1
0.0,0.0,108,1,-1
0.0,0.0,174,1,1
0.0,0.0,108,1,-1
0.0,0.0,172,1,1
0.0,0.0,108,1,-1
0.0,0.0,177,1,1
0.0,0.0,108,1,-1
0.0,0.0,174,1,1
0.0,0.0,108,1,-1
0.0,0.0,177,1,1
0.0,0.0,108,1,-1
0.0,0.0,172,1,1
0.0,0.0,108,1,-1
0.0,0.0,174,1,1
0.0,0.0,108,1,-1
0.0,0.0,177,1,1
0.0,0.0,108,1,-1
0.0,0.0,177,1,1
0.0,0.0,108,1,-1
0.0,0.0,174,1,1
0.0,0.0,108,1,-1
0.0,0.0,172,1,1
0.0,0.0,108,1,-1
0.0,0.0,177,1,1
0.0,0.0,108,1,-1
0.0,0.0,177,1,1
0.0,0.0,108,1,-1
0.0,0.0,174,1,1
0.0,0.0,108,1,-1
0.0,0.0,177,1,1
0.0,0.0,108,1,-1
0.0,0.0,177,1,1
0.0,0.0,108,1,-1
0.0,0.0,177,1,1
0.0,0.0,108,1,-1
0.0,0.0,174,1,1
0.0,0.0,108,1,-1
0.0,0.0,172,1,1
0.0,0.0,108,1,-1
0.0,0.0,177,1,1
0.0,0.0,108,1,-1
0.0,0.0,177,1,1
0.0,0.0,108,1,-1
0.0,0.0,177,1,1
0.0,0.0,108,1,-1
0.0,0.0,172,1,1
0.0,0.0,108,1,-1
0.0,0.0,172,1,1
0.0,0.0,108,1,-1
0.0,0.0,177,1,1
0.0,0.0,108,1,-1
0.0,0.0,172,1,1
0.0,0.0,108,1,-1
0.0,0.0,177,1,1
0.0,0.0,108,1,-1
0.0,0.0,174,1,1
0.0,0.0,108,1,-1
0.0,0.0,174,1,1
0.0,0.0,108,1,-1
0.0,0.0,177,1,1
0.0,0.0,108,1,-1
0.0,0.0,174,1,1
0.0,0.0,108,1,-1
0.0,0.0,177,1,1
0.0,0.0,108,1,-1
0.0,0.0,172,1,1
0.0,0.0,108,1,-1
0.0,0.0,172,1,1
0.0,0.0,108,1,-1
0.0,0.0,172,1,1
0.0,0.0,108,1,-1
0.0,0.0,174,1,1
0.0,0.0,108,1,-1
0.0,0.0,177,1,1
0.0,0.0,108,1,-1
0.0,0.0,177,1,1
0.0,0.0,108,1,-1
0.0,0.0,172,1,1
0.0,0.0,108,1,-1
0.0,0.0,174,1,1
0.0,0.0,108,1,-1
0.0,0.0,177,1,1
0.0,0.0,108,1,-1
0.0,0.0,174,1,1
0.0,0.0,108,1,-1
0.0,0.0,172,1,1
0.0,0.0,108,1,-1
0.0,0.0,174,1,1
0.0,0.0,108,1,-1
0.0,0.0,172,1,1
0.0,0.0,108,1,-1
0.0,0.0,174,1,1
0.0,0.0,108,1,-1
0.0,0.0,174,1,1
0.0,0.0,108,1,-1
0.0,0.0,174,1,1
0.0,0.0,108,1,-1
0.0,0.0,177,1,1
Clump Interarrival,Clump Duration,Clump Size,Clump Packets,Clump Direction
0.0,0.0,222,1,-1
0.0,0.0,399,1,1
0.0,0.0,173,1,-1
0.0,0.0,302,1,1
0.0,0.0,153,1,-1
0.0,0.0,218,1,1
0.0,0.0,108,1,-1
0.0,0.0,177,1,1
0.0,0.0,108,1,-1
0.0,0.0,177,1,1
0.0,0.0,108,1,-1
0.0,0.0,172,1,1
0.0,0.0,108,1,-1
0.0,0.0,172,1,1
0.0,0.0,108,1,-1
0.0,0.0,174,1,1
0.0,0.0,108,1,-1
0.0,0.0,177,1,1
0.0,0.0,108,1,-1
0.0,0.0,172,1,1
0.0,0.0,108,1,-1
0.0,0.0,172,1,1
0.0,0.0,108,1,-1
0.0,0.0,174,1,1
0.0,0.0,108,1,-1
0.0,0.0,177,1,1
0.0,0.0,108,1,-1
0.0,0.0,172,1,1
0.0,0.0,108,1,-1
0.0,0.0,174,1,1
0.0,0.0,108,1,-1
0.0,0.0,172,1,1
0.0,0.0,108,1,-1
0.0,0.0,362,1,1
0.0,0.0,108,1,-1
0.0,0.0,363,1,1
0.0,0.0,108,1,-1
0.0,0.0,362,1,1
0.0,0.0,108,1,-1
0.0,0.0,228,1,1
0.0,0.0,283,1,-1
0.0,0.0,370,1,1
0.0,0.0,283,1,-1
0.0,0.0,368,1,1
0.0,0.0,283,1,-1
0.0,0.0,348,1,1
0.0,0.0,122,1,-1
0.0,0.0,189,1,1
0.0,0.0,108,1,-1
0.0,0.0,174,1,1
0.0,0.0,108,1,-1
0.0,0.0,177,1,1
0.0,0.0,108,1,-1
0.0,0.0,172,1,1
0.0,0.0,108,1,-1
0.0,0.0,172,1,1
0.0,0.0,108,1,-1
0.0,0.0,177,1,1
0.0,0.0,108,1,-1
0.0,0.0,172,1,1
0.0,0.0,108,1,-1
0.0,0.0,172,1,1
0.0,0.0,108,1,-1
0.0,0.0,172,1,1
0.0,0.0,108,1,-1
0.0,0.0,172,1,1
0.0,0.0,108,1,-1
0.0,0.0,177,1,1
0.0,0.0,108,1,-1
0.0,0.0,174,1,1
0.0,0.0,108,1,-1
0.0,0.0,177,1,1
0.0,0.0,108,1,-1
0.0,0.0,177,1,1
0.0,0.0,108,1,-1
0.0,0.0,174,1,1
0.0,0.0,108,1,-1
0.0,0.0,177,1,1
0.0,0.0,108,1,-1
0.0,0.0,172,1,1
0.0,0.0,108,1,-1
0.0,0.0,201,1,1
0.0,0.0,222,1,-1
0.0,0.0,128,1,-1
-4.1e-07,4.1e-07,617,2,1
0.0,0.0,108,1,-1
0.0,0.0,177,1,1
0.0,0.0,173,1,-1
0.0,0.0,323,1,1
0.0,0.0,108,1,-1
0.0,0.0,172,1,1
0.0,0.0,143,1,-1
0.0,0.0,228,1,1
0.0,0.0,283,1,-1
0.0,0.0,348,1,1
0.0,0.0,139,1,-1
0.0,0.0,203,1,1
0.0,0.0,128,1,-1
0.0,0.0,254,1,1
0.0,0.0,108,1,-1
0.0,0.0,172,1,1
0.0,0.0,108,1,-1
0.0,0.0,172,1,1
0.0,0.0,108,1,-1
0.0,0.0,174,1,1
0.0,0.0,108,1,-1
0.0,0.0,177,1,1
0.0,0.0,108,1,-1
0.0,0.0,174,1,1
0.0,0.0,108,1,-1
0.0,0.0,172,1,1
0.0,0.0,108,1,-1
0.0,0.0,174,1,1
0.0,0.0,108,1,-1
0.0,0.0,177,1,1
0.0,0.0,108,1,-1
0.0,0.0,172,1,1
0.0,0.0,108,1,-1
0.0,0.0,174,1,1
0.0,0.0,108,1,-1
0.0,0.0,172,1,1
0.0,0.0,108,1,-1
0.0,0.0,172,1,1
0.0,0.0,108,1,-1
0.0,0.0,174,1,1
0.0,0.0,108,1,-1
0.0,0.0,174,1,1
0.0,0.0,108,1,-1
0.0,0.0,177,1,1
0.0,0.0,108,1,-1
0.0,0.0,177,1,1
0.0,0.0,108,1,-1
0.0,0.0,172,1,1
0.0,0.0,108,1,-1
0.0,0.0,172,1,1
0.0,0.0,108,1,-1
0.0,0.0,177,1,1
0.0,0.0,108,1,-1
0.0,0.0,172,1,1
0.0,0.0,108,1,-1
0.0,0.0,174,1,1
0.0,0.0,108,1,-1
0.0,0.0,172,1,1
0.0,0.0,108,1,-1
0.0,0.0,172,1,1
0.0,0.0,108,1,-1
0.0,0.0,177,1,1
0.0,0.0,108,1,-1
0.0,0.0,172,1,1
0.0,0.0,108,1,-1
0.0,0.0,177,1,1
0.0,0.0,108,1,-1
0.0,0.0,177,1,1
0.0,0.0,108,1,-1
0.0,0.0,177,1,1
0.0,0.0,108,1,-1
0.0,0.0,172,1,1
0.0,0.0,108,1,-1
0.0,0.0,172,1,1
0.0,0.0,108,1,-1
0.0,0.0,177,1,1
0.0,0.0,108,1,-1
0.0,0.0,204,1,1
0.0,0.0,222,1,-1
0.0,0.0,128,1,-1
-0.000509654,0.000509654,616,2,1
0.0,0.0,108,1,-1
0.0,0.0,172,1,1
0.0,0.0,173,1,-1
0.0,0.0,323,1,1
0.0,0.0,108,1,-1
0.0,0.0,177,1,1
0.0,0.0,143,1,-1
0.0,0.0,228,1,1
0.0,0.0,108,1,-1
0.0,0.0,174,1,1
0.0,0.0,108,1,-1
0.0,0.0,172,1,1
0.0,0.0,108,1,-1
0.0,0.0,172,1,1
0.0,0.0,108,1,-1
0.0,0.0,174,1,1
0.0,0.0,108,1,-1
0.0,0.0,172,1,1
0.0,0.0,108,1,-1
0.0,0.0,177,1,1
0.0,0.0,108,1,-1
0.0,0.0,177,1,1
0.0,0.0,108,1,-1
0.0,0.0,177,1,1
0.0,0.0,108,1,-1
0.0,0.0,177,1,1
0.0,0.0,108,1,-1
0.0,0.0,172,1,1
0.0,0.0,108,1,-1
0.0,0.0,174,1,1
0.0,0.0,108,1,-1
0.0,0.0,174,1,1
0.0,0.0,108,1,-1
0.0,0.0,172,1,1
0.0,0.0,108,1,-1
0.0,0.0,177,1,1
0.0,0.0,108,1,-1
0.0,0.0,177,1,1
0.0,0.0,108,1,-1
0.0,0.0,172,1,1
0.0,0.0,108,1,-1
0.0,0.0,174,1,1
0.0,0.0,108,1,-1
0.0,0.0,172,1,1
0.0,0.0,108,1,-1
0.0,0.0,177,1,1
0.0,0.0,108,1,-1
0.0,0.0,172,1,1
0.0,0.0,108,1,-1
0.0,0.0,174,1,1
0.0,0.0,108,1,-1
0.0,0.0,172,1,1
0.0,0.0,108,1,-1
0.0,0.0,177,1,1
0.0,0.0,108,1,-1
0.0,0.0,172,1,1
0.0,0.0,108,1,-1
0.0,0.0,172,1,1
0.0,0.0,108,1,-1
0.0,0.0,172,1,1
0.0,0.0,108,1,-1
0.0,0.0,172,1,1
0.0,0.0,108,1,-1
0.0,0.0,172,1,1
0.0,0.0,108,1,-1
0.0,0.0,172,1,1
0.0,0.0,108,1,-1
0.0,0.0,174,1,1
0.0,0.0,108,1,-1
0.0,0.0,172,1,1
0.0,0.0,108,1,-1
0.0,0.0,172,1,1
0.0,0.0,108,1,-1
0.0,0.0,172,1,1
0.0,0.0,108,1,-1
0.0,0.0,172,1,1
0.0,0.0,108,1,-1
0.0,0.0,177,1,1
0.0,0.0,108,1,-1
0.0,0.0,174,1,1
0.0,0.0,108,1,-1
0.0,0.0,172,1,1
0.0,0.0,108,1,-1
0.0,0.0,172,1,1
0.0,0.0,108,1,-1
0.0,0.0,172,1,1
0.0,0.0,108,1,-1
0.0,0.0,174,1,1
0.0,0.0,108,1,-1
0.0,0.0,174,1,1
0.0,0.0,108,1,-1
0.0,0.0,177,1,1
0.0,0.0,108,1,-1
0.0,0.0,172,1,1
0.0,0.0,108,1,-1
0.0,0.0,172,1,1
0.0,0.0,108,1,-1
0.0,0.0,174,1,1
0.0,0.0,108,1,-1
0.0,0.0,177,1,1
0.0,0.0,108,1,-1
0.0,0.0,174,1,1
0.0,0.0,108,1,-1
0.0,0.0,108,1,-1
0.0,0.0,233,1,1
0.0,0.0,128,1,-1
0.0,0.0,177,1,1
0.0,0.0,194,1,1
0.0,0.0,222,1,-1
0.0,0.0,108,1,-1
0.0,0.0,423,1,1
0.0,0.0,172,1,1
0.0,0.0,108,1,-1
0.0,0.0,174,1,1
0.0,0.0,173,1,-1
0.0,0.0,108,1,-1
0.0,0.0,323,1,1
0.0,0.0,172,1,1
0.0,0.0,108,1,-1
0.0,0.0,174,1,1
0.0,0.0,149,1,-1
0.0,0.0,213,1,1
0.0,0.0,108,1,-1
0.0,0.0,283,1,-1
0.0,0.0,172,1,1
0.0,0.0,348,1,1
0.0,0.0,120,1,-1
0.0,0.0,189,1,1
0.0,0.0,108,1,-1
0.0,0.0,172,1,1
0.0,0.0,108,1,-1
0.0,0.0,174,1,1
0.0,0.0,108,1,-1
0.0,0.0,177,1,1
0.0,0.0,108,1,-1
0.0,0.0,177,1,1
0.0,0.0,108,1,-1
0.0,0.0,177,1,1
0.0,0.0,108,1,-1
0.0,0.0,172,1,1
0.0,0.0,108,1,-1
0.0,0.0,174,1,1
0.0,0.0,108,1,-1
0.0,0.0,174,1,1
0.0,0.0,108,1,-1
0.0,0.0,172,1,1
0.0,0.0,108,1,-1
0.0,0.0,172,1,1
0.0,0.0,108,1,-1
0.0,0.0,172,1,1
0.0,0.0,108,1,-1
0.0,0.0,172,1,1
0.0,0.0,108,1,-1
0.0,0.0,174,1,1
0.0,0.0,108,1,-1
0.0,0.0,172,1,1
0.0,0.0,108,1,-1
0.0,0.0,177,1,1
0.0,0.0,108,1,-1
0.0,0.0,177,1,1
0.0,0.0,108,1,-1
0.0,0.0,174,1,1
0.0,0.0,108,1,-1
0.0,0.0,172,1,1
0.0,0.0,108,1,-1
0.0,0.0,172,1,1
0.0,0.0,108,1,-1
0.0,0.0,174,1,1
0.0,0.0,108,1,-1
0.0,0.0,172,1,1
0.0,0.0,108,1,-1
0.0,0.0,177,1,1
0.0,0.0,108,1,-1
0.0,0.0,174,1,1
0.0,0.0,108,1,-1
0.0,0.0,174,1,1
0.0,0.0,108,1,-1
0.0,0.0,177,1,1
0.0,0.0,108,1,-1
0.0,0.0,172,1,1
0.0,0.0,108,1,-1
0.0,0.0,172,1,1
0.0,0.0,108,1,-1
0.0,0.0,177,1,1
0.0,0.0,108,1,-1
0.0,0.0,174,1,1
0.0,0.0,108,1,-1
0.0,0.0,174,1,1
0.0,0.0,108,1,-1
0.0,0.0,177,1,1
0.0,0.0,108,1,-1
0.0,0.0,172,1,1
0.0,0.0,108,1,-1
0.0,0.0,108,1,-1
0.0,0.0,172,1,1
0.0,0.0,174,1,1
0.0,0.0,108,1,-1
0.0,0.0,174,1,1
0.0,0.0,108,1,-1
0.0,0.0,108,1,-1
0.0,0.0,174,1,1
0.0,0.0,172,1,1
0.0,0.0,108,1,-1
0.0,0.0,172,1,1
0.0,0.0,108,1,-1
0.0,0.0,108,1,-1
0.0,0.0,174,1,1
0.0,0.0,174,1,1
0.0,0.0,108,1,-1
0.0,0.0,172,1,1
0.0,0.0,108,1,-1
0.0,0.0,108,1,-1
0.0,0.0,177,1,1
0.0,0.0,177,1,1
0.0,0.0,108,1,-1
0.0,0.0,172,1,1
0.0,0.0,108,1,-1
0.0,0.0,108,1,-1
0.0,0.0,174,1,1
0.0,0.0,177,1,1
0.0,0.0,108,1,-1
0.0,0.0,172,1,1
0.0,0.0,108,1,-1
0.0,0.0,177,1,1
0.0,0.0,108,1,-1
0.0,0.0,177,1,1
0.0,0.0,108,1,-1
0.0,0.0,174,1,1
0.0,0.0,108,1,-1
0.0,0.0,177,1,1
0.0,0.0,108,1,-1
0.0,0.0,172,1,1
0.0,0.0,108,1,-1
0.0,0.0,108,1,-1
0.0,0.0,174,1,1
0.0,0.0,177,1,1
0.0,0.0,108,1,-1
0.0,0.0,177,1,1
0.0,0.0,108,1,-1
0.0,0.0,108,1,-1
0.0,0.0,177,1,1
0.0,0.0,172,1,1
0.0,0.0,108,1,-1
0.0,0.0,172,1,1
0.0,0.0,108,1,-1
0.0,0.0,108,1,-1
0.0,0.0,174,1,1
0.0,0.0,172,1,1
0.0,0.0,108,1,-1
0.0,0.0,177,1,1
0.0,0.0,108,1,-1
0.0,0.0,108,1,-1
0.0,0.0,177,1,1
0.0,0.0,174,1,1
0.0,0.0,108,1,-1
0.0,0.0,172,1,1
0.0,0.0,108,1,-1
0.0,0.0,177,1,1
0.0,0.0,108,1,-1
0.0,0.0,172,1,1
0.0,0.0,108,1,-1
0.0,0.0,177,1,1
0.0,0.0,108,1,-1
0.0,0.0,174,1,1
0.0,0.0,108,1,-1
0.0,0.0,177,1,1
0.0,0.0,108,1,-1
0.0,0.0,172,1,1
0.0,0.0,108,1,-1
0.0,0.0,174,1,1
0.0,0.0,108,1,-1
0.0,0.0,174,1,1
0.0,0.0,108,1,-1
0.0,0.0,174,1,1
0.0,0.0,108,1,-1
0.0,0.0,174,1,1
0.0,0.0,108,1,-1
0.0,0.0,174,1,1
0.0,0.0,108,1,-1
0.0,0.0,174,1,1
0.0,0.0,108,1,-1
0.0,0.0,172,1,1
0.0,0.0,108,1,-1
0.0,0.0,177,1,1
0.0,0.0,108,1,-1
0.0,0.0,177,1,1
0.0,0.0,108,1,-1
0.0,0.0,174,1,1
0.0,0.0,108,1,-1
0.0,0.0,174,1,1
0.0,0.0,108,1,-1
0.0,0.0,172,1,1
0.0,0.0,108,1,-1
0.0,0.0,177,1,1
0.0,0.0,108,1,-1
0.0,0.0,172,1,1
0.0,0.0,108,1,-1
0.0,0.0,108,1,-1
0.0,0.0,172,1,1
0.0,0.0,177,1,1
0.0,0.0,108,1,-1
0.0,0.0,174,1,1
0.0,0.0,108,1,-1
0.0,0.0,172,1,1
0.0,0.0,108,1,-1
0.0,0.0,174,1,1
0.0,0.0,108,1,-1
0.0,0.0,174,1,1
0.0,0.0,108,1,-1
0.0,0.0,177,1,1
0.0,0.0,108,1,-1
0.0,0.0,177,1,1
0.0,0.0,108,1,-1
0.0,0.0,174,1,1
0.0,0.0,108,1,-1
0.0,0.0,174,1,1
0.0,0.0,108,1,-1
0.0,0.0,174,1,1
0.0,0.0,108,1,-1
0.0,0.0,174,1,1
0.0,0.0,108,1,-1
0.0,0.0,172,1,1
0.0,0.0,108,1,-1
0.0,0.0,172,1,1
0.0,0.0,108,1,-1
0.0,0.0,177,1,1
0.0,0.0,108,1,-1
0.0,0.0,177,1,1
0.0,0.0,108,1,-1
0.0,0.0,172,1,1
0.0,0.0,108,1,-1
0.0,0.0,174,1,1
0.0,0.0,108,1,-1
0.0,0.0,177,1,1
0.0,0.0,108,1,-1
0.0,0.0,174,1,1
0.0,0.0,108,1,-1
0.0,0.0,108,1,-1
0.0,0.0,177,1,1
0.0,0.0,177,1,1
0.0,0.0,108,1,-1
0.0,0.0,177,1,1
0.0,0.0,108,1,-1
0.0,0.0,108,1,-1
0.0,0.0,177,1,1
0.0,0.0,172,1,1
0.0,0.0,108,1,-1
0.0,0.0,174,1,1
0.0,0.0,108,1,-1
0.0,0.0,108,1,-1
0.0,0.0,177,1,1
0.0,0.0,172,1,1
0.0,0.0,108,1,-1
0.0,0.0,172,1,1
0.0,0.0,108,1,-1
0.0,0.0,108,1,-1
0.0,0.0,177,1,1
0.0,0.0,172,1,1
0.0,0.0,108,1,-1
0.0,0.0,172,1,1
0.0,0.0,108,1,-1
0.0,0.0,108,1,-1
0.0,0.0,172,1,1
0.0,0.0,174,1,1
0.0,0.0,108,1,-1
0.0,0.0,174,1,1
0.0,0.0,108,1,-1
0.0,0.0,108,1,-1
0.0,0.0,174,1,1
0.0,0.0,174,1,1
0.0,0.0,108,1,-1
0.0,0.0,174,1,1
0.0,0.0,108,1,-1
0.0,0.0,108,1,-1
0.0,0.0,174,1,1
0.0,0.0,177,1,1
0.0,0.0,108,1,-1
0.0,0.0,177,1,1
0.0,0.0,108,1,-1
0.0,0.0,108,1,-1
0.0,0.0,177,1,1
0.0,0.0,174,1,1
0.0,0.0,108,1,-1
0.0,0.0,174,1,1
0.0,0.0,108,1,-1
0.0,0.0,108,1,-1
0.0,0.0,174,1,1
0.0,0.0,172,1,1
0.0,0.0,108,1,-1
0.0,0.0,174,1,1
0.0,0.0,108,1,-1
0.0,0.0,108,1,-1
0.0,0.0,172,1,1
0.0,0.0,177,1,1
0.0,0.0,108,1,-1
0.0,0.0,177,1,1
0.0,0.0,108,1,-1
0.0,0.0,108,1,-1
0.0,0.0,172,1,1
0.0,0.0,174,1,1
0.0,0.0,108,1,-1
0.0,0.0,174,1,1
0.0,0.0,108,1,-1
0.0,0.0,174,1,1
0.0,0.0,108,1,-1
0.0,0.0,174,1,1
0.0,0.0,108,1,-1
0.0,0.0,172,1,1
0.0,0.0,108,1,-1
0.0,0.0,172,1,1
0.0,0.0,108,1,-1
0.0,0.0,177,1,1
0.0,0.0,108,1,-1
0.0,0.0,172,1,1
0.0,0.0,108,1,-1
0.0,0.0,172,1,1
0.0,0.0,108,1,-1
0.0,0.0,177,1,1
0.0,0.0,108,1,-1
0.0,0.0,172,1,1
0.0,0.0,108,1,-1
0.0,0.0,174,1,1
0.0,0.0,108,1,-1
0.0,0.0,174,1,1
0.0,0.0,108,1,-1
0.0,0.0,177,1,1
0.0,0.0,108,1,-1
0.0,0.0,174,1,1
0.0,0.0,108,1,-1
0.0,0.0,174,1,1
0.0,0.0,108,1,-1
0.0,0.0,174,1,1
0.0,0.0,108,1,-1
0.0,0.0,174,1,1
0.0,0.0,108,1,-1
0.0,0.0,177,1,1
0.0,0.0,108,1,-1
0.0,0.0,108,1,-1
0.0,0.0,172,1,1
0.0,0.0,172,1,1
0.0,0.0,108,1,-1
0.0,0.0,172,1,1
0.0,0.0,108,1,-1
0.0,0.0,108,1,-1
0.0,0.0,172,1,1
0.0,0.0,172,1,1
0.0,0.0,108,1,-1
0.0,0.0,174,1,1
0.0,0.0,108,1,-1
0.0,0.0,108,1,-1
0.0,0.0,177,1,1
0.0,0.0,177,1,1
0.0,0.0,108,1,-1
0.0,0.0,172,1,1
0.0,0.0,108,1,-1
0.0,0.0,172,1,1
0.0,0.0,108,1,-1
0.0,0.0,177,1,1
0.0,0.0,108,1,-1
0.0,0.0,174,1,1
0.0,0.0,108,1,-1
0.0,0.0,172,1,1
0.0,0.0,108,1,-1
0.0,0.0,174,1,1
0.0,0.0,108,1,-1
0.0,0.0,174,1,1
0.0,0.0,108,1,-1
0.0,0.0,174,1,1
0.0,0.0,108,1,-1
0.0,0.0,108,1,-1
0.0,0.0,172,1,1
0.0,0.0,174,1,1
0.0,0.0,108,1,-1
0.0,0.0,174,1,1
0.0,0.0,108,1,-1
0.0,0.0,238,1,1
0.0,0.0,108,1,-1
0.0,0.0,128,1,-1
0.0,0.0,177,1,1
0.0,0.0,222,1,-1
0.0,0.0,197,1,1
0.0,0.0,108,1,-1
-0.000101978,0.000101978,595,2,1
0.0,0.0,108,1,-1
0.0,0.0,177,1,1
0.0,0.0,108,1,-1
0.0,0.0,174,1,1
0.0,0.0,108,1,-1
0.0,0.0,173,1,-1
0.0,0.0,174,1,1
0.0,0.0,302,1,1
0.0,0.0,108,1,-1
0.0,0.0,172,1,1
0.0,0.0,108,1,-1
0.0,0.0,108,1,-1
0.0,0.0,174,1,1
0.0,0.0,174,1,1
0.0,0.0,151,1,-1
0.0,0.0,215,1,1
0.0,0.0,108,1,-1
0.0,0.0,108,1,-1
0.0,0.0,174,1,1
0.0,0.0,177,1,1
0.0,0.0,108,1,-1
0.0,0.0,172,1,1
0.0,0.0,108,1,-1
0.0,0.0,177,1,1
0.0,0.0,108,1,-1
0.0,0.0,177,1,1
0.0,0.0,108,1,-1
0.0,0.0,174,1,1
0.0,0.0,108,1,-1
0.0,0.0,177,1,1
0.0,0.0,108,1,-1
0.0,0.0,172,1,1
0.0,0.0,108,1,-1
0.0,0.0,172,1,1
0.0,0.0,108,1,-1
0.0,0.0,177,1,1
0.0,0.0,108,1,-1
0.0,0.0,174,1,1
0.0,0.0,108,1,-1
0.0,0.0,172,1,1
0.0,0.0,108,1,-1
0.0,0.0,177,1,1
0.0,0.0,108,1,-1
0.0,0.0,172,1,1
0.0,0.0,108,1,-1
0.0,0.0,108,1,-1
0.0,0.0,172,1,1
0.0,0.0,177,1,1
0.0,0.0,108,1,-1
0.0,0.0,172,1,1
0.0,0.0,108,1,-1
0.0,0.0,177,1,1
0.0,0.0,108,1,-1
0.0,0.0,174,1,1
0.0,0.0,108,1,-1
0.0,0.0,177,1,1
0.0,0.0,108,1,-1
0.0,0.0,174,1,1
0.0,0.0,108,1,-1
0.0,0.0,172,1,1
0.0,0.0,108,1,-1
0.0,0.0,108,1,-1
0.0,0.0,172,1,1
0.0,0.0,174,1,1
0.0,0.0,108,1,-1
0.0,0.0,174,1,1
0.0,0.0,108,1,-1
0.0,0.0,177,1,1
0.0,0.0,108,1,-1
0.0,0.0,172,1,1
0.0,0.0,108,1,-1
0.0,0.0,172,1,1
0.0,0.0,108,1,-1
0.0,0.0,177,1,1
0.0,0.0,108,1,-1
0.0,0.0,177,1,1
0.0,0.0,108,1,-1
0.0,0.0,177,1,1
0.0,0.0,108,1,-1
0.0,0.0,177,1,1
0.0,0.0,108,1,-1
0.0,0.0,108,1,-1
0.0,0.0,172,1,1
0.0,0.0,108,1,-1
0.0,0.0,177,1,1
0.0,0.0,108,1,-1
0.0,0.0,177,1,1
0.0,0.0,108,1,-1
0.0,0.0,108,1,-1
0.0,0.0,174,1,1
0.0,0.0,108,1,-1
0.0,0.0,172,1,1
0.0,0.0,108,1,-1
0.0,0.0,177,1,1
0.0,0.0,108,1,-1
0.0,0.0,174,1,1
0.0,0.0,108,1,-1
0.0,0.0,174,1,1
0.0,0.0,108,1,-1
0.0,0.0,177,1,1
0.0,0.0,108,1,-1
0.0,0.0,174,1,1
0.0,0.0,108,1,-1
0.0,0.0,108,1,-1
0.0,0.0,177,1,1
0.0,0.0,177,1,1
0.0,0.0,108,1,-1
0.0,0.0,108,1,-1
0.0,0.0,172,1,1
0.0,0.0,172,1,1
0.0,0.0,108,1,-1
0.0,0.0,172,1,1
0.0,0.0,108,1,-1
0.0,0.0,172,1,1
0.0,0.0,108,1,-1
0.0,0.0,108,1,-1
0.0,0.0,174,1,1
0.0,0.0,177,1,1
0.0,0.0,108,1,-1
0.0,0.0,174,1,1
0.0,0.0,108,1,-1
0.0,0.0,108,1,-1
0.0,0.0,172,1,1
0.0,0.0,172,1,1
0.0,0.0,108,1,-1
0.0,0.0,271,1,1
0.0,0.0,128,1,-1
0.0,0.0,222,1,-1
0.0,0.0,193,1,1
0.0,0.0,108,1,-1
0.0,0.0,108,1,-1
0.0,0.0,108,1,-1
0.0,0.0,421,1,1
0.0,0.0,108,1,-1
-4.91e-07,4.91e-07,351,2,1
0.0,0.0,108,1,-1
0.0,0.0,177,1,1
0.0,0.0,108,1,-1
0.0,0.0,108,1,-1
0.0,0.0,172,1,1
0.0,0.0,172,1,1
0.0,0.0,108,1,-1
0.0,0.0,172,1,1
0.0,0.0,108,1,-1
0.0,0.0,177,1,1
0.0,0.0,108,1,-1
0.0,0.0,172,1,1
0.0,0.0,108,1,-1
0.0,0.0,108,1,-1
0.0,0.0,177,1,1
0.0,0.0,174,1,1
0.0,0.0,108,1,-1
0.0,0.0,177,1,1
0.0,0.0,108,1,-1
0.0,0.0,177,1,1
0.0,0.0,108,1,-1
0.0,0.0,108,1,-1
0.0,0.0,172,1,1
0.0,0.0,172,1,1
0.0,0.0,108,1,-1
0.0,0.0,172,1,1
0.0,0.0,108,1,-1
0.0,0.0,177,1,1
0.0,0.0,108,1,-1
0.0,0.0,108,1,-1
0.0,0.0,174,1,1
0.0,0.0,177,1,1
0.0,0.0,108,1,-1
0.0,0.0,177,1,1
0.0,0.0,108,1,-1
0.0,0.0,108,1,-1
0.0,0.0,177,1,1
0.0,0.0,108,1,-1
0.0,0.0,174,1,1
0.0,0.0,172,1,1
0.0,0.0,108,1,-1
0.0,0.0,177,1,1
0.0,0.0,108,1,-1
0.0,0.0,172,1,1
0.0,0.0,108,1,-1
0.0,0.0,108,1,-1
0.0,0.0,177,1,1
0.0,0.0,174,1,1
0.0,0.0,108,1,-1
0.0,0.0,174,1,1
0.0,0.0,108,1,-1
0.0,0.0,108,1,-1
0.0,0.0,172,1,1
0.0,0.0,108,1,-1
0.0,0.0,174,1,1
0.0,0.0,177,1,1
0.0,0.0,108,1,-1
0.0,0.0,174,1,1
0.0,0.0,108,1,-1
0.0,0.0,174,1,1
0.0,0.0,108,1,-1
0.0,0.0,108,1,-1
0.0,0.0,177,1,1
0.0,0.0,174,1,1
0.0,0.0,108,1,-1
0.0,0.0,174,1,1
0.0,0.0,108,1,-1
0.0,0.0,172,1,1
0.0,0.0,108,1,-1
0.0,0.0,174,1,1
0.0,0.0,108,1,-1
0.0,0.0,172,1,1
0.0,0.0,108,1,-1
0.0,0.0,174,1,1
0.0,0.0,108,1,-1
0.0,0.0,172,1,1
0.0,0.0,108,1,-1
0.0,0.0,177,1,1
0.0,0.0,108,1,-1
0.0,0.0,177,1,1
0.0,0.0,108,1,-1
0.0,0.0,172,1,1
0.0,0.0,108,1,-1
0.0,0.0,172,1,1
0.0,0.0,108,1,-1
0.0,0.0,172,1,1
0.0,0.0,108,1,-1
0.0,0.0,174,1,1
0.0,0.0,108,1,-1
0.0,0.0,174,1,1
0.0,0.0,108,1,-1
0.0,0.0,172,1,1
0.0,0.0,108,1,-1
0.0,0.0,177,1,1
0.0,0.0,108,1,-1
0.0,0.0,174,1,1
0.0,0.0,108,1,-1
0.0,0.0,172,1,1
0.0,0.0,108,1,-1
0.0,0.0,108,1,-1
0.0,0.0,174,1,1
0.0,0.0,172,1,1
0.0,0.0,108,1,-1
0.0,0.0,108,1,-1
0.0,0.0,177,1,1
0.0,0.0,172,1,1
0.0,0.0,108,1,-1
0.0,0.0,108,1,-1
0.0,0.0,172,1,1
0.0,0.0,172,1,1
0.0,0.0,108,1,-1
0.0,0.0,174,1,1
0.0,0.0,108,1,-1
0.0,0.0,177,1,1
0.0,0.0,108,1,-1
0.0,0.0,174,1,1
0.0,0.0,108,1,-1
0.0,0.0,177,1,1
0.0,0.0,108,1,-1
0.0,0.0,108,1,-1
0.0,0.0,177,1,1
0.0,0.0,172,1,1
0.0,0.0,108,1,-1
0.0,0.0,177,1,1
0.0,0.0,108,1,-1
0.0,0.0,174,1,1
0.0,0.0,108,1,-1
0.0,0.0,174,1,1
0.0,0.0,108,1,-1
0.0,0.0,174,1,1
0.0,0.0,108,1,-1
0.0,0.0,172,1,1
0.0,0.0,108,1,-1
0.0,0.0,172,1,1
0.0,0.0,108,1,-1
0.0,0.0,174,1,1
0.0,0.0,108,1,-1
0.0,0.0,172,1,1
0.0,0.0,108,1,-1
0.0,0.0,174,1,1
0.0,0.0,108,1,-1
0.0,0.0,172,1,1
0.0,0.0,108,1,-1
0.0,0.0,108,1,-1
0.0,0.0,172,1,1
0.0,0.0,177,1,1
0.0,0.0,108,1,-1
0.0,0.0,108,1,-1
0.0,0.0,172,1,1
0.0,0.0,177,1,1
0.0,0.0,108,1,-1
0.0,0.0,108,1,-1
0.0,0.0,174,1,1
0.0,0.0,172,1,1
0.0,0.0,108,1,-1
0.0,0.0,174,1,1
0.0,0.0,108,1,-1
0.0,0.0,177,1,1
0.0,0.0,108,1,-1
0.0,0.0,174,1,1
0.0,0.0,108,1,-1
0.0,0.0,177,1,1
0.0,0.0,108,1,-1
0.0,0.0,172,1,1
0.0,0.0,108,1,-1
0.0,0.0,174,1,1
0.0,0.0,108,1,-1
0.0,0.0,174,1,1
0.0,0.0,108,1,-1
0.0,0.0,177,1,1
0.0,0.0,108,1,-1
0.0,0.0,172,1,1
0.0,0.0,108,1,-1
0.0,0.0,174,1,1
0.0,0.0,108,1,-1
0.0,0.0,172,1,1
0.0,0.0,108,1,-1
0.0,0.0,108,1,-1
0.0,0.0,174,1,1
0.0,0.0,108,1,-1
0.0,0.0,174,1,1
0.0,0.0,108,1,-1
0.0,0.0,174,1,1
0.0,0.0,108,1,-1
0.0,0.0,174,1,1
0.0,0.0,108,1,-1
0.0,0.0,177,1,1
0.0,0.0,108,1,-1
0.0,0.0,174,1,1
0.0,0.0,108,1,-1
0.0,0.0,108,1,-1
0.0,0.0,177,1,1
0.0,0.0,172,1,1
0.0,0.0,108,1,-1
0.0,0.0,177,1,1
0.0,0.0,108,1,-1
0.0,0.0,177,1,1
0.0,0.0,108,1,-1
0.0,0.0,174,1,1
0.0,0.0,108,1,-1
0.0,0.0,108,1,-1
0.0,0.0,177,1,1
0.0,0.0,174,1,1
0.0,0.0,108,1,-1
0.0,0.0,172,1,1
0.0,0.0,108,1,-1
0.0,0.0,174,1,1
0.0,0.0,108,1,-1
0.0,0.0,172,1,1
0.0,0.0,108,1,-1
0.0,0.0,177,1,1
0.0,0.0,108,1,-1
0.0,0.0,174,1,1
0.0,0.0,108,1,-1
0.0,0.0,108,1,-1
0.0,0.0,174,1,1
0.0,0.0,177,1,1
0.0,0.0,108,1,-1
0.0,0.0,174,1,1
0.0,0.0,108,1,-1
0.0,0.0,172,1,1
0.0,0.0,108,1,-1
0.0,0.0,174,1,1
0.0,0.0,108,1,-1
0.0,0.0,108,1,-1
0.0,0.0,177,1,1
0.0,0.0,174,1,1
0.0,0.0,108,1,-1
0.0,0.0,174,1,1
0.0,0.0,108,1,-1
0.0,0.0,172,1,1
0.0,0.0,108,1,-1
0.0,0.0,108,1,-1
0.0,0.0,177,1,1
0.0,0.0,174,1,1
0.0,0.0,108,1,-1
0.0,0.0,174,1,1
0.0,0.0,108,1,-1
0.0,0.0,174,1,1
0.0,0.0,108,1,-1
0.0,0.0,108,1,-1
0.0,0.0,172,1,1
0.0,0.0,174,1,1
0.0,0.0,108,1,-1
0.0,0.0,172,1,1
0.0,0.0,108,1,-1
0.0,0.0,174,1,1
0.0,0.0,108,1,-1
0.0,0.0,108,1,-1
0.0,0.0,174,1,1
0.0,0.0,177,1,1
0.0,0.0,108,1,-1
0.0,0.0,177,1,1
0.0,0.0,108,1,-1
0.0,0.0,177,1,1
0.0,0.0,108,1,-1
0.0,0.0,108,1,-1
0.0,0.0,172,1,1
0.0,0.0,172,1,1
0.0,0.0,108,1,-1
0.0,0.0,177,1,1
0.0,0.0,108,1,-1
0.0,0.0,174,1,1
0.0,0.0,108,1,-1
0.0,0.0,108,1,-1
0.0,0.0,174,1,1
0.0,0.0,177,1,1
0.0,0.0,108,1,-1
0.0,0.0,108,1,-1
0.0,0.0,172,1,1
0.0,0.0,174,1,1
0.0,0.0,108,1,-1
0.0,0.0,108,1,-1
0.0,0.0,172,1,1
0.0,0.0,172,1,1
0.0,0.0,108,1,-1
0.0,0.0,108,1,-1
0.0,0.0,172,1,1
0.0,0.0,172,1,1
0.0,0.0,108,1,-1
0.0,0.0,108,1,-1
0.0,0.0,174,1,1
0.0,0.0,177,1,1
0.0,0.0,108,1,-1
0.0,0.0,177,1,1
0.0,0.0,108,1,-1
0.0,0.0,177,1,1
0.0,0.0,108,1,-1
0.0,0.0,108,1,-1
0.0,0.0,174,1,1
0.0,0.0,174,1,1
0.0,0.0,108,1,-1
0.0,0.0,174,1,1
0.0,0.0,108,1,-1
0.0,0.0,172,1,1
0.0,0.0,108,1,-1
0.0,0.0,108,1,-1
0.0,0.0,172,1,1
0.0,0.0,172,1,1
0.0,0.0,108,1,-1
0.0,0.0,174,1,1
0.0,0.0,108,1,-1
0.0,0.0,172,1,1
0.0,0.0,108,1,-1
0.0,0.0,108,1,-1
0.0,0.0,172,1,1
0.0,0.0,172,1,1
0.0,0.0,108,1,-1
0.0,0.0,172,1,1
0.0,0.0,108,1,-1
0.0,0.0,174,1,1
0.0,0.0,108,1,-1
0.0,0.0,108,1,-1
0.0,0.0,174,1,1
0.0,0.0,174,1,1
0.0,0.0,108,1,-1
0.0,0.0,172,1,1
0.0,0.0,108,1,-1
0.0,0.0,174,1,1
0.0,0.0,108,1,-1
0.0,0.0,174,1,1
0.0,0.0,108,1,-1
0.0,0.0,172,1,1
0.0,0.0,108,1,-1
0.0,0.0,172,1,1
0.0,0.0,108,1,-1
0.0,0.0,174,1,1
0.0,0.0,108,1,-1
0.0,0.0,172,1,1
0.0,0.0,108,1,-1
0.0,0.0,174,1,1
0.0,0.0,108,1,-1
0.0,0.0,172,1,1
0.0,0.0,108,1,-1
0.0,0.0,108,1,-1
0.0,0.0,172,1,1
0.0,0.0,108,1,-1
0.0,0.0,108,1,-1
0.0,0.0,174,1,1
0.0,0.0,108,1,-1
0.0,0.0,177,1,1
0.0,0.0,108,1,-1
0.0,0.0,177,1,1
0.0,0.0,108,1,-1
0.0,0.0,172,1,1
0.0,0.0,108,1,-1
0.0,0.0,177,1,1
0.0,0.0,108,1,-1
0.0,0.0,172,1,1
0.0,0.0,108,1,-1
0.0,0.0,177,1,1
0.0,0.0,108,1,-1
0.0,0.0,174,1,1
0.0,0.0,108,1,-1
0.0,0.0,172,1,1
0.0,0.0,108,1,-1
0.0,0.0,108,1,-1
0.0,0.0,174,1,1
0.0,0.0,174,1,1
0.0,0.0,108,1,-1
0.0,0.0,177,1,1
0.0,0.0,108,1,-1
0.0,0.0,174,1,1
0.0,0.0,108,1,-1
0.0,0.0,177,1,1
0.0,0.0,108,1,-1
0.0,0.0,172,1,1
0.0,0.0,108,1,-1
0.0,0.0,174,1,1
0.0,0.0,108,1,-1
0.0,0.0,177,1,1
0.0,0.0,108,1,-1
0.0,0.0,177,1,1
0.0,0.0,108,1,-1
0.0,0.0,172,1,1
0.0,0.0,108,1,-1
0.0,0.0,177,1,1
0.0,0.0,108,1,-1
0.0,0.0,177,1,1
0.0,0.0,108,1,-1
0.0,0.0,172,1,1
0.0,0.0,108,1,-1
0.0,0.0,177,1,1
0.0,0.0,108,1,-1
0.0,0.0,174,1,1
0.0,0.0,108,1,-1
0.0,0.0,177,1,1
0.0,0.0,108,1,-1
0.0,0.0,174,1,1
0.0,0.0,108,1,-1
0.0,0.0,174,1,1
0.0,0.0,108,1,-1
0.0,0.0,172,1,1
0.0,0.0,108,1,-1
0.0,0.0,174,1,1
0.0,0.0,108,1,-1
0.0,0.0,177,1,1
0.0,0.0,108,1,-1
0.0,0.0,174,1,1
0.0,0.0,108,1,-1
0.0,0.0,108,1,-1
0.0,0.0,177,1,1
0.0,0.0,172,1,1
0.0,0.0,108,1,-1
0.0,0.0,177,1,1
0.0,0.0,108,1,-1
0.0,0.0,172,1,1
0.0,0.0,108,1,-1
0.0,0.0,108,1,-1
0.0,0.0,172,1,1
0.0,0.0,174,1,1
0.0,0.0,108,1,-1
0.0,0.0,108,1,-1
0.0,0.0,177,1,1
0.0,0.0,174,1,1
0.0,0.0,108,1,-1
0.0,0.0,108,1,-1
0.0,0.0,172,1,1
0.0,0.0,177,1,1
0.0,0.0,108,1,-1
0.0,0.0,174,1,1
0.0,0.0,108,1,-1
0.0,0.0,177,1,1
0.0,0.0,108,1,-1
0.0,0.0,108,1,-1
0.0,0.0,174,1,1
0.0,0.0,174,1,1
0.0,0.0,108,1,-1
0.0,0.0,174,1,1
0.0,0.0,108,1,-1
0.0,0.0,172,1,1
0.0,0.0,108,1,-1
0.0,0.0,177,1,1
0.0,0.0,108,1,-1
0.0,0.0,177,1,1
0.0,0.0,108,1,-1
0.0,0.0,174,1,1
0.0,0.0,108,1,-1
0.0,0.0,108,1,-1
0.0,0.0,177,1,1
0.0,0.0,177,1,1
0.0,0.0,108,1,-1
0.0,0.0,177,1,1
0.0,0.0,108,1,-1
0.0,0.0,174,1,1
0.0,0.0,108,1,-1
0.0,0.0,174,1,1
0.0,0.0,108,1,-1
0.0,0.0,172,1,1
0.0,0.0,108,1,-1
0.0,0.0,172,1,1
0.0,0.0,108,1,-1
0.0,0.0,174,1,1
0.0,0.0,108,1,-1
0.0,0.0,177,1,1
0.0,0.0,108,1,-1
0.0,0.0,108,1,-1
0.0,0.0,172,1,1
0.0,0.0,172,1,1
0.0,0.0,108,1,-1
0.0,0.0,174,1,1
0.0,0.0,108,1,-1
0.0,0.0,172,1,1
0.0,0.0,108,1,-1
0.0,0.0,172,1,1
0.0,0.0,108,1,-1
0.0,0.0,172,1,1
0.0,0.0,108,1,-1
0.0,0.0,172,1,1
0.0,0.0,108,1,-1
0.0,0.0,229,1,1
0.0,0.0,108,1,-1
0.0,0.0,172,1,1
0.0,0.0,108,1,-1
0.0,0.0,177,1,1
0.0,0.0,108,1,-1
0.0,0.0,172,1,1
0.0,0.0,108,1,-1
0.0,0.0,108,1,-1
0.0,0.0,177,1,1
0.0,0.0,174,1,1
0.0,0.0,108,1,-1
0.0,0.0,177,1,1
0.0,0.0,108,1,-1
0.0,0.0,172,1,1
0.0,0.0,108,1,-1
0.0,0.0,174,1,1
0.0,0.0,108,1,-1
0.0,0.0,174,1,1
0.0,0.0,108,1,-1
0.0,0.0,174,1,1
0.0,0.0,108,1,-1
0.0,0.0,177,1,1
0.0,0.0,108,1,-1
0.0,0.0,177,1,1
0.0,0.0,108,1,-1
0.0,0.0,177,1,1
0.0,0.0,108,1,-1
0.0,0.0,172,1,1
0.0,0.0,108,1,-1
0.0,0.0,174,1,1
0.0,0.0,108,1,-1
0.0,0.0,177,1,1
0.0,0.0,108,1,-1
0.0,0.0,177,1,1
0.0,0.0,108,1,-1
0.0,0.0,174,1,1
0.0,0.0,108,1,-1
0.0,0.0,172,1,1
0.0,0.0,108,1,-1
0.0,0.0,172,1,1
0.0,0.0,108,1,-1
0.0,0.0,172,1,1
0.0,0.0,108,1,-1
0.0,0.0,172,1,1
0.0,0.0,108,1,-1
0.0,0.0,172,1,1
0.0,0.0,108,1,-1
0.0,0.0,172,1,1
0.0,0.0,108,1,-1
0.0,0.0,172,1,1
0.0,0.0,108,1,-1
0.0,0.0,172,1,1
0.0,0.0,108,1,-1
0.0,0.0,177,1,1
0.0,0.0,108,1,-1
0.0,0.0,174,1,1
0.0,0.0,108,1,-1
0.0,0.0,174,1,1
0.0,0.0,108,1,-1
0.0,0.0,172,1,1
0.0,0.0,108,1,-1
0.0,0.0,174,1,1
0.0,0.0,108,1,-1
0.0,0.0,177,1,1
0.0,0.0,108,1,-1
0.0,0.0,177,1,1
0.0,0.0,108,1,-1
0.0,0.0,177,1,1
0.0,0.0,108,1,-1
0.0,0.0,174,1,1
0.0,0.0,108,1,-1
0.0,0.0,177,1,1
0.0,0.0,108,1,-1
0.0,0.0,172,1,1
0.0,0.0,108,1,-1
0.0,0.0,174,1,1
0.0,0.0,108,1,-1
0.0,0.0,177,1,1
0.0,0.0,108,1,-1
0.0,0.0,177,1,1
0.0,0.0,108,1,-1
0.0,0.0,177,1,1
0.0,0.0,108,1,-1
0.0,0.0,177,1,1
0.0,0.0,108,1,-1
0.0,0.0,174,1,1
0.0,0.0,108,1,-1
0.0,0.0,172,1,1
0.0,0.0,108,1,-1
0.0,0.0,177,1,1
0.0,0.0,108,1,-1
0.0,0.0,174,1,1
0.0,0.0,108,1,-1
0.0,0.0,174,1,1
0.0,0.0,108,1,-1
0.0,0.0,108,1,-1
0.0,0.0,177,1,1
0.0,0.0,108,1,-1
0.0,0.0,174,1,1
0.0,0.0,172,1,1
0.0,0.0,108,1,-1
0.0,0.0,108,1,-1
0.0,0.0,174,1,1
0.0,0.0,177,1,1
0.0,0.0,108,1,-1
0.0,0.0,177,1,1
0.0,0.0,108,1,-1
0.0,0.0,108,1,-1
0.0,0.0,172,1,1
0.0,0.0,251,1,1
0.0,0.0,108,1,-1
0.0,0.0,172,1,1
0.0,0.0,108,1,-1
0.0,0.0,172,1,1
0.0,0.0,108,1,-1
0.0,0.0,174,1,1
0.0,0.0,108,1,-1
0.0,0.0,172,1,1
0.0,0.0,108,1,-1
0.0,0.0,172,1,1
0.0,0.0,108,1,-1
0.0,0.0,172,1,1
0.0,0.0,108,1,-1
0.0,0.0,174,1,1
0.0,0.0,108,1,-1
0.0,0.0,174,1,1
0.0,0.0,108,1,-1
0.0,0.0,172,1,1
0.0,0.0,108,1,-1
0.0,0.0,174,1,1
0.0,0.0,108,1,-1
0.0,0.0,251,1,1
0.0,0.0,108,1,-1
0.0,0.0,172,1,1
0.0,0.0,108,1,-1
0.0,0.0,174,1,1
0.0,0.0,108,1,-1
0.0,0.0,177,1,1
0.0,0.0,108,1,-1
0.0,0.0,177,1,1
0.0,0.0,108,1,-1
0.0,0.0,172,1,1
0.0,0.0,108,1,-1
0.0,0.0,174,1,1
0.0,0.0,108,1,-1
0.0,0.0,251,1,1
Clump Interarrival,Clump Duration,Clump Size,Clump Packets,Clump Direction
0.0,0.0,222,1,-1
0.0,0.0,430,1,1
0.0,0.0,173,1,-1
0.0,0.0,302,1,1
0.0,0.0,153,1,-1
0.0,0.0,240,1,1
0.0,0.0,108,1,-1
0.0,0.0,174,1,1
0.0,0.0,108,1,-1
0.0,0.0,174,1,1
0.0,0.0,108,1,-1
0.0,0.0,174,1,1
0.0,0.0,108,1,-1
0.0,0.0,174,1,1
0.0,0.0,108,1,-1
0.0,0.0,172,1,1
0.0,0.0,108,1,-1
0.0,0.0,177,1,1
0.0,0.0,108,1,-1
0.0,0.0,174,1,1
0.0,0.0,108,1,-1
0.0,0.0,172,1,1
0.0,0.0,108,1,-1
0.0,0.0,174,1,1
0.0,0.0,108,1,-1
0.0,0.0,174,1,1
0.0,0.0,108,1,-1
0.0,0.0,174,1,1
0.0,0.0,108,1,-1
0.0,0.0,177,1,1
0.0,0.0,108,1,-1
0.0,0.0,177,1,1
0.0,0.0,108,1,-1
0.0,0.0,172,1,1
0.0,0.0,108,1,-1
0.0,0.0,174,1,1
0.0,0.0,108,1,-1
0.0,0.0,174,1,1
0.0,0.0,108,1,-1
0.0,0.0,174,1,1
0.0,0.0,108,1,-1
0.0,0.0,362,1,1
0.0,0.0,108,1,-1
0.0,0.0,363,1,1
0.0,0.0,108,1,-1
0.0,0.0,362,1,1
0.0,0.0,108,1,-1
0.0,0.0,228,1,1
0.0,0.0,283,1,-1
0.0,0.0,370,1,1
0.0,0.0,283,1,-1
0.0,0.0,370,1,1
0.0,0.0,283,1,-1
0.0,0.0,370,1,1
0.0,0.0,122,1,-1
0.0,0.0,191,1,1
0.0,0.0,108,1,-1
0.0,0.0,172,1,1
0.0,0.0,108,1,-1
0.0,0.0,177,1,1
0.0,0.0,108,1,-1
0.0,0.0,177,1,1
0.0,0.0,108,1,-1
0.0,0.0,174,1,1
0.0,0.0,108,1,-1
0.0,0.0,177,1,1
0.0,0.0,108,1,-1
0.0,0.0,172,1,1
0.0,0.0,108,1,-1
0.0,0.0,177,1,1
0.0,0.0,108,1,-1
0.0,0.0,172,1,1
0.0,0.0,108,1,-1
0.0,0.0,174,1,1
0.0,0.0,108,1,-1
0.0,0.0,174,1,1
0.0,0.0,108,1,-1
0.0,0.0,174,1,1
0.0,0.0,108,1,-1
0.0,0.0,174,1,1
0.0,0.0,108,1,-1
0.0,0.0,174,1,1
0.0,0.0,108,1,-1
0.0,0.0,174,1,1
0.0,0.0,108,1,-1
0.0,0.0,172,1,1
0.0,0.0,108,1,-1
0.0,0.0,172,1,1
0.0,0.0,108,1,-1
0.0,0.0,177,1,1
0.0,0.0,108,1,-1
0.0,0.0,172,1,1
0.0,0.0,108,1,-1
0.0,0.0,177,1,1
0.0,0.0,108,1,-1
0.0,0.0,177,1,1
0.0,0.0,108,1,-1
0.0,0.0,172,1,1
0.0,0.0,108,1,-1
0.0,0.0,174,1,1
0.0,0.0,108,1,-1
0.0,0.0,172,1,1
0.0,0.0,108,1,-1
0.0,0.0,174,1,1
0.0,0.0,108,1,-1
0.0,0.0,177,1,1
0.0,0.0,108,1,-1
0.0,0.0,174,1,1
0.0,0.0,108,1,-1
0.0,0.0,174,1,1
0.0,0.0,108,1,-1
0.0,0.0,174,1,1
0.0,0.0,108,1,-1
0.0,0.0,172,1,1
0.0,0.0,108,1,-1
0.0,0.0,174,1,1
0.0,0.0,108,1,-1
0.0,0.0,235,1,1
0.0,0.0,222,1,-1
0.0,0.0,128,1,-1
-0.000526736,0.000526736,593,2,1
0.0,0.0,108,1,-1
0.0,0.0,174,1,1
0.0,0.0,173,1,-1
0.0,0.0,323,1,1
0.0,0.0,108,1,-1
0.0,0.0,177,1,1
0.0,0.0,149,1,-1
0.0,0.0,235,1,1
0.0,0.0,108,1,-1
0.0,0.0,174,1,1
0.0,0.0,108,1,-1
0.0,0.0,177,1,1
0.0,0.0,108,1,-1
0.0,0.0,174,1,1
0.0,0.0,108,1,-1
0.0,0.0,172,1,1
0.0,0.0,108,1,-1
0.0,0.0,174,1,1
0.0,0.0,108,1,-1
0.0,0.0,172,1,1
0.0,0.0,108,1,-1
0.0,0.0,172,1,1
0.0,0.0,108,1,-1
0.0,0.0,172,1,1
0.0,0.0,108,1,-1
0.0,0.0,174,1,1
0.0,0.0,108,1,-1
0.0,0.0,174,1,1
0.0,0.0,108,1,-1
0.0,0.0,174,1,1
0.0,0.0,108,1,-1
0.0,0.0,172,1,1
0.0,0.0,108,1,-1
0.0,0.0,177,1,1
0.0,0.0,108,1,-1
0.0,0.0,209,1,1
0.0,0.0,222,1,-1
0.0,0.0,128,1,-1
0.0,0.0,423,1,1
0.0,0.0,108,1,-1
0.0,0.0,108,1,-1
0.0,0.0,172,1,1
0.0,0.0,177,1,1
0.0,0.0,173,1,-1
0.0,0.0,302,1,1
0.0,0.0,108,1,-1
0.0,0.0,108,1,-1
0.0,0.0,172,1,1
0.0,0.0,172,1,1
0.0,0.0,147,1,-1
0.0,0.0,232,1,1
0.0,0.0,155,1,-1
0.0,0.0,242,1,1
0.0,0.0,128,1,-1
0.0,0.0,275,1,1
0.0,0.0,108,1,-1
0.0,0.0,108,1,-1
0.0,0.0,177,1,1
0.0,0.0,172,1,1
0.0,0.0,108,1,-1
0.0,0.0,108,1,-1
0.0,0.0,172,1,1
0.0,0.0,177,1,1
0.0,0.0,108,1,-1
0.0,0.0,108,1,-1
0.0,0.0,172,1,1
0.0,0.0,174,1,1
0.0,0.0,108,1,-1
0.0,0.0,108,1,-1
0.0,0.0,172,1,1
0.0,0.0,172,1,1
0.0,0.0,108,1,-1
0.0,0.0,108,1,-1
0.0,0.0,172,1,1
0.0,0.0,174,1,1
0.0,0.0,108,1,-1
0.0,0.0,108,1,-1
0.0,0.0,177,1,1
0.0,0.0,108,1,-1
0.0,0.0,108,1,-1
0.0,0.0,172,1,1
0.0,0.0,177,1,1
0.0,0.0,108,1,-1
0.0,0.0,108,1,-1
0.0,0.0,172,1,1
0.0,0.0,174,1,1
0.0,0.0,108,1,-1
0.0,0.0,108,1,-1
0.0,0.0,172,1,1
0.0,0.0,172,1,1
0.0,0.0,108,1,-1
0.0,0.0,108,1,-1
-0.000731208,0.000731208,349,2,1
0.0,0.0,108,1,-1
0.0,0.0,108,1,-1
0.0,0.0,172,1,1
0.0,0.0,174,1,1
0.0,0.0,108,1,-1
0.0,0.0,108,1,-1
0.0,0.0,174,1,1
0.0,0.0,172,1,1
0.0,0.0,108,1,-1
0.0,0.0,108,1,-1
0.0,0.0,177,1,1
0.0,0.0,174,1,1
0.0,0.0,108,1,-1
0.0,0.0,108,1,-1
0.0,0.0,174,1,1
0.0,0.0,174,1,1
0.0,0.0,108,1,-1
0.0,0.0,108,1,-1
0.0,0.0,174,1,1
0.0,0.0,108,1,-1
0.0,0.0,108,1,-1
0.0,0.0,172,1,1
0.0,0.0,174,1,1
0.0,0.0,108,1,-1
0.0,0.0,108,1,-1
0.0,0.0,177,1,1
0.0,0.0,177,1,1
0.0,0.0,108,1,-1
0.0,0.0,108,1,-1
0.0,0.0,172,1,1
0.0,0.0,177,1,1
0.0,0.0,108,1,-1
0.0,0.0,108,1,-1
0.0,0.0,172,1,1
0.0,0.0,174,1,1
0.0,0.0,108,1,-1
0.0,0.0,108,1,-1
0.0,0.0,174,1,1
0.0,0.0,174,1,1
0.0,0.0,108,1,-1
0.0,0.0,108,1,-1
0.0,0.0,174,1,1
0.0,0.0,174,1,1
0.0,0.0,108,1,-1
0.0,0.0,108,1,-1
0.0,0.0,174,1,1
0.0,0.0,177,1,1
0.0,0.0,108,1,-1
0.0,0.0,108,1,-1
0.0,0.0,172,1,1
0.0,0.0,172,1,1
0.0,0.0,108,1,-1
0.0,0.0,108,1,-1
0.0,0.0,217,1,1
0.0,0.0,128,1,-1
0.0,0.0,222,1,-1
0.0,0.0,193,1,1
0.0,0.0,108,1,-1
0.0,0.0,423,1,1
0.0,0.0,177,1,1
0.0,0.0,108,1,-1
0.0,0.0,172,1,1
0.0,0.0,173,1,-1
0.0,0.0,108,1,-1
0.0,0.0,302,1,1
0.0,0.0,177,1,1
0.0,0.0,108,1,-1
0.0,0.0,151,1,-1
0.0,0.0,177,1,1
0.0,0.0,215,1,1
0.0,0.0,108,1,-1
0.0,0.0,108,1,-1
0.0,0.0,174,1,1
0.0,0.0,174,1,1
0.0,0.0,108,1,-1
0.0,0.0,172,1,1
0.0,0.0,108,1,-1
0.0,0.0,108,1,-1
0.0,0.0,177,1,1
0.0,0.0,174,1,1
0.0,0.0,108,1,-1
0.0,0.0,174,1,1
0.0,0.0,108,1,-1
0.0,0.0,108,1,-1
0.0,0.0,172,1,1
0.0,0.0,108,1,-1
0.0,0.0,174,1,1
0.0,0.0,108,1,-1
0.0,0.0,108,1,-1
0.0,0.0,174,1,1
0.0,0.0,174,1,1
0.0,0.0,108,1,-1
0.0,0.0,177,1,1
0.0,0.0,108,1,-1
0.0,0.0,108,1,-1
0.0,0.0,177,1,1
0.0,0.0,174,1,1
0.0,0.0,108,1,-1
0.0,0.0,172,1,1
0.0,0.0,108,1,-1
0.0,0.0,108,1,-1
0.0,0.0,177,1,1
0.0,0.0,177,1,1
0.0,0.0,108,1,-1
0.0,0.0,174,1,1
0.0,0.0,108,1,-1
0.0,0.0,177,1,1
0.0,0.0,108,1,-1
0.0,0.0,174,1,1
0.0,0.0,108,1,-1
0.0,0.0,172,1,1
0.0,0.0,108,1,-1
0.0,0.0,108,1,-1
0.0,0.0,177,1,1
0.0,0.0,177,1,1
0.0,0.0,108,1,-1
0.0,0.0,172,1,1
0.0,0.0,108,1,-1
0.0,0.0,108,1,-1
0.0,0.0,177,1,1
0.0,0.0,177,1,1
0.0,0.0,108,1,-1
0.0,0.0,174,1,1
0.0,0.0,108,1,-1
0.0,0.0,177,1,1
0.0,0.0,108,1,-1
0.0,0.0,177,1,1
0.0,0.0,108,1,-1
0.0,0.0,251,1,1
0.0,0.0,108,1,-1
0.0,0.0,174,1,1
0.0,0.0,108,1,-1
0.0,0.0,174,1,1
0.0,0.0,108,1,-1
0.0,0.0,108,1,-1
0.0,0.0,172,1,1
0.0,0.0,172,1,1
0.0,0.0,108,1,-1
0.0,0.0,108,1,-1
-6.21e-07,6.21e-07,349,2,1
0.0,0.0,108,1,-1
0.0,0.0,108,1,-1
0.0,0.0,174,1,1
0.0,0.0,229,1,1
0.0,0.0,108,1,-1
0.0,0.0,172,1,1
0.0,0.0,108,1,-1
0.0,0.0,172,1,1
0.0,0.0,108,1,-1
0.0,0.0,249,1,1
Clump Interarrival,Clump Duration,Clump Size,Clump Packets,Clump Direction
0.0,0.0,222,1,-1
0.0,0.0,408,1,1
0.0,0.0,173,1,-1
0.0,0.0,323,1,1
0.0,0.0,153,1,-1
0.0,0.0,218,1,1
0.0,0.0,108,1,-1
0.0,0.0,174,1,1
0.0,0.0,108,1,-1
0.0,0.0,172,1,1
0.0,0.0,108,1,-1
0.0,0.0,172,1,1
0.0,0.0,108,1,-1
0.0,0.0,172,1,1
0.0,0.0,108,1,-1
0.0,0.0,177,1,1
0.0,0.0,108,1,-1
0.0,0.0,174,1,1
0.0,0.0,108,1,-1
0.0,0.0,172,1,1
0.0,0.0,108,1,-1
0.0,0.0,172,1,1
0.0,0.0,108,1,-1
0.0,0.0,172,1,1
0.0,0.0,108,1,-1
0.0,0.0,172,1,1
0.0,0.0,108,1,-1
0.0,0.0,174,1,1
0.0,0.0,108,1,-1
0.0,0.0,172,1,1
0.0,0.0,108,1,-1
0.0,0.0,362,1,1
0.0,0.0,108,1,-1
0.0,0.0,377,1,1
0.0,0.0,108,1,-1
0.0,0.0,333,1,1
0.0,0.0,283,1,-1
0.0,0.0,348,1,1
0.0,0.0,283,1,-1
0.0,0.0,370,1,1
0.0,0.0,283,1,-1
0.0,0.0,348,1,1
0.0,0.0,122,1,-1
0.0,0.0,191,1,1
0.0,0.0,108,1,-1
0.0,0.0,177,1,1
0.0,0.0,108,1,-1
0.0,0.0,172,1,1
0.0,0.0,108,1,-1
0.0,0.0,174,1,1
0.0,0.0,108,1,-1
0.0,0.0,177,1,1
0.0,0.0,108,1,-1
0.0,0.0,172,1,1
0.0,0.0,108,1,-1
0.0,0.0,172,1,1
0.0,0.0,108,1,-1
0.0,0.0,172,1,1
0.0,0.0,108,1,-1
0.0,0.0,174,1,1
0.0,0.0,108,1,-1
0.0,0.0,174,1,1
0.0,0.0,108,1,-1
0.0,0.0,177,1,1
0.0,0.0,108,1,-1
0.0,0.0,174,1,1
0.0,0.0,108,1,-1
0.0,0.0,172,1,1
0.0,0.0,108,1,-1
0.0,0.0,177,1,1
0.0,0.0,108,1,-1
0.0,0.0,172,1,1
0.0,0.0,108,1,-1
0.0,0.0,177,1,1
0.0,0.0,108,1,-1
0.0,0.0,174,1,1
0.0,0.0,108,1,-1
0.0,0.0,177,1,1
0.0,0.0,108,1,-1
0.0,0.0,174,1,1
0.0,0.0,108,1,-1
0.0,0.0,172,1,1
0.0,0.0,108,1,-1
0.0,0.0,172,1,1
0.0,0.0,108,1,-1
0.0,0.0,177,1,1
0.0,0.0,108,1,-1
0.0,0.0,242,1,1
0.0,0.0,222,1,-1
0.0,0.0,128,1,-1
0.0,0.0,399,1,1
0.0,0.0,108,1,-1
0.0,0.0,172,1,1
0.0,0.0,173,1,-1
0.0,0.0,302,1,1
0.0,0.0,108,1,-1
0.0,0.0,177,1,1
0.0,0.0,153,1,-1
0.0,0.0,238,1,1
0.0,0.0,283,1,-1
0.0,0.0,368,1,1
0.0,0.0,206,1,-1
0.0,0.0,270,1,1
0.0,0.0,108,1,-1
0.0,0.0,108,1,-1
0.0,0.0,174,1,1
0.0,0.0,172,1,1
-0.00090109,0.00090109,158,2,-1
0.0,0.0,211,1,1
0.0,0.0,83,1,-1
-0.000647872,0.000647872,184,2,-1
0.0,0.0,66,1,-1
0.0,0.0,68,1,-1
0.0,0.0,193,1,1
0.0,0.0,216,1,1
-7.62e-07,7.62e-07,932,2,1
0.0,0.0,197,1,1
0.0,0.0,267,1,1
-0.000857951,0.000857951,140,2,-1
0.0,0.0,70,1,-1
0.0,0.0,90,1,-1
0.0,0.0,90,1,-1
0.0,0.0,108,1,-1
0.0,0.0,108,1,-1
0.0,0.0,198,1,1
0.0,0.0,177,1,1
-0.000713563,0.000713563,198,2,-1
0.0,0.0,172,1,1
0.0,0.0,280,1,1
-0.00055534,0.00055534,142,2,-1
0.0,0.0,82,1,-1
0.0,0.0,207,1,1
0.0,0.0,71,1,-1
0.0,0.0,237,1,1
0.0,0.0,66,1,-1
0.0,0.0,183,1,1
-0.000148315,0.000148315,146,2,-1
0.0,0.0,130,1,1
0.0,0.0,73,1,-1
0.0,0.0,146,1,1
0.0,0.0,69,1,-1
0.0,0.0,223,1,1
-0.000967261,0.000967261,148,2,-1
0.0,0.0,251,1,1
0.0,0.0,137,1,1
0.0,0.0,159,1,1
0.0,0.0,203,1,1
0.0,0.0,141,1,1
0.0,0.0,153,1,1
0.0,0.0,157,1,1
0.0,0.0,187,1,1
0.0,0.0,182,1,1
0.0,0.0,80,1,-1
0.0,0.0,113,1,1
0.0,0.0,108,1,-1
0.0,0.0,85,1,-1
0.0,0.0,108,1,-1
0.0,0.0,177,1,1
0.0,0.0,177,1,1
0.0,0.0,246,1,1
0.0,0.0,72,1,-1
0.0,0.0,238,1,1
0.0,0.0,108,1,-1
0.0,0.0,108,1,-1
0.0,0.0,172,1,1
0.0,0.0,177,1,1
0.0,0.0,108,1,-1
0.0,0.0,108,1,-1
0.0,0.0,174,1,1
0.0,0.0,172,1,1
0.0,0.0,108,1,-1
0.0,0.0,108,1,-1
0.0,0.0,172,1,1
0.0,0.0,172,1,1
0.0,0.0,108,1,-1
0.0,0.0,108,1,-1
0.0,0.0,174,1,1
0.0,0.0,172,1,1
0.0,0.0,108,1,-1
0.0,0.0,108,1,-1
0.0,0.0,172,1,1
0.0,0.0,172,1,1
0.0,0.0,108,1,-1
0.0,0.0,108,1,-1
0.0,0.0,172,1,1
0.0,0.0,172,1,1
0.0,0.0,108,1,-1
0.0,0.0,108,1,-1
0.0,0.0,172,1,1
0.0,0.0,229,1,1
0.0,0.0,222,1,-1
0.0,0.0,128,1,-1
0.0,0.0,399,1,1
0.0,0.0,108,1,-1
0.0,0.0,172,1,1
0.0,0.0,108,1,-1
0.0,0.0,177,1,1
0.0,0.0,173,1,-1
0.0,0.0,323,1,1
0.0,0.0,108,1,-1
0.0,0.0,174,1,1
0.0,0.0,108,1,-1
0.0,0.0,157,1,-1
0.0,0.0,172,1,1
0.0,0.0,222,1,1
0.0,0.0,108,1,-1
0.0,0.0,174,1,1
0.0,0.0,108,1,-1
0.0,0.0,174,1,1
0.0,0.0,108,1,-1
0.0,0.0,174,1,1
0.0,0.0,108,1,-1
0.0,0.0,172,1,1
0.0,0.0,108,1,-1
0.0,0.0,172,1,1
0.0,0.0,108,1,-1
0.0,0.0,174,1,1
0.0,0.0,108,1,-1
0.0,0.0,172,1,1
0.0,0.0,108,1,-1
0.0,0.0,172,1,1
0.0,0.0,108,1,-1
0.0,0.0,172,1,1
0.0,0.0,108,1,-1
0.0,0.0,174,1,1
0.0,0.0,108,1,-1
0.0,0.0,174,1,1
0.0,0.0,108,1,-1
0.0,0.0,172,1,1
0.0,0.0,108,1,-1
0.0,0.0,174,1,1
0.0,0.0,108,1,-1
0.0,0.0,177,1,1
0.0,0.0,108,1,-1
0.0,0.0,177,1,1
0.0,0.0,108,1,-1
0.0,0.0,177,1,1
0.0,0.0,108,1,-1
0.0,0.0,172,1,1
0.0,0.0,108,1,-1
0.0,0.0,174,1,1
0.0,0.0,108,1,-1
0.0,0.0,174,1,1
0.0,0.0,108,1,-1
0.0,0.0,177,1,1
0.0,0.0,108,1,-1
0.0,0.0,172,1,1
0.0,0.0,108,1,-1
0.0,0.0,172,1,1
0.0,0.0,108,1,-1
0.0,0.0,177,1,1
0.0,0.0,108,1,-1
0.0,0.0,174,1,1
0.0,0.0,108,1,-1
0.0,0.0,172,1,1
0.0,0.0,108,1,-1
0.0,0.0,172,1,1
0.0,0.0,108,1,-1
0.0,0.0,172,1,1
0.0,0.0,108,1,-1
0.0,0.0,177,1,1
0.0,0.0,108,1,-1
0.0,0.0,177,1,1
0.0,0.0,108,1,-1
0.0,0.0,174,1,1
0.0,0.0,108,1,-1
0.0,0.0,172,1,1
0.0,0.0,108,1,-1
0.0,0.0,172,1,1
0.0,0.0,108,1,-1
0.0,0.0,174,1,1
0.0,0.0,108,1,-1
0.0,0.0,174,1,1
0.0,0.0,108,1,-1
0.0,0.0,177,1,1
0.0,0.0,108,1,-1
0.0,0.0,174,1,1
0.0,0.0,108,1,-1
0.0,0.0,172,1,1
0.0,0.0,108,1,-1
0.0,0.0,172,1,1
0.0,0.0,108,1,-1
0.0,0.0,172,1,1
0.0,0.0,108,1,-1
0.0,0.0,172,1,1
0.0,0.0,108,1,-1
0.0,0.0,108,1,-1
0.0,0.0,174,1,1
0.0,0.0,177,1,1
0.0,0.0,108,1,-1
0.0,0.0,174,1,1
0.0,0.0,108,1,-1
0.0,0.0,177,1,1
0.0,0.0,108,1,-1
0.0,0.0,177,1,1
0.0,0.0,108,1,-1
0.0,0.0,174,1,1
0.0,0.0,108,1,-1
0.0,0.0,79,1,-1
0.0,0.0,91,1,-1
0.0,0.0,91,1,-1
0.0,0.0,108,1,-1
0.0,0.0,177,1,1
0.0,0.0,228,1,1
0.0,0.0,228,1,1
0.0,0.0,172,1,1
-0.000283986,0.000283986,463,2,1
0.0,0.0,108,1,-1
0.0,0.0,177,1,1
0.0,0.0,108,1,-1
0.0,0.0,108,1,-1
0.0,0.0,172,1,1
0.0,0.0,174,1,1
0.0,0.0,108,1,-1
0.0,0.0,177,1,1
0.0,0.0,108,1,-1
0.0,0.0,108,1,-1
0.0,0.0,172,1,1
0.0,0.0,177,1,1
0.0,0.0,108,1,-1
0.0,0.0,229,1,1
0.0,0.0,108,1,-1
0.0,0.0,108,1,-1
0.0,0.0,174,1,1
0.0,0.0,172,1,1
0.0,0.0,108,1,-1
0.0,0.0,108,1,-1
0.0,0.0,172,1,1
0.0,0.0,177,1,1
0.0,0.0,108,1,-1
0.0,0.0,108,1,-1
0.0,0.0,174,1,1
0.0,0.0,174,1,1
0.0,0.0,108,1,-1
0.0,0.0,108,1,-1
0.0,0.0,174,1,1
0.0,0.0,172,1,1
0.0,0.0,108,1,-1
0.0,0.0,108,1,-1
0.0,0.0,174,1,1
0.0,0.0,174,1,1
0.0,0.0,108,1,-1
0.0,0.0,108,1,-1
0.0,0.0,177,1,1
0.0,0.0,174,1,1
0.0,0.0,108,1,-1
0.0,0.0,108,1,-1
0.0,0.0,174,1,1
0.0,0.0,174,1,1
0.0,0.0,108,1,-1
0.0,0.0,108,1,-1
0.0,0.0,174,1,1
0.0,0.0,172,1,1
0.0,0.0,108,1,-1
0.0,0.0,108,1,-1
0.0,0.0,177,1,1
0.0,0.0,108,1,-1
0.0,0.0,108,1,-1
0.0,0.0,177,1,1
0.0,0.0,177,1,1
0.0,0.0,108,1,-1
0.0,0.0,108,1,-1
0.0,0.0,174,1,1
0.0,0.0,229,1,1
0.0,0.0,108,1,-1
0.0,0.0,172,1,1
0.0,0.0,108,1,-1
0.0,0.0,172,1,1
0.0,0.0,108,1,-1
0.0,0.0,249,1,1
Clump Interarrival,Clump Duration,Clump Size,Clump Packets,Clump Direction
0.0,0.0,222,1,-1
0.0,0.0,432,1,1
0.0,0.0,173,1,-1
0.0,0.0,324,1,1
0.0,0.0,153,1,-1
0.0,0.0,240,1,1
0.0,0.0,108,1,-1
0.0,0.0,172,1,1
0.0,0.0,108,1,-1
0.0,0.0,172,1,1
0.0,0.0,108,1,-1
0.0,0.0,177,1,1
0.0,0.0,108,1,-1
0.0,0.0,172,1,1
0.0,0.0,108,1,-1
0.0,0.0,172,1,1
0.0,0.0,108,1,-1
0.0,0.0,177,1,1
0.0,0.0,108,1,-1
0.0,0.0,174,1,1
0.0,0.0,108,1,-1
0.0,0.0,174,1,1
0.0,0.0,108,1,-1
0.0,0.0,174,1,1
0.0,0.0,108,1,-1
0.0,0.0,174,1,1
0.0,0.0,108,1,-1
0.0,0.0,172,1,1
0.0,0.0,108,1,-1
0.0,0.0,172,1,1
0.0,0.0,108,1,-1
0.0,0.0,177,1,1
0.0,0.0,108,1,-1
0.0,0.0,177,1,1
0.0,0.0,108,1,-1
0.0,0.0,362,1,1
0.0,0.0,108,1,-1
0.0,0.0,362,1,1
0.0,0.0,108,1,-1
0.0,0.0,362,1,1
0.0,0.0,108,1,-1
0.0,0.0,225,1,1
0.0,0.0,283,1,-1
0.0,0.0,368,1,1
0.0,0.0,283,1,-1
0.0,0.0,368,1,1
0.0,0.0,283,1,-1
0.0,0.0,348,1,1
0.0,0.0,122,1,-1
0.0,0.0,187,1,1
0.0,0.0,108,1,-1
0.0,0.0,174,1,1
0.0,0.0,108,1,-1
0.0,0.0,177,1,1
0.0,0.0,108,1,-1
0.0,0.0,172,1,1
0.0,0.0,108,1,-1
0.0,0.0,174,1,1
0.0,0.0,108,1,-1
0.0,0.0,172,1,1
0.0,0.0,108,1,-1
0.0,0.0,177,1,1
0.0,0.0,108,1,-1
0.0,0.0,177,1,1
0.0,0.0,108,1,-1
0.0,0.0,172,1,1
0.0,0.0,108,1,-1
0.0,0.0,177,1,1
0.0,0.0,108,1,-1
0.0,0.0,174,1,1
0.0,0.0,108,1,-1
0.0,0.0,172,1,1
0.0,0.0,108,1,-1
0.0,0.0,177,1,1
0.0,0.0,108,1,-1
0.0,0.0,172,1,1
0.0,0.0,108,1,-1
0.0,0.0,172,1,1
0.0,0.0,108,1,-1
0.0,0.0,174,1,1
0.0,0.0,108,1,-1
0.0,0.0,174,1,1
0.0,0.0,108,1,-1
0.0,0.0,251,1,1
0.0,0.0,222,1,-1
0.0,0.0,128,1,-1
0.0,0.0,399,1,1
0.0,0.0,108,1,-1
0.0,0.0,174,1,1
0.0,0.0,173,1,-1
0.0,0.0,302,1,1
0.0,0.0,108,1,-1
0.0,0.0,174,1,1
0.0,0.0,157,1,-1
0.0,0.0,243,1,1
0.0,0.0,108,1,-1
0.0,0.0,177,1,1
0.0,0.0,108,1,-1
0.0,0.0,174,1,1
0.0,0.0,108,1,-1
0.0,0.0,177,1,1
0.0,0.0,108,1,-1
0.0,0.0,172,1,1
0.0,0.0,108,1,-1
0.0,0.0,174,1,1
0.0,0.0,108,1,-1
0.0,0.0,177,1,1
0.0,0.0,108,1,-1
0.0,0.0,108,1,-1
0.0,0.0,174,1,1
0.0,0.0,172,1,1
0.0,0.0,108,1,-1
0.0,0.0,108,1,-1
0.0,0.0,172,1,1
0.0,0.0,177,1,1
0.0,0.0,108,1,-1
0.0,0.0,108,1,-1
0.0,0.0,172,1,1
0.0,0.0,172,1,1
0.0,0.0,108,1,-1
0.0,0.0,108,1,-1
0.0,0.0,174,1,1
0.0,0.0,174,1,1
0.0,0.0,108,1,-1
0.0,0.0,108,1,-1
0.0,0.0,172,1,1
0.0,0.0,174,1,1
0.0,0.0,108,1,-1
0.0,0.0,174,1,1
0.0,0.0,108,1,-1
0.0,0.0,174,1,1
0.0,0.0,108,1,-1
0.0,0.0,174,1,1
0.0,0.0,108,1,-1
0.0,0.0,172,1,1
0.0,0.0,108,1,-1
0.0,0.0,174,1,1
0.0,0.0,108,1,-1
0.0,0.0,174,1,1
0.0,0.0,108,1,-1
0.0,0.0,174,1,1
0.0,0.0,108,1,-1
0.0,0.0,177,1,1
0.0,0.0,108,1,-1
0.0,0.0,108,1,-1
0.0,0.0,174,1,1
0.0,0.0,177,1,1
0.0,0.0,108,1,-1
0.0,0.0,108,1,-1
0.0,0.0,177,1,1
0.0,0.0,174,1,1
0.0,0.0,108,1,-1
0.0,0.0,108,1,-1
0.0,0.0,177,1,1
0.0,0.0,177,1,1
0.0,0.0,108,1,-1
0.0,0.0,108,1,-1
0.0,0.0,172,1,1
0.0,0.0,172,1,1
0.0,0.0,108,1,-1
0.0,0.0,108,1,-1
0.0,0.0,172,1,1
0.0,0.0,177,1,1
0.0,0.0,108,1,-1
0.0,0.0,108,1,-1
0.0,0.0,172,1,1
0.0,0.0,174,1,1
0.0,0.0,108,1,-1
0.0,0.0,177,1,1
0.0,0.0,108,1,-1
0.0,0.0,174,1,1
0.0,0.0,108,1,-1
0.0,0.0,172,1,1
0.0,0.0,108,1,-1
0.0,0.0,172,1,1
0.0,0.0,108,1,-1
0.0,0.0,174,1,1
0.0,0.0,108,1,-1
0.0,0.0,177,1,1
0.0,0.0,108,1,-1
0.0,0.0,108,1,-1
0.0,0.0,172,1,1
0.0,0.0,172,1,1
0.0,0.0,108,1,-1
0.0,0.0,174,1,1
0.0,0.0,108,1,-1
0.0,0.0,172,1,1
0.0,0.0,108,1,-1
0.0,0.0,172,1,1
0.0,0.0,108,1,-1
0.0,0.0,174,1,1
0.0,0.0,108,1,-1
0.0,0.0,177,1,1
0.0,0.0,108,1,-1
0.0,0.0,172,1,1
0.0,0.0,108,1,-1
0.0,0.0,174,1,1
0.0,0.0,108,1,-1
0.0,0.0,174,1,1
0.0,0.0,108,1,-1
0.0,0.0,108,1,-1
0.0,0.0,172,1,1
0.0,0.0,172,1,1
0.0,0.0,108,1,-1
0.0,0.0,177,1,1
0.0,0.0,108,1,-1
0.0,0.0,240,1,1
0.0,0.0,222,1,-1
0.0,0.0,128,1,-1
0.0,0.0,423,1,1
0.0,0.0,108,1,-1
0.0,0.0,172,1,1
0.0,0.0,108,1,-1
0.0,0.0,172,1,1
0.0,0.0,173,1,-1
0.0,0.0,324,1,1
0.0,0.0,108,1,-1
0.0,0.0,177,1,1
0.0,0.0,151,1,-1
0.0,0.0,215,1,1
0.0,0.0,108,1,-1
0.0,0.0,177,1,1
0.0,0.0,108,1,-1
0.0,0.0,172,1,1
0.0,0.0,108,1,-1
0.0,0.0,177,1,1
0.0,0.0,108,1,-1
0.0,0.0,174,1,1
0.0,0.0,108,1,-1
0.0,0.0,177,1,1
0.0,0.0,108,1,-1
0.0,0.0,174,1,1
0.0,0.0,108,1,-1
0.0,0.0,174,1,1
0.0,0.0,108,1,-1
0.0,0.0,172,1,1
0.0,0.0,108,1,-1
0.0,0.0,177,1,1
0.0,0.0,108,1,-1
0.0,0.0,108,1,-1
0.0,0.0,172,1,1
0.0,0.0,177,1,1
0.0,0.0,108,1,-1
0.0,0.0,172,1,1
0.0,0.0,108,1,-1
0.0,0.0,108,1,-1
0.0,0.0,177,1,1
0.0,0.0,177,1,1
0.0,0.0,108,1,-1
0.0,0.0,177,1,1
0.0,0.0,108,1,-1
0.0,0.0,177,1,1
0.0,0.0,108,1,-1
0.0,0.0,174,1,1
0.0,0.0,108,1,-1
0.0,0.0,177,1,1
0.0,0.0,108,1,-1
0.0,0.0,177,1,1
0.0,0.0,108,1,-1
0.0,0.0,177,1,1
0.0,0.0,108,1,-1
0.0,0.0,172,1,1
0.0,0.0,108,1,-1
0.0,0.0,172,1,1
0.0,0.0,108,1,-1
0.0,0.0,177,1,1
0.0,0.0,108,1,-1
0.0,0.0,172,1,1
0.0,0.0,108,1,-1
0.0,0.0,172,1,1
0.0,0.0,108,1,-1
0.0,0.0,108,1,-1
0.0,0.0,177,1,1
0.0,0.0,174,1,1
0.0,0.0,108,1,-1
0.0,0.0,172,1,1
0.0,0.0,108,1,-1
0.0,0.0,177,1,1
0.0,0.0,108,1,-1
0.0,0.0,174,1,1
0.0,0.0,108,1,-1
0.0,0.0,108,1,-1
0.0,0.0,174,1,1
0.0,0.0,177,1,1
0.0,0.0,108,1,-1
0.0,0.0,172,1,1
0.0,0.0,108,1,-1
0.0,0.0,172,1,1
0.0,0.0,108,1,-1
0.0,0.0,174,1,1
0.0,0.0,108,1,-1
0.0,0.0,172,1,1
0.0,0.0,108,1,-1
0.0,0.0,172,1,1
0.0,0.0,108,1,-1
0.0,0.0,177,1,1
0.0,0.0,108,1,-1
0.0,0.0,174,1,1
0.0,0.0,108,1,-1
0.0,0.0,174,1,1
0.0,0.0,108,1,-1
0.0,0.0,174,1,1
0.0,0.0,108,1,-1
0.0,0.0,177,1,1
0.0,0.0,108,1,-1
0.0,0.0,172,1,1
0.0,0.0,108,1,-1
0.0,0.0,172,1,1
0.0,0.0,108,1,-1
0.0,0.0,174,1,1
0.0,0.0,108,1,-1
0.0,0.0,177,1,1
0.0,0.0,108,1,-1
0.0,0.0,229,1,1
0.0,0.0,108,1,-1
0.0,0.0,177,1,1
0.0,0.0,108,1,-1
0.0,0.0,177,1,1
0.0,0.0,108,1,-1
0.0,0.0,177,1,1
0.0,0.0,108,1,-1
0.0,0.0,174,1,1
0.0,0.0,108,1,-1
0.0,0.0,249,1,1
0.0,0.0,108,1,-1
0.0,0.0,172,1,1
0.0,0.0,108,1,-1
0.0,0.0,174,1,1
0.0,0.0,108,1,-1
0.0,0.0,172,1,1
0.0,0.0,108,1,-1
0.0,0.0,229,1,1
Clump Interarrival,Clump Duration,Clump Size,Clump Packets,Clump Direction
0.0,0.0,222,1,-1
-0.000749943,0.000749943,443,2,1
0.0,0.0,173,1,-1
0.0,0.0,55,1,1
0.0,0.0,153,1,-1
0.0,0.0,59,1,1
0.0,0.0,108,1,-1
0.0,0.0,108,1,-1
-0.000643443,0.000643443,214,2,1
0.0,0.0,108,1,-1
0.0,0.0,71,1,1
0.0,0.0,108,1,-1
-0.000833477,0.000833477,211,2,1
0.0,0.0,108,1,-1
-0.000884048,0.000884048,209,2,1
0.0,0.0,108,1,-1
0.0,0.0,54,1,1
0.0,0.0,108,1,-1
0.0,0.0,157,1,1
0.0,0.0,108,1,-1
0.0,0.0,54,1,1
0.0,0.0,108,1,-1
-0.000182761,0.000182761,213,2,1
0.0,0.0,108,1,-1
0.0,0.0,54,1,1
0.0,0.0,157,1,1
0.0,0.0,108,1,-1
0.0,0.0,54,1,1
0.0,0.0,108,1,-1
0.0,0.0,57,1,1
0.0,0.0,108,1,-1
0.0,0.0,108,1,-1
0.0,0.0,326,1,1
0.0,0.0,108,1,-1
0.0,0.0,58,1,1
0.0,0.0,283,1,-1
0.0,0.0,334,1,1
0.0,0.0,283,1,-1
0.0,0.0,330,1,1
0.0,0.0,283,1,-1
0.0,0.0,334,1,1
0.0,0.0,122,1,-1
0.0,0.0,171,1,1
0.0,0.0,108,1,-1
0.0,0.0,108,1,-1
-0.000213773,0.000213773,211,2,1
0.0,0.0,108,1,-1
-0.000595016,0.000595016,213,2,1
0.0,0.0,108,1,-1
-0.000676587,0.000676587,210,2,1
0.0,0.0,108,1,-1
0.0,0.0,57,1,1
0.0,0.0,108,1,-1
-0.000499177,0.000499177,257,2,1
0.0,0.0,222,1,-1
0.0,0.0,128,1,-1
0.0,0.0,385,1,1
0.0,0.0,108,1,-1
0.0,0.0,44,1,1
0.0,0.0,173,1,-1
0.0,0.0,155,1,1
0.0,0.0,54,1,1
0.0,0.0,289,1,1
0.0,0.0,108,1,-1
0.0,0.0,157,1,1
0.0,0.0,151,1,-1
0.0,0.0,57,1,1
0.0,0.0,159,1,-1
0.0,0.0,206,1,1
0.0,0.0,128,1,-1
0.0,0.0,242,1,1
0.0,0.0,108,1,-1
0.0,0.0,108,1,-1
0.0,0.0,54,1,1
0.0,0.0,108,1,-1
-0.000553454,0.000553454,213,2,1
0.0,0.0,108,1,-1
-4.6e-07,4.6e-07,209,2,1
0.0,0.0,108,1,-1
0.0,0.0,54,1,1
0.0,0.0,108,1,-1
-0.000380894,0.000380894,211,2,1
0.0,0.0,108,1,-1
0.0,0.0,54,1,1
0.0,0.0,108,1,-1
-0.000353548,0.000353548,211,2,1
0.0,0.0,108,1,-1
0.0,0.0,54,1,1
0.0,0.0,159,1,1
0.0,0.0,108,1,-1
-0.000444578,0.000444578,213,2,1
0.0,0.0,108,1,-1
-4.81e-07,4.81e-07,211,2,1
0.0,0.0,108,1,-1
-0.000279191,0.000279191,211,2,1
0.0,0.0,108,1,-1
0.0,0.0,54,1,1
0.0,0.0,108,1,-1
0.0,0.0,54,1,1
0.0,0.0,108,1,-1
0.0,0.0,54,1,1
0.0,0.0,159,1,1
0.0,0.0,108,1,-1
0.0,0.0,108,1,-1
0.0,0.0,54,1,1
0.0,0.0,108,1,-1
-3.41e-07,3.41e-07,213,2,1
0.0,0.0,108,1,-1
0.0,0.0,54,1,1
0.0,0.0,108,1,-1
-0.0004301,0.0004301,209,2,1
0.0,0.0,108,1,-1
-0.000821633,0.000821633,213,2,1
0.0,0.0,108,1,-1
0.0,0.0,54,1,1
0.0,0.0,108,1,-1
-0.000682966,0.000682966,211,2,1
0.0,0.0,108,1,-1
0.0,0.0,54,1,1
0.0,0.0,108,1,-1
0.0,0.0,54,1,1
0.0,0.0,108,1,-1
0.0,0.0,54,1,1
0.0,0.0,108,1,-1
0.0,0.0,58,1,1
0.0,0.0,108,1,-1
0.0,0.0,54,1,1
0.0,0.0,108,1,-1
0.0,0.0,57,1,1
0.0,0.0,108,1,-1
0.0,0.0,54,1,1
0.0,0.0,108,1,-1
0.0,0.0,54,1,1
0.0,0.0,108,1,-1
-0.000681075,0.000681075,211,2,1
0.0,0.0,108,1,-1
-0.000785059,0.000785059,209,2,1
0.0,0.0,108,1,-1
0.0,0.0,54,1,1
0.0,0.0,108,1,-1
0.0,0.0,54,1,1
0.0,0.0,108,1,-1
0.0,0.0,59,1,1
0.0,0.0,222,1,-1
0.0,0.0,128,1,-1
-0.001106808,0.001106808,616,3,1
0.0,0.0,108,1,-1
-0.000768327,0.000768327,209,2,1
0.0,0.0,173,1,-1
0.0,0.0,108,1,-1
0.0,0.0,54,1,1
0.0,0.0,149,1,-1
0.0,0.0,57,1,1
0.0,0.0,108,1,-1
0.0,0.0,108,1,-1
0.0,0.0,108,1,-1
0.0,0.0,54,1,1
0.0,0.0,108,1,-1
0.0,0.0,108,1,-1
0.0,0.0,54,1,1
0.0,0.0,108,1,-1
0.0,0.0,54,1,1
0.0,0.0,108,1,-1
0.0,0.0,108,1,-1
0.0,0.0,54,1,1
0.0,0.0,108,1,-1
0.0,0.0,157,1,1
0.0,0.0,108,1,-1
0.0,0.0,54,1,1
0.0,0.0,108,1,-1
0.0,0.0,54,1,1
0.0,0.0,108,1,-1
0.0,0.0,155,1,1
0.0,0.0,108,1,-1
-0.000616607,0.000616607,211,2,1
0.0,0.0,108,1,-1
0.0,0.0,54,1,1
0.0,0.0,108,1,-1
0.0,0.0,108,1,-1
-4.51e-07,4.51e-07,213,2,1
0.0,0.0,108,1,-1
0.0,0.0,108,1,-1
0.0,0.0,54,1,1
0.0,0.0,108,1,-1
0.0,0.0,108,1,-1
-0.000573733,0.000573733,212,2,1
0.0,0.0,159,1,1
0.0,0.0,108,1,-1
0.0,0.0,108,1,-1
0.0,0.0,54,1,1
0.0,0.0,108,1,-1
0.0,0.0,54,1,1
0.0,0.0,108,1,-1
0.0,0.0,48,1,1
0.0,0.0,211,1,1
0.0,0.0,108,1,-1
0.0,0.0,54,1,1
0.0,0.0,108,1,-1
-0.000331895,0.000331895,213,2,1
0.0,0.0,108,1,-1
0.0,0.0,54,1,1
0.0,0.0,108,1,-1
0.0,0.0,54,1,1
0.0,0.0,108,1,-1
0.0,0.0,54,1,1
0.0,0.0,108,1,-1
-0.000206447,0.000206447,211,2,1
0.0,0.0,108,1,-1
0.0,0.0,54,1,1
0.0,0.0,108,1,-1
0.0,0.0,54,1,1
0.0,0.0,108,1,-1
0.0,0.0,54,1,1
0.0,0.0,108,1,-1
0.0,0.0,54,1,1
0.0,0.0,108,1,-1
0.0,0.0,54,1,1
0.0,0.0,108,1,-1
0.0,0.0,58,1,1
Clump Interarrival,Clump Duration,Clump Size,Clump Packets,Clump Direction
Clump Interarrival,Clump Duration,Clump Size,Clump Packets,Clump Direction
0.0,0.0,53,1,-1
0.0,0.0,250,1,1
Clump Interarrival,Clump Duration,Clump Size,Clump Packets,Clump Direction
Clump Interarrival,Clump Duration,Clump Size,Clump Packets,Clump Direction
Clump Interarrival,Clump Duration,Clump Size,Clump Packets,Clump Direction
0.0,0.0,53,1,-1
0.0,0.0,250,1,1
Clump Interarrival,Clump Duration,Clump Size,Clump Packets,Clump Direction
-0.000314801,0.000314801,140,2,-1
-0.000146429,0.000146429,333,3,-1
0.0,0.0,250,1,1
0.0,0.0,146,1,1
Clump Interarrival,Clump Duration,Clump Size,Clump Packets,Clump Direction
0.0,0.0,53,1,-1
0.0,0.0,87,1,-1
-0.000371039,0.000371039,179,2,-1
0.0,0.0,154,1,-1
0.0,0.0,250,1,1
Clump Interarrival,Clump Duration,Clump Size,Clump Packets,Clump Direction
-1.1792e-05,1.1792e-05,140,2,-1
0.0,0.0,128,1,-1
0.0,0.0,250,1,1
0.0,0.0,131,1,1
-0.000138524,0.000138524,262,3,-1
0.0,0.0,103,1,1
-0.00075962,0.00075962,102,2,-1
0.0,0.0,154,1,-1
0.0,0.0,109,1,1
0.0,0.0,153,1,1
Clump Interarrival,Clump Duration,Clump Size,Clump Packets,Clump Direction
0.0,0.0,53,1,-1
0.0,0.0,250,1,1
Clump Interarrival,Clump Duration,Clump Size,Clump Packets,Clump Direction
-0.000550302,0.000550302,627,6,-1
0.0,0.0,250,1,1
-0.000216635,0.000216635,359,3,-1
0.0,0.0,347,1,1
Clump Interarrival,Clump Duration,Clump Size,Clump Packets,Clump Direction
0.0,0.0,222,1,-1
-0.000506554,0.000506554,439,2,1
0.0,0.0,173,1,-1
-0.000905538,0.000905538,344,2,1
0.0,0.0,153,1,-1
0.0,0.0,58,1,1
0.0,0.0,108,1,-1
0.0,0.0,108,1,-1
0.0,0.0,54,1,1
0.0,0.0,108,1,-1
0.0,0.0,54,1,1
0.0,0.0,108,1,-1
-4.31e-07,4.31e-07,209,2,1
0.0,0.0,108,1,-1
0.0,0.0,54,1,1
0.0,0.0,108,1,-1
0.0,0.0,54,1,1
0.0,0.0,108,1,-1
0.0,0.0,54,1,1
0.0,0.0,108,1,-1
0.0,0.0,54,1,1
0.0,0.0,108,1,-1
0.0,0.0,54,1,1
0.0,0.0,108,1,-1
0.0,0.0,54,1,1
0.0,0.0,108,1,-1
0.0,0.0,157,1,1
0.0,0.0,108,1,-1
-3.9e-07,3.9e-07,209,2,1
0.0,0.0,108,1,-1
0.0,0.0,58,1,1
0.0,0.0,108,1,-1
0.0,0.0,54,1,1
0.0,0.0,159,1,1
0.0,0.0,108,1,-1
0.0,0.0,54,1,1
0.0,0.0,108,1,-1
0.0,0.0,54,1,1
0.0,0.0,108,1,-1
0.0,0.0,71,1,1
0.0,0.0,108,1,-1
-6.91e-07,6.91e-07,213,2,1
0.0,0.0,108,1,-1
0.0,0.0,54,1,1
0.0,0.0,108,1,-1
0.0,0.0,54,1,1
0.0,0.0,108,1,-1
0.0,0.0,54,1,1
0.0,0.0,108,1,-1
0.0,0.0,54,1,1
0.0,0.0,108,1,-1
0.0,0.0,57,1,1
0.0,0.0,108,1,-1
0.0,0.0,108,1,-1
0.0,0.0,108,1,-1
0.0,0.0,283,1,-1
0.0,0.0,283,1,-1
0.0,0.0,54,1,1
0.0,0.0,283,1,-1
0.0,0.0,122,1,-1
0.0,0.0,108,1,-1
0.0,0.0,108,1,-1
-5.51e-07,5.51e-07,214,2,1
0.0,0.0,108,1,-1
0.0,0.0,54,1,1
0.0,0.0,108,1,-1
0.0,0.0,57,1,1
0.0,0.0,108,1,-1
0.0,0.0,54,1,1
0.0,0.0,108,1,-1
0.0,0.0,54,1,1
0.0,0.0,108,1,-1
-5.31e-07,5.31e-07,211,2,1
0.0,0.0,108,1,-1
0.0,0.0,54,1,1
0.0,0.0,108,1,-1
-0.000509257,0.000509257,209,2,1
0.0,0.0,108,1,-1
0.0,0.0,54,1,1
0.0,0.0,159,1,1
0.0,0.0,108,1,-1
0.0,0.0,54,1,1
0.0,0.0,157,1,1
0.0,0.0,108,1,-1
0.0,0.0,54,1,1
0.0,0.0,157,1,1
0.0,0.0,108,1,-1
0.0,0.0,54,1,1
0.0,0.0,159,1,1
0.0,0.0,108,1,-1
0.0,0.0,54,1,1
0.0,0.0,108,1,-1
0.0,0.0,55,1,1
0.0,0.0,108,1,-1
0.0,0.0,55,1,1
0.0,0.0,108,1,-1
0.0,0.0,67,1,1
0.0,0.0,108,1,-1
0.0,0.0,54,1,1
0.0,0.0,108,1,-1
0.0,0.0,54,1,1
0.0,0.0,108,1,-1
0.0,0.0,54,1,1
0.0,0.0,108,1,-1
0.0,0.0,54,1,1
0.0,0.0,159,1,1
0.0,0.0,108,1,-1
0.0,0.0,54,1,1
0.0,0.0,108,1,-1
-0.000203043,0.000203043,209,2,1
0.0,0.0,108,1,-1
0.0,0.0,54,1,1
0.0,0.0,108,1,-1
0.0,0.0,54,1,1
0.0,0.0,108,1,-1
0.0,0.0,54,1,1
0.0,0.0,108,1,-1
0.0,0.0,54,1,1
0.0,0.0,159,1,1
0.0,0.0,108,1,-1
0.0,0.0,54,1,1
0.0,0.0,108,1,-1
0.0,0.0,54,1,1
0.0,0.0,108,1,-1
0.0,0.0,54,1,1
0.0,0.0,108,1,-1
0.0,0.0,54,1,1
0.0,0.0,108,1,-1
0.0,0.0,54,1,1
0.0,0.0,108,1,-1
0.0,0.0,54,1,1
0.0,0.0,108,1,-1
-0.000267505,0.000267505,209,2,1
0.0,0.0,108,1,-1
-1.222e-06,1.222e-06,209,2,1
0.0,0.0,108,1,-1
0.0,0.0,54,1,1
0.0,0.0,108,1,-1
0.0,0.0,54,1,1
0.0,0.0,108,1,-1
0.0,0.0,54,1,1
0.0,0.0,108,1,-1
0.0,0.0,54,1,1
0.0,0.0,108,1,-1
0.0,0.0,54,1,1
0.0,0.0,157,1,1
0.0,0.0,108,1,-1
0.0,0.0,54,1,1
0.0,0.0,108,1,-1
0.0,0.0,54,1,1
0.0,0.0,108,1,-1
0.0,0.0,54,1,1
0.0,0.0,108,1,-1
0.0,0.0,54,1,1
0.0,0.0,108,1,-1
0.0,0.0,54,1,1
0.0,0.0,108,1,-1
0.0,0.0,54,1,1
0.0,0.0,157,1,1
0.0,0.0,108,1,-1
0.0,0.0,58,1,1
0.0,0.0,108,1,-1
0.0,0.0,54,1,1
0.0,0.0,108,1,-1
0.0,0.0,71,1,1
0.0,0.0,108,1,-1
0.0,0.0,54,1,1
0.0,0.0,108,1,-1
0.0,0.0,54,1,1
0.0,0.0,108,1,-1
0.0,0.0,54,1,1
0.0,0.0,108,1,-1
-0.000547198,0.000547198,211,2,1
0.0,0.0,108,1,-1
0.0,0.0,58,1,1
0.0,0.0,222,1,-1
0.0,0.0,128,1,-1
0.0,0.0,58,1,1
0.0,0.0,108,1,-1
0.0,0.0,173,1,-1
-1.273e-06,1.273e-06,347,2,1
0.0,0.0,108,1,-1
0.0,0.0,147,1,-1
-0.00014732,0.00014732,255,2,1
0.0,0.0,155,1,-1
0.0,0.0,202,1,1
0.0,0.0,128,1,-1
0.0,0.0,237,1,1
0.0,0.0,108,1,-1
0.0,0.0,108,1,-1
0.0,0.0,54,1,1
0.0,0.0,108,1,-1
0.0,0.0,57,1,1
0.0,0.0,108,1,-1
0.0,0.0,54,1,1
0.0,0.0,108,1,-1
0.0,0.0,54,1,1
0.0,0.0,108,1,-1
0.0,0.0,57,1,1
0.0,0.0,108,1,-1
0.0,0.0,54,1,1
0.0,0.0,108,1,-1
0.0,0.0,54,1,1
0.0,0.0,108,1,-1
-0.00022682,0.00022682,209,2,1
0.0,0.0,108,1,-1
0.0,0.0,159,1,1
0.0,0.0,108,1,-1
0.0,0.0,54,1,1
0.0,0.0,108,1,-1
0.0,0.0,54,1,1
0.0,0.0,108,1,-1
0.0,0.0,54,1,1
0.0,0.0,108,1,-1
0.0,0.0,54,1,1
0.0,0.0,108,1,-1
0.0,0.0,67,1,1
0.0,0.0,108,1,-1
0.0,0.0,54,1,1
0.0,0.0,108,1,-1
0.0,0.0,54,1,1
0.0,0.0,108,1,-1
0.0,0.0,54,1,1
0.0,0.0,108,1,-1
0.0,0.0,54,1,1
0.0,0.0,108,1,-1
-0.000243232,0.000243232,213,2,1
0.0,0.0,108,1,-1
0.0,0.0,54,1,1
0.0,0.0,108,1,-1
-0.000143903,0.000143903,213,2,1
0.0,0.0,108,1,-1
0.0,0.0,54,1,1
0.0,0.0,108,1,-1
0.0,0.0,54,1,1
0.0,0.0,108,1,-1
-4.41e-07,4.41e-07,211,2,1
0.0,0.0,108,1,-1
-0.00050976,0.00050976,209,2,1
0.0,0.0,108,1,-1
-0.000795705,0.000795705,253,2,1
0.0,0.0,222,1,-1
0.0,0.0,128,1,-1
0.0,0.0,57,1,1
0.0,0.0,108,1,-1
-0.000266626,0.000266626,542,2,1
0.0,0.0,173,1,-1
0.0,0.0,108,1,-1
0.0,0.0,54,1,1
0.0,0.0,149,1,-1
0.0,0.0,108,1,-1
0.0,0.0,108,1,-1
0.0,0.0,54,1,1
0.0,0.0,108,1,-1
0.0,0.0,108,1,-1
0.0,0.0,54,1,1
0.0,0.0,108,1,-1
0.0,0.0,108,1,-1
0.0,0.0,54,1,1
0.0,0.0,108,1,-1
0.0,0.0,54,1,1
0.0,0.0,108,1,-1
0.0,0.0,108,1,-1
0.0,0.0,54,1,1
0.0,0.0,108,1,-1
0.0,0.0,108,1,-1
0.0,0.0,54,1,1
0.0,0.0,108,1,-1
0.0,0.0,108,1,-1
0.0,0.0,54,1,1
0.0,0.0,108,1,-1
-0.000443044,0.000443044,213,2,1
0.0,0.0,108,1,-1
0.0,0.0,108,1,-1
0.0,0.0,54,1,1
0.0,0.0,108,1,-1
0.0,0.0,155,1,1
0.0,0.0,108,1,-1
0.0,0.0,54,1,1
0.0,0.0,108,1,-1
0.0,0.0,108,1,-1
0.0,0.0,55,1,1
0.0,0.0,159,1,1
0.0,0.0,108,1,-1
0.0,0.0,159,1,1
0.0,0.0,108,1,-1
0.0,0.0,54,1,1
0.0,0.0,108,1,-1
0.0,0.0,108,1,-1
0.0,0.0,55,1,1
0.0,0.0,108,1,-1
0.0,0.0,155,1,1
0.0,0.0,108,1,-1
-3.81e-07,3.81e-07,209,2,1
0.0,0.0,108,1,-1
0.0,0.0,108,1,-1
-0.000308448,0.000308448,209,2,1
0.0,0.0,108,1,-1
-0.000320421,0.000320421,209,2,1
0.0,0.0,108,1,-1
0.0,0.0,157,1,1
0.0,0.0,108,1,-1
0.0,0.0,54,1,1
0.0,0.0,108,1,-1
0.0,0.0,108,1,-1
0.0,0.0,108,1,-1
0.0,0.0,54,1,1
0.0,0.0,157,1,1
0.0,0.0,157,1,1
0.0,0.0,108,1,-1
-0.000216964,0.000216964,211,2,1
0.0,0.0,108,1,-1
0.0,0.0,232,1,1
0.0,0.0,222,1,-1
0.0,0.0,128,1,-1
0.0,0.0,108,1,-1
0.0,0.0,58,1,1
0.0,0.0,108,1,-1
0.0,0.0,173,1,-1
0.0,0.0,287,1,1
0.0,0.0,108,1,-1
0.0,0.0,108,1,-1
0.0,0.0,54,1,1
0.0,0.0,159,1,1
0.0,0.0,165,1,-1
0.0,0.0,58,1,1
0.0,0.0,108,1,-1
0.0,0.0,108,1,-1
-0.00013137,0.00013137,140,2,-1
0.0,0.0,108,1,-1
0.0,0.0,70,1,-1
0.0,0.0,70,1,-1
0.0,0.0,283,1,-1
0.0,0.0,58,1,1
0.0,0.0,283,1,-1
0.0,0.0,108,1,-1
0.0,0.0,108,1,-1
0.0,0.0,236,1,-1
0.0,0.0,108,1,-1
0.0,0.0,54,1,1
0.0,0.0,108,1,-1
0.0,0.0,108,1,-1
0.0,0.0,108,1,-1
0.0,0.0,54,1,1
0.0,0.0,108,1,-1
0.0,0.0,108,1,-1
0.0,0.0,159,1,1
0.0,0.0,108,1,-1
-0.000197427,0.000197427,214,2,1
0.0,0.0,108,1,-1
0.0,0.0,155,1,1
0.0,0.0,108,1,-1
0.0,0.0,157,1,1
0.0,0.0,210,1,-1
0.0,0.0,58,1,1
0.0,0.0,261,1,1
0.0,0.0,108,1,-1
0.0,0.0,155,1,1
0.0,0.0,108,1,-1
0.0,0.0,155,1,1
0.0,0.0,108,1,-1
0.0,0.0,54,1,1
0.0,0.0,108,1,-1
0.0,0.0,155,1,1
0.0,0.0,108,1,-1
0.0,0.0,108,1,-1
-4.81e-07,4.81e-07,209,2,1
0.0,0.0,108,1,-1
0.0,0.0,108,1,-1
-0.000428229,0.000428229,211,2,1
0.0,0.0,108,1,-1
0.0,0.0,108,1,-1
0.0,0.0,108,1,-1
-0.000218157,0.000218157,211,2,1
0.0,0.0,108,1,-1
0.0,0.0,159,1,1
0.0,0.0,108,1,-1
0.0,0.0,155,1,1
0.0,0.0,108,1,-1
0.0,0.0,54,1,1
0.0,0.0,108,1,-1
0.0,0.0,157,1,1
0.0,0.0,108,1,-1
0.0,0.0,108,1,-1
0.0,0.0,108,1,-1
0.0,0.0,55,1,1
0.0,0.0,108,1,-1
0.0,0.0,157,1,1
0.0,0.0,108,1,-1
0.0,0.0,108,1,-1
0.0,0.0,55,1,1
0.0,0.0,44,1,1
0.0,0.0,108,1,-1
0.0,0.0,54,1,1
0.0,0.0,108,1,-1
0.0,0.0,108,1,-1
0.0,0.0,108,1,-1
0.0,0.0,54,1,1
0.0,0.0,155,1,1
0.0,0.0,108,1,-1
0.0,0.0,108,1,-1
-0.000539753,0.000539753,209,2,1
0.0,0.0,155,1,1
0.0,0.0,108,1,-1
0.0,0.0,211,1,1
0.0,0.0,108,1,-1
0.0,0.0,108,1,-1
0.0,0.0,159,1,1
0.0,0.0,108,1,-1
0.0,0.0,54,1,1
0.0,0.0,108,1,-1
0.0,0.0,54,1,1
0.0,0.0,108,1,-1
0.0,0.0,157,1,1
0.0,0.0,108,1,-1
0.0,0.0,54,1,1
0.0,0.0,108,1,-1
0.0,0.0,108,1,-1
0.0,0.0,54,1,1
0.0,0.0,108,1,-1
0.0,0.0,108,1,-1
0.0,0.0,54,1,1
0.0,0.0,108,1,-1
0.0,0.0,108,1,-1
0.0,0.0,54,1,1
0.0,0.0,108,1,-1
0.0,0.0,54,1,1
0.0,0.0,108,1,-1
0.0,0.0,108,1,-1
0.0,0.0,108,1,-1
-1.493e-06,1.493e-06,213,2,1
0.0,0.0,108,1,-1
0.0,0.0,54,1,1
0.0,0.0,108,1,-1
0.0,0.0,108,1,-1
0.0,0.0,54,1,1
0.0,0.0,108,1,-1
0.0,0.0,108,1,-1
0.0,0.0,54,1,1
0.0,0.0,108,1,-1
0.0,0.0,108,1,-1
-0.000456554,0.000456554,273,2,1
0.0,0.0,108,1,-1
0.0,0.0,108,1,-1
0.0,0.0,54,1,1
0.0,0.0,108,1,-1
0.0,0.0,54,1,1
0.0,0.0,108,1,-1
0.0,0.0,54,1,1
0.0,0.0,157,1,1
0.0,0.0,108,1,-1
0.0,0.0,54,1,1
0.0,0.0,108,1,-1
0.0,0.0,54,1,1
0.0,0.0,108,1,-1
-0.000862684,0.000862684,213,2,1
0.0,0.0,108,1,-1
0.0,0.0,54,1,1
0.0,0.0,108,1,-1
0.0,0.0,54,1,1
0.0,0.0,108,1,-1
0.0,0.0,54,1,1
0.0,0.0,108,1,-1
0.0,0.0,54,1,1
0.0,0.0,108,1,-1
-0.00025035,0.00025035,209,2,1
0.0,0.0,108,1,-1
0.0,0.0,54,1,1
0.0,0.0,108,1,-1
0.0,0.0,54,1,1
0.0,0.0,108,1,-1
0.0,0.0,54,1,1
0.0,0.0,108,1,-1
0.0,0.0,54,1,1
0.0,0.0,108,1,-1
0.0,0.0,59,1,1
0.0,0.0,108,1,-1
-0.000192419,0.000192419,228,2,1
0.0,0.0,108,1,-1
0.0,0.0,54,1,1
0.0,0.0,108,1,-1
0.0,0.0,54,1,1
0.0,0.0,108,1,-1
0.0,0.0,54,1,1
0.0,0.0,108,1,-1
0.0,0.0,54,1,1
0.0,0.0,108,1,-1
0.0,0.0,54,1,1
0.0,0.0,108,1,-1
-0.000626431,0.000626431,213,2,1
0.0,0.0,108,1,-1
0.0,0.0,54,1,1
0.0,0.0,108,1,-1
-0.000190405,0.000190405,209,2,1
0.0,0.0,108,1,-1
0.0,0.0,54,1,1
0.0,0.0,108,1,-1
0.0,0.0,54,1,1
0.0,0.0,108,1,-1
0.0,0.0,54,1,1
0.0,0.0,108,1,-1
-4.01e-07,4.01e-07,209,2,1
0.0,0.0,108,1,-1
0.0,0.0,54,1,1
0.0,0.0,108,1,-1
-0.000304434,0.000304434,211,2,1
0.0,0.0,108,1,-1
0.0,0.0,54,1,1
0.0,0.0,70,1,-1
-4.71e-07,4.71e-07,143,2,1
0.0,0.0,108,1,-1
0.0,0.0,108,1,-1
0.0,0.0,54,1,1
0.0,0.0,108,1,-1
0.0,0.0,57,1,1
0.0,0.0,108,1,-1
0.0,0.0,54,1,1
0.0,0.0,108,1,-1
0.0,0.0,54,1,1
0.0,0.0,157,1,1
0.0,0.0,108,1,-1
0.0,0.0,54,1,1
0.0,0.0,108,1,-1
0.0,0.0,54,1,1
0.0,0.0,108,1,-1
-0.000640349,0.000640349,209,2,1
0.0,0.0,108,1,-1
0.0,0.0,54,1,1
0.0,0.0,108,1,-1
0.0,0.0,54,1,1
0.0,0.0,108,1,-1
-0.000790848,0.000790848,224,2,1
0.0,0.0,108,1,-1
-0.000219672,0.000219672,211,2,1
0.0,0.0,108,1,-1
0.0,0.0,54,1,1
0.0,0.0,108,1,-1
-0.000503557,0.000503557,209,2,1
0.0,0.0,108,1,-1
0.0,0.0,54,1,1
0.0,0.0,108,1,-1
0.0,0.0,54,1,1
0.0,0.0,108,1,-1
0.0,0.0,108,1,-1
0.0,0.0,54,1,1
0.0,0.0,108,1,-1
0.0,0.0,54,1,1
0.0,0.0,108,1,-1
0.0,0.0,54,1,1
0.0,0.0,108,1,-1
0.0,0.0,54,1,1
0.0,0.0,108,1,-1
0.0,0.0,54,1,1
0.0,0.0,108,1,-1
-0.000280369,0.000280369,209,2,1
0.0,0.0,108,1,-1
-0.000214532,0.000214532,211,2,1
0.0,0.0,108,1,-1
0.0,0.0,54,1,1
0.0,0.0,108,1,-1
0.0,0.0,54,1,1
0.0,0.0,108,1,-1
-0.000152813,0.000152813,213,2,1
0.0,0.0,108,1,-1
0.0,0.0,54,1,1
0.0,0.0,108,1,-1
0.0,0.0,54,1,1
0.0,0.0,108,1,-1
0.0,0.0,54,1,1
0.0,0.0,159,1,1
0.0,0.0,108,1,-1
0.0,0.0,108,1,-1
0.0,0.0,54,1,1
0.0,0.0,108,1,-1
0.0,0.0,54,1,1
0.0,0.0,108,1,-1
0.0,0.0,54,1,1
0.0,0.0,108,1,-1
0.0,0.0,54,1,1
0.0,0.0,108,1,-1
0.0,0.0,54,1,1
0.0,0.0,108,1,-1
0.0,0.0,54,1,1
0.0,0.0,108,1,-1
0.0,0.0,54,1,1
0.0,0.0,108,1,-1
-0.000336967,0.000336967,209,2,1
0.0,0.0,108,1,-1
0.0,0.0,54,1,1
0.0,0.0,108,1,-1
0.0,0.0,54,1,1
0.0,0.0,108,1,-1
0.0,0.0,54,1,1
0.0,0.0,108,1,-1
0.0,0.0,54,1,1
0.0,0.0,108,1,-1
0.0,0.0,58,1,1
0.0,0.0,108,1,-1
0.0,0.0,71,1,1
0.0,0.0,108,1,-1
-0.000434706,0.000434706,213,2,1
0.0,0.0,108,1,-1
-0.000447149,0.000447149,213,2,1
0.0,0.0,108,1,-1
0.0,0.0,54,1,1
0.0,0.0,108,1,-1
0.0,0.0,54,1,1
0.0,0.0,108,1,-1
0.0,0.0,54,1,1
0.0,0.0,108,1,-1
0.0,0.0,54,1,1
0.0,0.0,159,1,1
0.0,0.0,108,1,-1
0.0,0.0,54,1,1
0.0,0.0,108,1,-1
0.0,0.0,54,1,1
0.0,0.0,108,1,-1
0.0,0.0,54,1,1
0.0,0.0,108,1,-1
0.0,0.0,54,1,1
0.0,0.0,157,1,1
0.0,0.0,108,1,-1
0.0,0.0,54,1,1
0.0,0.0,108,1,-1
-0.000214643,0.000214643,209,2,1
0.0,0.0,108,1,-1
-0.000239641,0.000239641,213,2,1
0.0,0.0,108,1,-1
0.0,0.0,54,1,1
0.0,0.0,108,1,-1
0.0,0.0,54,1,1
0.0,0.0,108,1,-1
0.0,0.0,54,1,1
0.0,0.0,108,1,-1
0.0,0.0,58,1,1
Clump Interarrival,Clump Duration,Clump Size,Clump Packets,Clump Direction
-0.000738344,0.000738344,627,6,-1
-0.000115241,0.000115241,388,2,1
-0.000187048,0.000187048,410,4,-1
0.0,0.0,116,1,1
Clump Interarrival,Clump Duration,Clump Size,Clump Packets,Clump Direction
-0.000720092,0.000720092,627,6,-1
-0.000895495,0.000895495,382,2,1
Clump Interarrival,Clump Duration,Clump Size,Clump Packets,Clump Direction
-0.00056182,0.00056182,627,6,-1
0.0,0.0,250,1,1
0.0,0.0,387,1,1
Clump Interarrival,Clump Duration,Clump Size,Clump Packets,Clump Direction
Clump Interarrival,Clump Duration,Clump Size,Clump Packets,Clump Direction
0.0,0.0,222,1,-1
-0.000916197,0.000916197,439,2,1
0.0,0.0,173,1,-1
0.0,0.0,58,1,1
0.0,0.0,289,1,1
0.0,0.0,153,1,-1
0.0,0.0,58,1,1
0.0,0.0,204,1,1
0.0,0.0,108,1,-1
0.0,0.0,108,1,-1
-0.000656214,0.000656214,213,2,1
0.0,0.0,108,1,-1
0.0,0.0,54,1,1
0.0,0.0,108,1,-1
0.0,0.0,54,1,1
0.0,0.0,108,1,-1
0.0,0.0,54,1,1
0.0,0.0,108,1,-1
0.0,0.0,54,1,1
0.0,0.0,155,1,1
0.0,0.0,108,1,-1
-0.000180957,0.000180957,213,2,1
0.0,0.0,108,1,-1
0.0,0.0,54,1,1
0.0,0.0,108,1,-1
0.0,0.0,54,1,1
0.0,0.0,108,1,-1
0.0,0.0,54,1,1
0.0,0.0,108,1,-1
0.0,0.0,58,1,1
0.0,0.0,108,1,-1
0.0,0.0,328,1,1
0.0,0.0,108,1,-1
0.0,0.0,58,1,1
0.0,0.0,283,1,-1
0.0,0.0,330,1,1
0.0,0.0,283,1,-1
0.0,0.0,283,1,-1
0.0,0.0,122,1,-1
0.0,0.0,58,1,1
0.0,0.0,108,1,-1
0.0,0.0,108,1,-1
0.0,0.0,55,1,1
0.0,0.0,108,1,-1
0.0,0.0,55,1,1
0.0,0.0,108,1,-1
0.0,0.0,71,1,1
0.0,0.0,108,1,-1
0.0,0.0,54,1,1
0.0,0.0,108,1,-1
0.0,0.0,159,1,1
0.0,0.0,108,1,-1
-4.91e-07,4.91e-07,211,2,1
0.0,0.0,108,1,-1
0.0,0.0,54,1,1
0.0,0.0,108,1,-1
-0.000281726,0.000281726,211,2,1
0.0,0.0,108,1,-1
-0.000753436,0.000753436,213,2,1
0.0,0.0,108,1,-1
0.0,0.0,54,1,1
0.0,0.0,108,1,-1
0.0,0.0,54,1,1
0.0,0.0,222,1,-1
0.0,0.0,128,1,-1
-0.00088216,0.00088216,610,3,1
0.0,0.0,108,1,-1
0.0,0.0,173,1,-1
0.0,0.0,54,1,1
0.0,0.0,108,1,-1
0.0,0.0,159,1,1
0.0,0.0,151,1,-1
0.0,0.0,58,1,1
0.0,0.0,200,1,1
0.0,0.0,108,1,-1
0.0,0.0,108,1,-1
0.0,0.0,108,1,-1
0.0,0.0,108,1,-1
-3.41e-07,3.41e-07,210,2,1
0.0,0.0,157,1,1
0.0,0.0,108,1,-1
0.0,0.0,108,1,-1
0.0,0.0,55,1,1
0.0,0.0,159,1,1
0.0,0.0,108,1,-1
0.0,0.0,54,1,1
0.0,0.0,108,1,-1
0.0,0.0,57,1,1
0.0,0.0,108,1,-1
0.0,0.0,206,1,1
0.0,0.0,222,1,-1
0.0,0.0,128,1,-1
0.0,0.0,108,1,-1
0.0,0.0,67,1,1
0.0,0.0,108,1,-1
0.0,0.0,385,1,1
0.0,0.0,173,1,-1
0.0,0.0,57,1,1
0.0,0.0,108,1,-1
0.0,0.0,159,1,1
0.0,0.0,108,1,-1
0.0,0.0,79,1,-1
0.0,0.0,79,1,-1
-5.11e-07,5.11e-07,95,2,1
-0.00065561,0.00065561,249,3,-1
0.0,0.0,92,1,-1
0.0,0.0,92,1,-1
0.0,0.0,153,1,-1
0.0,0.0,73,1,-1
-0.000220343,0.000220343,120,2,1
0.0,0.0,164,1,1
0.0,0.0,283,1,-1
0.0,0.0,70,1,-1
0.0,0.0,108,1,-1
0.0,0.0,249,1,1
0.0,0.0,70,1,-1
0.0,0.0,206,1,-1
0.0,0.0,155,1,1
-0.000815979,0.000815979,270,3,-1
0.0,0.0,277,1,1
-0.000151189,0.000151189,198,2,-1
0.0,0.0,253,1,1
-0.000527728,0.000527728,211,3,-1
-0.001257366,0.001257366,417,6,-1
0.0,0.0,108,1,-1
0.0,0.0,74,1,-1
0.0,0.0,263,1,1
-0.000808315,0.000808315,97,2,1
0.0,0.0,49,1,1
0.0,0.0,108,1,-1
0.0,0.0,80,1,-1
-0.000660115,0.000660115,210,2,1
0.0,0.0,85,1,-1
-0.000132912,0.000132912,119,2,1
0.0,0.0,108,1,-1
0.0,0.0,108,1,-1
0.0,0.0,108,1,-1
0.0,0.0,108,1,-1
-0.000178262,0.000178262,209,2,1
0.0,0.0,108,1,-1
0.0,0.0,155,1,1
0.0,0.0,108,1,-1
0.0,0.0,155,1,1
0.0,0.0,108,1,-1
-0.000686554,0.000686554,209,2,1
0.0,0.0,108,1,-1
0.0,0.0,108,1,-1
0.0,0.0,54,1,1
0.0,0.0,108,1,-1
0.0,0.0,108,1,-1
0.0,0.0,54,1,1
0.0,0.0,108,1,-1
0.0,0.0,108,1,-1
0.0,0.0,155,1,1
0.0,0.0,108,1,-1
0.0,0.0,108,1,-1
0.0,0.0,54,1,1
0.0,0.0,108,1,-1
0.0,0.0,108,1,-1
0.0,0.0,108,1,-1
-0.000262099,0.000262099,213,2,1
0.0,0.0,159,1,1
0.0,0.0,108,1,-1
0.0,0.0,108,1,-1
0.0,0.0,54,1,1
0.0,0.0,108,1,-1
0.0,0.0,108,1,-1
0.0,0.0,54,1,1
0.0,0.0,108,1,-1
0.0,0.0,54,1,1
0.0,0.0,108,1,-1
0.0,0.0,214,1,1
0.0,0.0,108,1,-1
-4.51e-07,4.51e-07,211,2,1
0.0,0.0,108,1,-1
0.0,0.0,54,1,1
0.0,0.0,108,1,-1
0.0,0.0,108,1,-1
0.0,0.0,54,1,1
Clump Interarrival,Clump Duration,Clump Size,Clump Packets,Clump Direction
-0.000103979,0.000103979,262,2,-1
-0.000326455,0.000326455,456,2,1
0.0,0.0,173,1,-1
0.0,0.0,58,1,1
0.0,0.0,153,1,-1
-0.000741038,0.000741038,262,2,1
0.0,0.0,108,1,-1
0.0,0.0,108,1,-1
0.0,0.0,58,1,1
0.0,0.0,108,1,-1
-6.12e-07,6.12e-07,214,2,1
0.0,0.0,108,1,-1
0.0,0.0,54,1,1
0.0,0.0,108,1,-1
0.0,0.0,54,1,1
0.0,0.0,108,1,-1
0.0,0.0,54,1,1
0.0,0.0,108,1,-1
0.0,0.0,54,1,1
0.0,0.0,108,1,-1
-0.000225551,0.000225551,213,2,1
0.0,0.0,108,1,-1
-0.000902193,0.000902193,213,2,1
0.0,0.0,108,1,-1
-0.000405987,0.000405987,211,2,1
0.0,0.0,108,1,-1
0.0,0.0,54,1,1
0.0,0.0,108,1,-1
0.0,0.0,54,1,1
0.0,0.0,108,1,-1
0.0,0.0,54,1,1
0.0,0.0,108,1,-1
0.0,0.0,54,1,1
0.0,0.0,108,1,-1
0.0,0.0,54,1,1
0.0,0.0,108,1,-1
0.0,0.0,54,1,1
0.0,0.0,108,1,-1
-0.000204892,0.000204892,213,2,1
0.0,0.0,108,1,-1
0.0,0.0,54,1,1
0.0,0.0,108,1,-1
0.0,0.0,54,1,1
0.0,0.0,108,1,-1
0.0,0.0,54,1,1
0.0,0.0,108,1,-1
0.0,0.0,54,1,1
0.0,0.0,108,1,-1
0.0,0.0,54,1,1
0.0,0.0,108,1,-1
0.0,0.0,57,1,1
0.0,0.0,328,1,1
0.0,0.0,108,1,-1
0.0,0.0,108,1,-1
0.0,0.0,58,1,1
0.0,0.0,283,1,-1
0.0,0.0,332,1,1
0.0,0.0,283,1,-1
0.0,0.0,283,1,-1
0.0,0.0,122,1,-1
0.0,0.0,108,1,-1
0.0,0.0,108,1,-1
0.0,0.0,54,1,1
0.0,0.0,108,1,-1
0.0,0.0,54,1,1
0.0,0.0,108,1,-1
0.0,0.0,54,1,1
0.0,0.0,108,1,-1
0.0,0.0,54,1,1
0.0,0.0,108,1,-1
0.0,0.0,54,1,1
0.0,0.0,108,1,-1
0.0,0.0,54,1,1
0.0,0.0,108,1,-1
0.0,0.0,157,1,1
0.0,0.0,108,1,-1
-5.31e-07,5.31e-07,211,2,1
0.0,0.0,108,1,-1
-0.000329118,0.000329118,211,2,1
0.0,0.0,108,1,-1
0.0,0.0,54,1,1
0.0,0.0,108,1,-1
0.0,0.0,54,1,1
0.0,0.0,108,1,-1
-6.41e-07,6.41e-07,213,2,1
0.0,0.0,108,1,-1
0.0,0.0,54,1,1
0.0,0.0,108,1,-1
0.0,0.0,54,1,1
0.0,0.0,108,1,-1
-0.00020464,0.00020464,211,2,1
0.0,0.0,108,1,-1
0.0,0.0,54,1,1
0.0,0.0,108,1,-1
-0.000980392,0.000980392,209,2,1
0.0,0.0,108,1,-1
0.0,0.0,54,1,1
0.0,0.0,108,1,-1
-0.000611467,0.000611467,211,2,1
0.0,0.0,108,1,-1
0.0,0.0,54,1,1
0.0,0.0,108,1,-1
0.0,0.0,54,1,1
0.0,0.0,108,1,-1
0.0,0.0,54,1,1
0.0,0.0,108,1,-1
0.0,0.0,54,1,1
0.0,0.0,108,1,-1
0.0,0.0,55,1,1
0.0,0.0,108,1,-1
0.0,0.0,71,1,1
0.0,0.0,108,1,-1
0.0,0.0,54,1,1
0.0,0.0,108,1,-1
0.0,0.0,67,1,1
0.0,0.0,108,1,-1
0.0,0.0,54,1,1
0.0,0.0,108,1,-1
0.0,0.0,54,1,1
0.0,0.0,108,1,-1
-6.21e-07,6.21e-07,213,2,1
0.0,0.0,108,1,-1
0.0,0.0,54,1,1
0.0,0.0,108,1,-1
0.0,0.0,54,1,1
0.0,0.0,108,1,-1
0.0,0.0,57,1,1
0.0,0.0,108,1,-1
0.0,0.0,54,1,1
0.0,0.0,108,1,-1
0.0,0.0,58,1,1
0.0,0.0,108,1,-1
-0.000616065,0.000616065,209,2,1
0.0,0.0,108,1,-1
0.0,0.0,57,1,1
0.0,0.0,108,1,-1
0.0,0.0,54,1,1
0.0,0.0,108,1,-1
0.0,0.0,54,1,1
0.0,0.0,159,1,1
0.0,0.0,108,1,-1
0.0,0.0,54,1,1
0.0,0.0,108,1,-1
0.0,0.0,54,1,1
0.0,0.0,108,1,-1
-0.000579161,0.000579161,209,2,1
0.0,0.0,108,1,-1
0.0,0.0,54,1,1
0.0,0.0,108,1,-1
-0.0003006,0.0003006,213,2,1
0.0,0.0,108,1,-1
0.0,0.0,54,1,1
0.0,0.0,108,1,-1
0.0,0.0,54,1,1
0.0,0.0,108,1,-1
0.0,0.0,54,1,1
0.0,0.0,108,1,-1
-0.000737647,0.000737647,209,2,1
0.0,0.0,108,1,-1
0.0,0.0,54,1,1
0.0,0.0,108,1,-1
-0.000170365,0.000170365,211,2,1
0.0,0.0,108,1,-1
-6.01e-07,6.01e-07,209,2,1
0.0,0.0,108,1,-1
0.0,0.0,54,1,1
0.0,0.0,108,1,-1
0.0,0.0,54,1,1
0.0,0.0,108,1,-1
0.0,0.0,54,1,1
0.0,0.0,108,1,-1
0.0,0.0,54,1,1
0.0,0.0,108,1,-1
0.0,0.0,54,1,1
0.0,0.0,108,1,-1
0.0,0.0,54,1,1
0.0,0.0,108,1,-1
0.0,0.0,58,1,1
0.0,0.0,222,1,-1
0.0,0.0,128,1,-1
0.0,0.0,108,1,-1
0.0,0.0,54,1,1
0.0,0.0,173,1,-1
0.0,0.0,289,1,1
0.0,0.0,108,1,-1
0.0,0.0,54,1,1
0.0,0.0,149,1,-1
0.0,0.0,108,1,-1
0.0,0.0,157,1,1
0.0,0.0,108,1,-1
-0.000323005,0.000323005,211,2,1
0.0,0.0,108,1,-1
0.0,0.0,108,1,-1
0.0,0.0,54,1,1
0.0,0.0,108,1,-1
0.0,0.0,108,1,-1
0.0,0.0,54,1,1
0.0,0.0,108,1,-1
0.0,0.0,108,1,-1
-0.000835372,0.000835372,209,2,1
0.0,0.0,108,1,-1
0.0,0.0,108,1,-1
-0.000488949,0.000488949,209,2,1
0.0,0.0,108,1,-1
0.0,0.0,108,1,-1
0.0,0.0,54,1,1
0.0,0.0,108,1,-1
0.0,0.0,108,1,-1
-0.000164704,0.000164704,209,2,1
0.0,0.0,108,1,-1
0.0,0.0,108,1,-1
-0.000347622,0.000347622,211,2,1
0.0,0.0,108,1,-1
0.0,0.0,108,1,-1
-5.01e-07,5.01e-07,255,2,1
0.0,0.0,128,1,-1
0.0,0.0,222,1,-1
0.0,0.0,108,1,-1
0.0,0.0,108,1,-1
-0.000733444,0.000733444,445,2,1
0.0,0.0,108,1,-1
0.0,0.0,108,1,-1
0.0,0.0,54,1,1
0.0,0.0,173,1,-1
0.0,0.0,108,1,-1
0.0,0.0,108,1,-1
-0.000201621,0.000201621,211,2,1
0.0,0.0,149,1,-1
0.0,0.0,200,1,1
0.0,0.0,108,1,-1
0.0,0.0,155,1,1
0.0,0.0,108,1,-1
0.0,0.0,108,1,-1
0.0,0.0,54,1,1
0.0,0.0,157,1,1
0.0,0.0,108,1,-1
0.0,0.0,157,1,1
0.0,0.0,108,1,-1
0.0,0.0,108,1,-1
0.0,0.0,54,1,1
0.0,0.0,108,1,-1
0.0,0.0,108,1,-1
0.0,0.0,108,1,-1
0.0,0.0,108,1,-1
0.0,0.0,54,1,1
0.0,0.0,108,1,-1
0.0,0.0,108,1,-1
0.0,0.0,108,1,-1
0.0,0.0,159,1,1
0.0,0.0,108,1,-1
0.0,0.0,108,1,-1
0.0,0.0,55,1,1
0.0,0.0,108,1,-1
-0.000946846,0.000946846,205,2,1
0.0,0.0,108,1,-1
0.0,0.0,108,1,-1
0.0,0.0,54,1,1
0.0,0.0,108,1,-1
0.0,0.0,55,1,1
-0.00017332,0.00017332,203,2,1
0.0,0.0,108,1,-1
0.0,0.0,108,1,-1
-4.11e-07,4.11e-07,211,2,1
0.0,0.0,159,1,1
0.0,0.0,108,1,-1
0.0,0.0,157,1,1
0.0,0.0,108,1,-1
0.0,0.0,108,1,-1
-0.000365476,0.000365476,209,2,1
0.0,0.0,157,1,1
0.0,0.0,108,1,-1
0.0,0.0,108,1,-1
0.0,0.0,108,1,-1
0.0,0.0,54,1,1
0.0,0.0,157,1,1
0.0,0.0,157,1,1
0.0,0.0,108,1,-1
0.0,0.0,108,1,-1
0.0,0.0,108,1,-1
-0.000204649,0.000204649,209,2,1
0.0,0.0,108,1,-1
0.0,0.0,108,1,-1
0.0,0.0,108,1,-1
-0.000356996,0.000356996,213,2,1
0.0,0.0,108,1,-1
0.0,0.0,108,1,-1
0.0,0.0,108,1,-1
-0.000480712,0.000480712,211,2,1
0.0,0.0,157,1,1
0.0,0.0,108,1,-1
0.0,0.0,159,1,1
0.0,0.0,108,1,-1
0.0,0.0,108,1,-1
0.0,0.0,54,1,1
0.0,0.0,108,1,-1
0.0,0.0,108,1,-1
0.0,0.0,108,1,-1
0.0,0.0,54,1,1
0.0,0.0,108,1,-1
0.0,0.0,108,1,-1
0.0,0.0,108,1,-1
-0.000785696,0.000785696,213,2,1
0.0,0.0,108,1,-1
0.0,0.0,155,1,1
0.0,0.0,108,1,-1
0.0,0.0,108,1,-1
0.0,0.0,54,1,1
0.0,0.0,155,1,1
0.0,0.0,108,1,-1
0.0,0.0,157,1,1
0.0,0.0,108,1,-1
0.0,0.0,108,1,-1
0.0,0.0,54,1,1
0.0,0.0,108,1,-1
0.0,0.0,108,1,-1
0.0,0.0,108,1,-1
-0.000181014,0.000181014,209,2,1
0.0,0.0,108,1,-1
0.0,0.0,108,1,-1
0.0,0.0,108,1,-1
-6.41e-07,6.41e-07,211,2,1
0.0,0.0,108,1,-1
0.0,0.0,108,1,-1
0.0,0.0,108,1,-1
0.0,0.0,108,1,-1
0.0,0.0,54,1,1
-0.000719289,0.000719289,209,2,1
0.0,0.0,108,1,-1
0.0,0.0,108,1,-1
0.0,0.0,155,1,1
-0.000224284,0.000224284,209,2,1
0.0,0.0,108,1,-1
0.0,0.0,159,1,1
0.0,0.0,108,1,-1
0.0,0.0,108,1,-1
0.0,0.0,54,1,1
0.0,0.0,108,1,-1
0.0,0.0,157,1,1
0.0,0.0,108,1,-1
0.0,0.0,108,1,-1
0.0,0.0,54,1,1
0.0,0.0,155,1,1
0.0,0.0,108,1,-1
0.0,0.0,108,1,-1
0.0,0.0,108,1,-1
0.0,0.0,54,1,1
0.0,0.0,108,1,-1
0.0,0.0,108,1,-1
0.0,0.0,108,1,-1
0.0,0.0,54,1,1
0.0,0.0,108,1,-1
0.0,0.0,159,1,1
0.0,0.0,108,1,-1
-0.000540438,0.000540438,209,2,1
0.0,0.0,108,1,-1
0.0,0.0,157,1,1
0.0,0.0,108,1,-1
0.0,0.0,54,1,1
0.0,0.0,155,1,1
0.0,0.0,108,1,-1
0.0,0.0,159,1,1
0.0,0.0,108,1,-1
0.0,0.0,108,1,-1
-0.000231831,0.000231831,209,2,1
0.0,0.0,108,1,-1
0.0,0.0,108,1,-1
0.0,0.0,108,1,-1
0.0,0.0,54,1,1
0.0,0.0,108,1,-1
0.0,0.0,108,1,-1
0.0,0.0,108,1,-1
-0.000219397,0.000219397,211,2,1
0.0,0.0,108,1,-1
0.0,0.0,108,1,-1
0.0,0.0,108,1,-1
0.0,0.0,108,1,-1
0.0,0.0,108,1,-1
0.0,0.0,54,1,1
0.0,0.0,108,1,-1
0.0,0.0,108,1,-1
-0.000947311,0.000947311,213,2,1
0.0,0.0,108,1,-1
0.0,0.0,159,1,1
0.0,0.0,108,1,-1
0.0,0.0,108,1,-1
-0.000791374,0.000791374,211,2,1
0.0,0.0,108,1,-1
0.0,0.0,108,1,-1
0.0,0.0,108,1,-1
0.0,0.0,54,1,1
0.0,0.0,159,1,1
0.0,0.0,108,1,-1
0.0,0.0,108,1,-1
0.0,0.0,108,1,-1
-0.000178229,0.000178229,209,2,1
0.0,0.0,108,1,-1
0.0,0.0,108,1,-1
0.0,0.0,108,1,-1
-0.000617995,0.000617995,211,2,1
0.0,0.0,155,1,1
0.0,0.0,108,1,-1
0.0,0.0,108,1,-1
0.0,0.0,108,1,-1
0.0,0.0,54,1,1
0.0,0.0,108,1,-1
0.0,0.0,108,1,-1
0.0,0.0,108,1,-1
-0.000111892,0.000111892,211,2,1
0.0,0.0,159,1,1
0.0,0.0,108,1,-1
0.0,0.0,54,1,1
0.0,0.0,155,1,1
0.0,0.0,108,1,-1
0.0,0.0,157,1,1
0.0,0.0,108,1,-1
0.0,0.0,54,1,1
0.0,0.0,108,1,-1
0.0,0.0,108,1,-1
0.0,0.0,108,1,-1
0.0,0.0,54,1,1
0.0,0.0,108,1,-1
0.0,0.0,155,1,1
0.0,0.0,108,1,-1
0.0,0.0,108,1,-1
0.0,0.0,108,1,-1
-0.000729534,0.000729534,211,2,1
0.0,0.0,157,1,1
0.0,0.0,108,1,-1
0.0,0.0,108,1,-1
-5.21e-07,5.21e-07,211,2,1
0.0,0.0,108,1,-1
0.0,0.0,157,1,1
0.0,0.0,108,1,-1
0.0,0.0,54,1,1
0.0,0.0,108,1,-1
0.0,0.0,108,1,-1
0.0,0.0,108,1,-1
0.0,0.0,108,1,-1
0.0,0.0,54,1,1
0.0,0.0,108,1,-1
0.0,0.0,108,1,-1
-0.000234606,0.000234606,211,2,1
0.0,0.0,108,1,-1
0.0,0.0,108,1,-1
0.0,0.0,159,1,1
0.0,0.0,108,1,-1
-0.00020004,0.00020004,213,2,1
0.0,0.0,108,1,-1
0.0,0.0,108,1,-1
0.0,0.0,108,1,-1
0.0,0.0,108,1,-1
0.0,0.0,54,1,1
0.0,0.0,108,1,-1
0.0,0.0,54,1,1
0.0,0.0,108,1,-1
0.0,0.0,108,1,-1
0.0,0.0,108,1,-1
-8.12e-07,8.12e-07,209,2,1
0.0,0.0,108,1,-1
0.0,0.0,108,1,-1
0.0,0.0,54,1,1
0.0,0.0,108,1,-1
0.0,0.0,108,1,-1
-0.000187716,0.000187716,213,2,1
0.0,0.0,108,1,-1
-0.00012129,0.00012129,209,2,1
0.0,0.0,108,1,-1
0.0,0.0,108,1,-1
-0.000793657,0.000793657,213,2,1
0.0,0.0,108,1,-1
0.0,0.0,155,1,1
0.0,0.0,108,1,-1
0.0,0.0,54,1,1
0.0,0.0,108,1,-1
0.0,0.0,159,1,1
0.0,0.0,108,1,-1
0.0,0.0,54,1,1
0.0,0.0,108,1,-1
0.0,0.0,108,1,-1
0.0,0.0,54,1,1
0.0,0.0,108,1,-1
0.0,0.0,108,1,-1
-0.000225628,0.000225628,209,2,1
0.0,0.0,108,1,-1
0.0,0.0,108,1,-1
0.0,0.0,108,1,-1
-9.4279e-05,9.4279e-05,213,2,1
0.0,0.0,108,1,-1
0.0,0.0,108,1,-1
0.0,0.0,54,1,1
0.0,0.0,108,1,-1
-0.000470854,0.000470854,203,2,1
0.0,0.0,108,1,-1
0.0,0.0,54,1,1
0.0,0.0,108,1,-1
0.0,0.0,155,1,1
0.0,0.0,108,1,-1
0.0,0.0,54,1,1
0.0,0.0,108,1,-1
-0.000758951,0.000758951,203,2,1
0.0,0.0,108,1,-1
-9.12e-07,9.12e-07,213,2,1
0.0,0.0,108,1,-1
0.0,0.0,108,1,-1
-0.000435404,0.000435404,211,2,1
0.0,0.0,108,1,-1
0.0,0.0,155,1,1
0.0,0.0,108,1,-1
0.0,0.0,54,1,1
0.0,0.0,108,1,-1
-0.000392555,0.000392555,269,2,1
0.0,0.0,108,1,-1
0.0,0.0,108,1,-1
0.0,0.0,54,1,1
0.0,0.0,108,1,-1
0.0,0.0,54,1,1
0.0,0.0,108,1,-1
-4.7e-07,4.7e-07,212,2,1
0.0,0.0,108,1,-1
0.0,0.0,54,1,1
0.0,0.0,108,1,-1
-0.000479959,0.000479959,217,2,1
0.0,0.0,108,1,-1
0.0,0.0,57,1,1
0.0,0.0,108,1,-1
0.0,0.0,54,1,1
0.0,0.0,108,1,-1
0.0,0.0,54,1,1
0.0,0.0,108,1,-1
0.0,0.0,54,1,1
0.0,0.0,108,1,-1
-1.122e-06,1.122e-06,211,2,1
0.0,0.0,108,1,-1
0.0,0.0,54,1,1
0.0,0.0,108,1,-1
0.0,0.0,54,1,1
0.0,0.0,108,1,-1
0.0,0.0,54,1,1
0.0,0.0,108,1,-1
-0.000619713,0.000619713,213,2,1
0.0,0.0,108,1,-1
0.0,0.0,54,1,1
0.0,0.0,108,1,-1
0.0,0.0,54,1,1
0.0,0.0,157,1,1
0.0,0.0,108,1,-1
0.0,0.0,54,1,1
0.0,0.0,108,1,-1
0.0,0.0,54,1,1
0.0,0.0,108,1,-1
0.0,0.0,54,1,1
0.0,0.0,108,1,-1
0.0,0.0,54,1,1
0.0,0.0,108,1,-1
0.0,0.0,54,1,1
0.0,0.0,108,1,-1
0.0,0.0,54,1,1
0.0,0.0,108,1,-1
0.0,0.0,54,1,1
0.0,0.0,108,1,-1
0.0,0.0,54,1,1
0.0,0.0,108,1,-1
0.0,0.0,54,1,1
0.0,0.0,216,1,1
Clump Interarrival,Clump Duration,Clump Size,Clump Packets,Clump Direction
0.0,0.0,222,1,-1
-0.000489513,0.000489513,439,2,1
0.0,0.0,173,1,-1
-0.000846441,0.000846441,347,2,1
0.0,0.0,153,1,-1
-0.000671614,0.000671614,256,2,1
0.0,0.0,108,1,-1
0.0,0.0,155,1,1
0.0,0.0,108,1,-1
0.0,0.0,54,1,1
0.0,0.0,108,1,-1
-0.000217603,0.000217603,214,2,1
0.0,0.0,108,1,-1
0.0,0.0,54,1,1
0.0,0.0,108,1,-1
0.0,0.0,54,1,1
0.0,0.0,155,1,1
0.0,0.0,108,1,-1
0.0,0.0,108,1,-1
0.0,0.0,108,1,-1
0.0,0.0,54,1,1
0.0,0.0,108,1,-1
-0.000518186,0.000518186,211,2,1
0.0,0.0,108,1,-1
-5.81e-07,5.81e-07,211,2,1
0.0,0.0,108,1,-1
-6.21e-07,6.21e-07,209,2,1
0.0,0.0,108,1,-1
-6.31e-07,6.31e-07,209,2,1
0.0,0.0,108,1,-1
0.0,0.0,54,1,1
0.0,0.0,108,1,-1
0.0,0.0,54,1,1
0.0,0.0,159,1,1
0.0,0.0,108,1,-1
-0.000792896,0.000792896,209,2,1
0.0,0.0,108,1,-1
0.0,0.0,54,1,1
0.0,0.0,108,1,-1
0.0,0.0,54,1,1
0.0,0.0,108,1,-1
0.0,0.0,54,1,1
0.0,0.0,108,1,-1
0.0,0.0,54,1,1
0.0,0.0,108,1,-1
-8.01e-07,8.01e-07,383,2,1
0.0,0.0,108,1,-1
0.0,0.0,359,1,1
0.0,0.0,108,1,-1
0.0,0.0,283,1,-1
0.0,0.0,283,1,-1
0.0,0.0,58,1,1
0.0,0.0,283,1,-1
0.0,0.0,122,1,-1
0.0,0.0,108,1,-1
0.0,0.0,155,1,1
0.0,0.0,108,1,-1
0.0,0.0,54,1,1
0.0,0.0,159,1,1
0.0,0.0,108,1,-1
0.0,0.0,54,1,1
0.0,0.0,108,1,-1
0.0,0.0,54,1,1
0.0,0.0,155,1,1
0.0,0.0,108,1,-1
-0.000421282,0.000421282,211,2,1
0.0,0.0,108,1,-1
-0.00031497,0.00031497,211,2,1
0.0,0.0,108,1,-1
0.0,0.0,54,1,1
0.0,0.0,108,1,-1
-6.11e-07,6.11e-07,213,2,1
0.0,0.0,108,1,-1
0.0,0.0,54,1,1
0.0,0.0,108,1,-1
0.0,0.0,54,1,1
0.0,0.0,108,1,-1
0.0,0.0,54,1,1
0.0,0.0,155,1,1
0.0,0.0,108,1,-1
-6.62e-07,6.62e-07,213,2,1
0.0,0.0,108,1,-1
-0.000310747,0.000310747,211,2,1
0.0,0.0,108,1,-1
0.0,0.0,54,1,1
0.0,0.0,108,1,-1
0.0,0.0,54,1,1
0.0,0.0,108,1,-1
-7.31e-07,7.31e-07,210,2,1
0.0,0.0,108,1,-1
0.0,0.0,55,1,1
0.0,0.0,108,1,-1
-7.61e-07,7.61e-07,212,2,1
0.0,0.0,108,1,-1
0.0,0.0,71,1,1
0.0,0.0,108,1,-1
-7.72e-07,7.72e-07,213,2,1
0.0,0.0,108,1,-1
0.0,0.0,54,1,1
0.0,0.0,108,1,-1
-0.000552136,0.000552136,209,2,1
0.0,0.0,108,1,-1
0.0,0.0,159,1,1
0.0,0.0,108,1,-1
0.0,0.0,54,1,1
0.0,0.0,108,1,-1
0.0,0.0,159,1,1
0.0,0.0,108,1,-1
-6.11e-07,6.11e-07,209,2,1
0.0,0.0,108,1,-1
-6.11e-07,6.11e-07,211,2,1
0.0,0.0,108,1,-1
0.0,0.0,55,1,1
0.0,0.0,108,1,-1
0.0,0.0,67,1,1
0.0,0.0,108,1,-1
0.0,0.0,54,1,1
0.0,0.0,108,1,-1
0.0,0.0,54,1,1
0.0,0.0,108,1,-1
-0.000422521,0.000422521,213,2,1
0.0,0.0,108,1,-1
0.0,0.0,54,1,1
0.0,0.0,155,1,1
0.0,0.0,108,1,-1
0.0,0.0,54,1,1
0.0,0.0,108,1,-1
0.0,0.0,54,1,1
0.0,0.0,108,1,-1
0.0,0.0,54,1,1
0.0,0.0,108,1,-1
-6.21e-07,6.21e-07,209,2,1
0.0,0.0,108,1,-1
0.0,0.0,54,1,1
0.0,0.0,108,1,-1
0.0,0.0,57,1,1
0.0,0.0,108,1,-1
0.0,0.0,57,1,1
0.0,0.0,108,1,-1
0.0,0.0,54,1,1
0.0,0.0,157,1,1
0.0,0.0,108,1,-1
0.0,0.0,54,1,1
0.0,0.0,108,1,-1
0.0,0.0,58,1,1
0.0,0.0,108,1,-1
0.0,0.0,54,1,1
0.0,0.0,108,1,-1
-7.31e-07,7.31e-07,213,2,1
0.0,0.0,108,1,-1
0.0,0.0,54,1,1
0.0,0.0,108,1,-1
0.0,0.0,58,1,1
0.0,0.0,195,1,1
0.0,0.0,222,1,-1
0.0,0.0,128,1,-1
0.0,0.0,108,1,-1
0.0,0.0,159,1,1
0.0,0.0,173,1,-1
-6.21e-07,6.21e-07,347,2,1
0.0,0.0,108,1,-1
0.0,0.0,149,1,-1
-9.72e-07,9.72e-07,253,2,1
0.0,0.0,108,1,-1
0.0,0.0,155,1,1
0.0,0.0,108,1,-1
0.0,0.0,54,1,1
0.0,0.0,108,1,-1
0.0,0.0,108,1,-1
0.0,0.0,54,1,1
0.0,0.0,108,1,-1
0.0,0.0,159,1,1
0.0,0.0,108,1,-1
0.0,0.0,54,1,1
0.0,0.0,108,1,-1
0.0,0.0,108,1,-1
-6.01e-07,6.01e-07,213,2,1
0.0,0.0,108,1,-1
0.0,0.0,159,1,1
0.0,0.0,108,1,-1
0.0,0.0,54,1,1
0.0,0.0,108,1,-1
0.0,0.0,159,1,1
0.0,0.0,108,1,-1
-6.61e-07,6.61e-07,213,2,1
0.0,0.0,108,1,-1
-6.02e-07,6.02e-07,209,2,1
0.0,0.0,108,1,-1
0.0,0.0,195,1,1
0.0,0.0,128,1,-1
0.0,0.0,222,1,-1
0.0,0.0,108,1,-1
-0.001061858,0.001061858,598,3,1
0.0,0.0,108,1,-1
0.0,0.0,155,1,1
0.0,0.0,173,1,-1
0.0,0.0,108,1,-1
0.0,0.0,108,1,-1
0.0,0.0,54,1,1
0.0,0.0,149,1,-1
0.0,0.0,108,1,-1
0.0,0.0,108,1,-1
0.0,0.0,159,1,1
0.0,0.0,108,1,-1
0.0,0.0,54,1,1
0.0,0.0,108,1,-1
0.0,0.0,54,1,1
0.0,0.0,108,1,-1
0.0,0.0,108,1,-1
0.0,0.0,159,1,1
0.0,0.0,108,1,-1
0.0,0.0,108,1,-1
0.0,0.0,54,1,1
0.0,0.0,159,1,1
0.0,0.0,108,1,-1
0.0,0.0,108,1,-1
0.0,0.0,108,1,-1
0.0,0.0,108,1,-1
-0.000916787,0.000916787,370,3,1
0.0,0.0,155,1,1
0.0,0.0,108,1,-1
0.0,0.0,108,1,-1
0.0,0.0,159,1,1
0.0,0.0,108,1,-1
0.0,0.0,108,1,-1
0.0,0.0,54,1,1
0.0,0.0,159,1,1
0.0,0.0,108,1,-1
0.0,0.0,108,1,-1
0.0,0.0,155,1,1
0.0,0.0,108,1,-1
0.0,0.0,108,1,-1
-0.000364835,0.000364835,213,2,1
0.0,0.0,108,1,-1
0.0,0.0,157,1,1
0.0,0.0,108,1,-1
0.0,0.0,54,1,1
0.0,0.0,108,1,-1
0.0,0.0,108,1,-1
0.0,0.0,54,1,1
0.0,0.0,108,1,-1
0.0,0.0,108,1,-1
0.0,0.0,108,1,-1
-0.000565778,0.000565778,213,2,1
0.0,0.0,108,1,-1
0.0,0.0,54,1,1
0.0,0.0,108,1,-1
0.0,0.0,157,1,1
0.0,0.0,108,1,-1
0.0,0.0,108,1,-1
0.0,0.0,54,1,1
0.0,0.0,108,1,-1
0.0,0.0,157,1,1
0.0,0.0,108,1,-1
0.0,0.0,108,1,-1
0.0,0.0,54,1,1
0.0,0.0,108,1,-1
0.0,0.0,108,1,-1
0.0,0.0,108,1,-1
0.0,0.0,54,1,1
0.0,0.0,108,1,-1
0.0,0.0,108,1,-1
0.0,0.0,48,1,1
0.0,0.0,108,1,-1
0.0,0.0,54,1,1
0.0,0.0,108,1,-1
0.0,0.0,108,1,-1
0.0,0.0,157,1,1
0.0,0.0,108,1,-1
0.0,0.0,54,1,1
0.0,0.0,108,1,-1
0.0,0.0,108,1,-1
0.0,0.0,108,1,-1
0.0,0.0,155,1,1
0.0,0.0,108,1,-1
0.0,0.0,108,1,-1
0.0,0.0,54,1,1
0.0,0.0,108,1,-1
0.0,0.0,108,1,-1
0.0,0.0,108,1,-1
0.0,0.0,54,1,1
0.0,0.0,108,1,-1
0.0,0.0,108,1,-1
0.0,0.0,108,1,-1
-4.21e-07,4.21e-07,211,2,1
0.0,0.0,155,1,1
0.0,0.0,108,1,-1
0.0,0.0,108,1,-1
0.0,0.0,108,1,-1
-0.000875371,0.000875371,209,2,1
0.0,0.0,108,1,-1
0.0,0.0,108,1,-1
0.0,0.0,54,1,1
0.0,0.0,155,1,1
0.0,0.0,108,1,-1
0.0,0.0,108,1,-1
0.0,0.0,54,1,1
0.0,0.0,159,1,1
0.0,0.0,108,1,-1
0.0,0.0,108,1,-1
0.0,0.0,108,1,-1
0.0,0.0,67,1,1
0.0,0.0,159,1,1
0.0,0.0,155,1,1
0.0,0.0,108,1,-1
0.0,0.0,108,1,-1
0.0,0.0,54,1,1
0.0,0.0,108,1,-1
0.0,0.0,108,1,-1
0.0,0.0,159,1,1
0.0,0.0,108,1,-1
-0.000865834,0.000865834,209,2,1
0.0,0.0,108,1,-1
0.0,0.0,108,1,-1
-6.61e-07,6.61e-07,209,2,1
0.0,0.0,108,1,-1
0.0,0.0,108,1,-1
0.0,0.0,108,1,-1
0.0,0.0,108,1,-1
0.0,0.0,54,1,1
0.0,0.0,159,1,1
0.0,0.0,108,1,-1
0.0,0.0,108,1,-1
0.0,0.0,54,1,1
0.0,0.0,108,1,-1
0.0,0.0,155,1,1
0.0,0.0,108,1,-1
0.0,0.0,159,1,1
0.0,0.0,108,1,-1
0.0,0.0,54,1,1
0.0,0.0,108,1,-1
0.0,0.0,157,1,1
0.0,0.0,108,1,-1
0.0,0.0,54,1,1
0.0,0.0,155,1,1
0.0,0.0,108,1,-1
0.0,0.0,108,1,-1
0.0,0.0,155,1,1
0.0,0.0,155,1,1
0.0,0.0,108,1,-1
0.0,0.0,54,1,1
0.0,0.0,108,1,-1
0.0,0.0,108,1,-1
0.0,0.0,155,1,1
0.0,0.0,108,1,-1
0.0,0.0,54,1,1
0.0,0.0,108,1,-1
0.0,0.0,108,1,-1
0.0,0.0,108,1,-1
0.0,0.0,57,1,1
0.0,0.0,108,1,-1
0.0,0.0,108,1,-1
0.0,0.0,157,1,1
0.0,0.0,108,1,-1
0.0,0.0,54,1,1
0.0,0.0,108,1,-1
0.0,0.0,108,1,-1
0.0,0.0,157,1,1
-0.000733975,0.000733975,209,2,1
0.0,0.0,108,1,-1
0.0,0.0,159,1,1
0.0,0.0,108,1,-1
0.0,0.0,108,1,-1
0.0,0.0,54,1,1
0.0,0.0,155,1,1
0.0,0.0,108,1,-1
0.0,0.0,108,1,-1
0.0,0.0,108,1,-1
0.0,0.0,54,1,1
0.0,0.0,108,1,-1
0.0,0.0,54,1,1
0.0,0.0,108,1,-1
0.0,0.0,108,1,-1
0.0,0.0,157,1,1
0.0,0.0,159,1,1
0.0,0.0,108,1,-1
-0.000342623,0.000342623,213,2,1
0.0,0.0,108,1,-1
0.0,0.0,108,1,-1
0.0,0.0,157,1,1
0.0,0.0,108,1,-1
0.0,0.0,54,1,1
0.0,0.0,108,1,-1
0.0,0.0,108,1,-1
0.0,0.0,157,1,1
0.0,0.0,108,1,-1
0.0,0.0,54,1,1
0.0,0.0,108,1,-1
0.0,0.0,108,1,-1
0.0,0.0,108,1,-1
0.0,0.0,54,1,1
0.0,0.0,159,1,1
0.0,0.0,108,1,-1
0.0,0.0,108,1,-1
0.0,0.0,108,1,-1
0.0,0.0,54,1,1
0.0,0.0,108,1,-1
0.0,0.0,108,1,-1
-0.000920344,0.000920344,368,3,1
0.0,0.0,108,1,-1
0.0,0.0,108,1,-1
0.0,0.0,108,1,-1
0.0,0.0,54,1,1
0.0,0.0,108,1,-1
0.0,0.0,155,1,1
0.0,0.0,108,1,-1
0.0,0.0,54,1,1
0.0,0.0,108,1,-1
0.0,0.0,108,1,-1
0.0,0.0,108,1,-1
0.0,0.0,54,1,1
0.0,0.0,157,1,1
0.0,0.0,108,1,-1
0.0,0.0,157,1,1
0.0,0.0,108,1,-1
0.0,0.0,155,1,1
0.0,0.0,108,1,-1
0.0,0.0,108,1,-1
-0.000887878,0.000887878,209,2,1
0.0,0.0,108,1,-1
0.0,0.0,54,1,1
0.0,0.0,108,1,-1
0.0,0.0,108,1,-1
0.0,0.0,108,1,-1
0.0,0.0,54,1,1
0.0,0.0,108,1,-1
0.0,0.0,108,1,-1
0.0,0.0,54,1,1
0.0,0.0,108,1,-1
0.0,0.0,108,1,-1
-0.000822597,0.000822597,209,2,1
0.0,0.0,108,1,-1
0.0,0.0,108,1,-1
-0.00050989,0.00050989,209,2,1
0.0,0.0,108,1,-1
0.0,0.0,108,1,-1
0.0,0.0,54,1,1
0.0,0.0,108,1,-1
0.0,0.0,108,1,-1
0.0,0.0,54,1,1
0.0,0.0,108,1,-1
0.0,0.0,54,1,1
0.0,0.0,108,1,-1
0.0,0.0,108,1,-1
0.0,0.0,54,1,1
0.0,0.0,108,1,-1
0.0,0.0,108,1,-1
0.0,0.0,54,1,1
0.0,0.0,155,1,1
0.0,0.0,108,1,-1
0.0,0.0,157,1,1
0.0,0.0,108,1,-1
0.0,0.0,54,1,1
0.0,0.0,108,1,-1
0.0,0.0,155,1,1
0.0,0.0,108,1,-1
-0.00029562,0.00029562,209,2,1
0.0,0.0,108,1,-1
0.0,0.0,157,1,1
0.0,0.0,108,1,-1
0.0,0.0,54,1,1
0.0,0.0,108,1,-1
0.0,0.0,159,1,1
0.0,0.0,108,1,-1
0.0,0.0,57,1,1
0.0,0.0,108,1,-1
0.0,0.0,108,1,-1
0.0,0.0,54,1,1
0.0,0.0,159,1,1
0.0,0.0,108,1,-1
0.0,0.0,54,1,1
0.0,0.0,155,1,1
0.0,0.0,108,1,-1
-0.000243894,0.000243894,211,2,1
0.0,0.0,108,1,-1
0.0,0.0,54,1,1
0.0,0.0,155,1,1
0.0,0.0,108,1,-1
0.0,0.0,54,1,1
0.0,0.0,157,1,1
0.0,0.0,108,1,-1
-0.000864306,0.000864306,211,2,1
0.0,0.0,108,1,-1
0.0,0.0,54,1,1
0.0,0.0,108,1,-1
0.0,0.0,54,1,1
0.0,0.0,108,1,-1
0.0,0.0,54,1,1
0.0,0.0,108,1,-1
0.0,0.0,71,1,1
0.0,0.0,108,1,-1
-0.000931755,0.000931755,213,2,1
0.0,0.0,108,1,-1
0.0,0.0,54,1,1
0.0,0.0,108,1,-1
-6.81e-07,6.81e-07,211,2,1
0.0,0.0,108,1,-1
0.0,0.0,54,1,1
0.0,0.0,108,1,-1
0.0,0.0,54,1,1
0.0,0.0,159,1,1
0.0,0.0,108,1,-1
0.0,0.0,54,1,1
0.0,0.0,108,1,-1
0.0,0.0,54,1,1
0.0,0.0,108,1,-1
0.0,0.0,54,1,1
0.0,0.0,108,1,-1
0.0,0.0,71,1,1
0.0,0.0,211,1,1
Clump Interarrival,Clump Duration,Clump Size,Clump Packets,Clump Direction
0.0,0.0,222,1,-1
0.0,0.0,71,1,1
0.0,0.0,173,1,-1
0.0,0.0,57,1,1
0.0,0.0,153,1,-1
0.0,0.0,58,1,1
0.0,0.0,108,1,-1
0.0,0.0,108,1,-1
0.0,0.0,54,1,1
0.0,0.0,108,1,-1
0.0,0.0,54,1,1
0.0,0.0,108,1,-1
0.0,0.0,57,1,1
0.0,0.0,108,1,-1
0.0,0.0,54,1,1
0.0,0.0,108,1,-1
0.0,0.0,57,1,1
0.0,0.0,108,1,-1
0.0,0.0,54,1,1
0.0,0.0,108,1,-1
0.0,0.0,54,1,1
0.0,0.0,108,1,-1
0.0,0.0,54,1,1
0.0,0.0,108,1,-1
0.0,0.0,54,1,1
0.0,0.0,108,1,-1
-7.82e-07,7.82e-07,211,2,1
0.0,0.0,108,1,-1
0.0,0.0,54,1,1
0.0,0.0,108,1,-1
-4.61e-07,4.61e-07,211,2,1
0.0,0.0,108,1,-1
0.0,0.0,54,1,1
0.0,0.0,108,1,-1
0.0,0.0,54,1,1
0.0,0.0,108,1,-1
0.0,0.0,58,1,1
0.0,0.0,108,1,-1
0.0,0.0,57,1,1
0.0,0.0,108,1,-1
0.0,0.0,283,1,-1
0.0,0.0,283,1,-1
0.0,0.0,283,1,-1
0.0,0.0,122,1,-1
0.0,0.0,169,1,1
0.0,0.0,108,1,-1
0.0,0.0,108,1,-1
-4.41e-07,4.41e-07,209,2,1
0.0,0.0,108,1,-1
0.0,0.0,54,1,1
0.0,0.0,108,1,-1
0.0,0.0,54,1,1
0.0,0.0,108,1,-1
0.0,0.0,108,1,-1
0.0,0.0,54,1,1
0.0,0.0,108,1,-1
0.0,0.0,54,1,1
0.0,0.0,108,1,-1
0.0,0.0,54,1,1
0.0,0.0,108,1,-1
0.0,0.0,54,1,1
0.0,0.0,108,1,-1
0.0,0.0,54,1,1
0.0,0.0,108,1,-1
0.0,0.0,54,1,1
0.0,0.0,108,1,-1
0.0,0.0,54,1,1
0.0,0.0,108,1,-1
0.0,0.0,54,1,1
0.0,0.0,108,1,-1
0.0,0.0,54,1,1
0.0,0.0,108,1,-1
0.0,0.0,54,1,1
0.0,0.0,108,1,-1
0.0,0.0,54,1,1
0.0,0.0,108,1,-1
0.0,0.0,54,1,1
0.0,0.0,108,1,-1
0.0,0.0,54,1,1
0.0,0.0,108,1,-1
0.0,0.0,54,1,1
0.0,0.0,108,1,-1
0.0,0.0,54,1,1
0.0,0.0,108,1,-1
0.0,0.0,54,1,1
0.0,0.0,108,1,-1
0.0,0.0,54,1,1
0.0,0.0,108,1,-1
0.0,0.0,54,1,1
0.0,0.0,108,1,-1
0.0,0.0,54,1,1
0.0,0.0,108,1,-1
-4.81e-07,4.81e-07,253,2,1
0.0,0.0,222,1,-1
0.0,0.0,128,1,-1
-4.61e-07,4.61e-07,233,2,1
0.0,0.0,108,1,-1
0.0,0.0,48,1,1
0.0,0.0,173,1,-1
0.0,0.0,108,1,-1
0.0,0.0,149,1,-1
0.0,0.0,54,1,1
0.0,0.0,159,1,1
0.0,0.0,108,1,-1
0.0,0.0,108,1,-1
0.0,0.0,155,1,1
0.0,0.0,108,1,-1
0.0,0.0,54,1,1
0.0,0.0,108,1,-1
0.0,0.0,108,1,-1
0.0,0.0,54,1,1
0.0,0.0,108,1,-1
0.0,0.0,108,1,-1
0.0,0.0,54,1,1
0.0,0.0,108,1,-1
0.0,0.0,108,1,-1
0.0,0.0,55,1,1
0.0,0.0,108,1,-1
0.0,0.0,155,1,1
0.0,0.0,108,1,-1
0.0,0.0,55,1,1
0.0,0.0,157,1,1
0.0,0.0,108,1,-1
0.0,0.0,67,1,1
0.0,0.0,108,1,-1
0.0,0.0,108,1,-1
0.0,0.0,54,1,1
0.0,0.0,157,1,1
0.0,0.0,108,1,-1
0.0,0.0,108,1,-1
0.0,0.0,54,1,1
0.0,0.0,108,1,-1
0.0,0.0,108,1,-1
-0.00054807,0.00054807,209,2,1
0.0,0.0,108,1,-1
0.0,0.0,108,1,-1
-6.01e-07,6.01e-07,209,2,1
0.0,0.0,108,1,-1
0.0,0.0,222,1,-1
0.0,0.0,128,1,-1
0.0,0.0,108,1,-1
-0.000446376,0.000446376,439,2,1
0.0,0.0,108,1,-1
0.0,0.0,173,1,-1
-4.91e-07,4.91e-07,343,2,1
0.0,0.0,108,1,-1
0.0,0.0,157,1,1
0.0,0.0,108,1,-1
0.0,0.0,147,1,-1
-4.41e-07,4.41e-07,255,2,1
0.0,0.0,108,1,-1
0.0,0.0,155,1,-1
0.0,0.0,206,1,1
0.0,0.0,128,1,-1
0.0,0.0,108,1,-1
0.0,0.0,155,1,1
0.0,0.0,108,1,-1
0.0,0.0,58,1,1
0.0,0.0,108,1,-1
0.0,0.0,54,1,1
0.0,0.0,108,1,-1
0.0,0.0,108,1,-1
0.0,0.0,54,1,1
0.0,0.0,108,1,-1
0.0,0.0,108,1,-1
0.0,0.0,54,1,1
0.0,0.0,108,1,-1
0.0,0.0,159,1,1
0.0,0.0,108,1,-1
0.0,0.0,54,1,1
0.0,0.0,108,1,-1
0.0,0.0,108,1,-1
0.0,0.0,54,1,1
0.0,0.0,108,1,-1
0.0,0.0,108,1,-1
0.0,0.0,54,1,1
0.0,0.0,108,1,-1
0.0,0.0,108,1,-1
-4.51e-07,4.51e-07,213,2,1
0.0,0.0,108,1,-1
0.0,0.0,108,1,-1
0.0,0.0,108,1,-1
0.0,0.0,54,1,1
0.0,0.0,54,1,1
0.0,0.0,108,1,-1
0.0,0.0,108,1,-1
0.0,0.0,157,1,1
0.0,0.0,108,1,-1
0.0,0.0,54,1,1
0.0,0.0,108,1,-1
0.0,0.0,108,1,-1
-0.000407784,0.000407784,211,2,1
0.0,0.0,108,1,-1
0.0,0.0,108,1,-1
0.0,0.0,54,1,1
0.0,0.0,108,1,-1
0.0,0.0,108,1,-1
-3.21e-07,3.21e-07,209,2,1
0.0,0.0,108,1,-1
0.0,0.0,54,1,1
0.0,0.0,108,1,-1
0.0,0.0,108,1,-1
0.0,0.0,54,1,1
0.0,0.0,108,1,-1
0.0,0.0,108,1,-1
0.0,0.0,54,1,1
0.0,0.0,108,1,-1
0.0,0.0,108,1,-1
0.0,0.0,54,1,1
0.0,0.0,108,1,-1
0.0,0.0,108,1,-1
0.0,0.0,54,1,1
0.0,0.0,108,1,-1
0.0,0.0,108,1,-1
0.0,0.0,54,1,1
0.0,0.0,108,1,-1
0.0,0.0,54,1,1
0.0,0.0,108,1,-1
0.0,0.0,108,1,-1
0.0,0.0,54,1,1
0.0,0.0,108,1,-1
0.0,0.0,108,1,-1
-4.61e-07,4.61e-07,213,2,1
0.0,0.0,108,1,-1
0.0,0.0,108,1,-1
0.0,0.0,54,1,1
0.0,0.0,108,1,-1
0.0,0.0,108,1,-1
0.0,0.0,54,1,1
0.0,0.0,108,1,-1
0.0,0.0,108,1,-1
0.0,0.0,54,1,1
0.0,0.0,108,1,-1
0.0,0.0,108,1,-1
0.0,0.0,54,1,1
0.0,0.0,108,1,-1
0.0,0.0,108,1,-1
0.0,0.0,54,1,1
0.0,0.0,108,1,-1
0.0,0.0,157,1,1
0.0,0.0,108,1,-1
0.0,0.0,54,1,1
0.0,0.0,108,1,-1
0.0,0.0,54,1,1
0.0,0.0,108,1,-1
0.0,0.0,108,1,-1
0.0,0.0,54,1,1
0.0,0.0,108,1,-1
0.0,0.0,155,1,1
0.0,0.0,108,1,-1
0.0,0.0,54,1,1
0.0,0.0,108,1,-1
0.0,0.0,108,1,-1
0.0,0.0,58,1,1
0.0,0.0,108,1,-1
0.0,0.0,108,1,-1
0.0,0.0,54,1,1
0.0,0.0,108,1,-1
-4.61e-07,4.61e-07,213,2,1
0.0,0.0,108,1,-1
-4.51e-07,4.51e-07,211,2,1
0.0,0.0,108,1,-1
0.0,0.0,54,1,1
0.0,0.0,108,1,-1
0.0,0.0,54,1,1
0.0,0.0,108,1,-1
0.0,0.0,54,1,1
0.0,0.0,108,1,-1
0.0,0.0,54,1,1
0.0,0.0,108,1,-1
0.0,0.0,71,1,1
0.0,0.0,108,1,-1
0.0,0.0,54,1,1
0.0,0.0,108,1,-1
0.0,0.0,54,1,1
0.0,0.0,108,1,-1
-4.51e-07,4.51e-07,211,2,1
0.0,0.0,108,1,-1
0.0,0.0,54,1,1
0.0,0.0,108,1,-1
-5.31e-07,5.31e-07,211,2,1
0.0,0.0,108,1,-1
0.0,0.0,54,1,1
0.0,0.0,108,1,-1
0.0,0.0,54,1,1
0.0,0.0,108,1,-1
0.0,0.0,67,1,1
0.0,0.0,108,1,-1
0.0,0.0,54,1,1
0.0,0.0,108,1,-1
0.0,0.0,54,1,1
0.0,0.0,108,1,-1
0.0,0.0,54,1,1
0.0,0.0,108,1,-1
0.0,0.0,54,1,1
0.0,0.0,108,1,-1
0.0,0.0,54,1,1
0.0,0.0,108,1,-1
-3.11e-07,3.11e-07,211,2,1
0.0,0.0,108,1,-1
0.0,0.0,57,1,1
0.0,0.0,108,1,-1
0.0,0.0,54,1,1
0.0,0.0,155,1,1
0.0,0.0,108,1,-1
0.0,0.0,57,1,1
0.0,0.0,108,1,-1
0.0,0.0,54,1,1
0.0,0.0,108,1,-1
0.0,0.0,54,1,1
0.0,0.0,108,1,-1
0.0,0.0,58,1,1
0.0,0.0,108,1,-1
0.0,0.0,54,1,1
0.0,0.0,108,1,-1
0.0,0.0,58,1,1
Clump Interarrival,Clump Duration,Clump Size,Clump Packets,Clump Direction
0.0,0.0,222,1,-1
0.0,0.0,58,1,1
0.0,0.0,173,1,-1
0.0,0.0,58,1,1
0.0,0.0,153,1,-1
0.0,0.0,54,1,1
0.0,0.0,204,1,1
0.0,0.0,108,1,-1
0.0,0.0,108,1,-1
0.0,0.0,55,1,1
0.0,0.0,108,1,-1
0.0,0.0,54,1,1
0.0,0.0,108,1,-1
0.0,0.0,57,1,1
0.0,0.0,108,1,-1
0.0,0.0,54,1,1
0.0,0.0,108,1,-1
0.0,0.0,157,1,1
0.0,0.0,108,1,-1
0.0,0.0,54,1,1
0.0,0.0,108,1,-1
-6.52e-07,6.52e-07,211,2,1
0.0,0.0,108,1,-1
0.0,0.0,54,1,1
0.0,0.0,108,1,-1
0.0,0.0,54,1,1
0.0,0.0,108,1,-1
-6.51e-07,6.51e-07,210,2,1
0.0,0.0,108,1,-1
-6.61e-07,6.61e-07,210,2,1
0.0,0.0,108,1,-1
0.0,0.0,71,1,1
0.0,0.0,108,1,-1
0.0,0.0,54,1,1
0.0,0.0,108,1,-1
0.0,0.0,57,1,1
0.0,0.0,108,1,-1
0.0,0.0,108,1,-1
0.0,0.0,108,1,-1
0.0,0.0,283,1,-1
0.0,0.0,283,1,-1
0.0,0.0,58,1,1
0.0,0.0,283,1,-1
0.0,0.0,122,1,-1
0.0,0.0,108,1,-1
0.0,0.0,108,1,-1
0.0,0.0,54,1,1
0.0,0.0,108,1,-1
0.0,0.0,54,1,1
0.0,0.0,108,1,-1
0.0,0.0,54,1,1
0.0,0.0,108,1,-1
0.0,0.0,54,1,1
0.0,0.0,108,1,-1
0.0,0.0,54,1,1
0.0,0.0,108,1,-1
0.0,0.0,54,1,1
0.0,0.0,108,1,-1
0.0,0.0,58,1,1
0.0,0.0,222,1,-1
0.0,0.0,128,1,-1
0.0,0.0,108,1,-1
0.0,0.0,54,1,1
0.0,0.0,173,1,-1
0.0,0.0,287,1,1
0.0,0.0,108,1,-1
0.0,0.0,54,1,1
0.0,0.0,149,1,-1
0.0,0.0,283,1,-1
0.0,0.0,58,1,1
0.0,0.0,108,1,-1
0.0,0.0,120,1,-1
0.0,0.0,108,1,-1
0.0,0.0,108,1,-1
0.0,0.0,54,1,1
0.0,0.0,108,1,-1
0.0,0.0,108,1,-1
0.0,0.0,54,1,1
0.0,0.0,108,1,-1
0.0,0.0,108,1,-1
0.0,0.0,54,1,1
0.0,0.0,108,1,-1
0.0,0.0,108,1,-1
0.0,0.0,54,1,1
0.0,0.0,108,1,-1
0.0,0.0,108,1,-1
0.0,0.0,54,1,1
0.0,0.0,108,1,-1
0.0,0.0,55,1,1
0.0,0.0,108,1,-1
0.0,0.0,108,1,-1
-6.31e-07,6.31e-07,210,2,1
0.0,0.0,108,1,-1
0.0,0.0,67,1,1
0.0,0.0,108,1,-1
0.0,0.0,108,1,-1
0.0,0.0,54,1,1
0.0,0.0,108,1,-1
0.0,0.0,54,1,1
0.0,0.0,108,1,-1
0.0,0.0,108,1,-1
0.0,0.0,54,1,1
0.0,0.0,108,1,-1
0.0,0.0,155,1,1
0.0,0.0,108,1,-1
0.0,0.0,54,1,1
0.0,0.0,108,1,-1
0.0,0.0,54,1,1
0.0,0.0,108,1,-1
0.0,0.0,108,1,-1
0.0,0.0,54,1,1
0.0,0.0,108,1,-1
0.0,0.0,108,1,-1
0.0,0.0,108,1,-1
0.0,0.0,54,1,1
0.0,0.0,108,1,-1
0.0,0.0,155,1,1
0.0,0.0,108,1,-1
0.0,0.0,54,1,1
0.0,0.0,108,1,-1
0.0,0.0,108,1,-1
0.0,0.0,54,1,1
0.0,0.0,108,1,-1
0.0,0.0,108,1,-1
0.0,0.0,54,1,1
0.0,0.0,108,1,-1
0.0,0.0,54,1,1
0.0,0.0,108,1,-1
0.0,0.0,108,1,-1
0.0,0.0,54,1,1
0.0,0.0,108,1,-1
0.0,0.0,108,1,-1
0.0,0.0,54,1,1
0.0,0.0,159,1,1
0.0,0.0,108,1,-1
0.0,0.0,108,1,-1
0.0,0.0,54,1,1
0.0,0.0,108,1,-1
0.0,0.0,54,1,1
0.0,0.0,159,1,1
0.0,0.0,108,1,-1
0.0,0.0,108,1,-1
0.0,0.0,54,1,1
0.0,0.0,108,1,-1
0.0,0.0,108,1,-1
0.0,0.0,54,1,1
0.0,0.0,108,1,-1
0.0,0.0,108,1,-1
0.0,0.0,108,1,-1
0.0,0.0,54,1,1
0.0,0.0,108,1,-1
0.0,0.0,54,1,1
0.0,0.0,108,1,-1
0.0,0.0,108,1,-1
0.0,0.0,55,1,1
0.0,0.0,108,1,-1
0.0,0.0,108,1,-1
0.0,0.0,58,1,1
0.0,0.0,222,1,-1
0.0,0.0,128,1,-1
0.0,0.0,108,1,-1
0.0,0.0,57,1,1
0.0,0.0,108,1,-1
0.0,0.0,173,1,-1
0.0,0.0,108,1,-1
0.0,0.0,54,1,1
0.0,0.0,108,1,-1
0.0,0.0,153,1,-1
0.0,0.0,108,1,-1
0.0,0.0,54,1,1
0.0,0.0,283,1,-1
0.0,0.0,79,1,-1
0.0,0.0,108,1,-1
0.0,0.0,206,1,-1
-4.61e-07,4.61e-07,238,2,1
0.0,0.0,73,1,-1
0.0,0.0,108,1,-1
-9.1623e-05,9.1623e-05,166,2,-1
0.0,0.0,83,1,-1
0.0,0.0,92,1,-1
0.0,0.0,92,1,-1
0.0,0.0,49,1,1
-4.4e-07,4.4e-07,213,2,1
0.0,0.0,90,1,-1
0.0,0.0,90,1,-1
0.0,0.0,45,1,1
0.0,0.0,70,1,-1
-0.000297962,0.000297962,140,2,-1
-0.00063587,0.00063587,198,2,-1
0.0,0.0,281,1,1
0.0,0.0,49,1,1
0.0,0.0,70,1,-1
-0.000592011,0.000592011,130,2,-1
-0.001256806,0.001256806,282,4,-1
0.0,0.0,74,1,-1
-7e-08,7e-08,120,2,1
-0.000244321,0.000244321,180,2,1
0.0,0.0,46,1,1
0.0,0.0,146,1,1
-4.41e-07,4.41e-07,274,2,1
0.0,0.0,108,1,-1
0.0,0.0,108,1,-1
0.0,0.0,108,1,-1
-0.00018508,0.00018508,160,2,-1
-4.7e-07,4.7e-07,211,2,1
0.0,0.0,85,1,-1
0.0,0.0,85,1,-1
0.0,0.0,72,1,1
0.0,0.0,108,1,-1
0.0,0.0,108,1,-1
0.0,0.0,108,1,-1
0.0,0.0,54,1,1
0.0,0.0,159,1,1
0.0,0.0,108,1,-1
0.0,0.0,108,1,-1
0.0,0.0,108,1,-1
0.0,0.0,54,1,1
0.0,0.0,157,1,1
0.0,0.0,108,1,-1
0.0,0.0,108,1,-1
0.0,0.0,108,1,-1
0.0,0.0,54,1,1
0.0,0.0,108,1,-1
0.0,0.0,54,1,1
0.0,0.0,108,1,-1
0.0,0.0,108,1,-1
0.0,0.0,108,1,-1
0.0,0.0,54,1,1
0.0,0.0,108,1,-1
0.0,0.0,108,1,-1
0.0,0.0,159,1,1
0.0,0.0,108,1,-1
0.0,0.0,54,1,1
0.0,0.0,108,1,-1
0.0,0.0,108,1,-1
0.0,0.0,54,1,1
0.0,0.0,108,1,-1
0.0,0.0,108,1,-1
0.0,0.0,54,1,1
0.0,0.0,108,1,-1
0.0,0.0,108,1,-1
0.0,0.0,157,1,1
0.0,0.0,108,1,-1
0.0,0.0,54,1,1
0.0,0.0,108,1,-1
0.0,0.0,108,1,-1
0.0,0.0,108,1,-1
0.0,0.0,54,1,1
0.0,0.0,108,1,-1
0.0,0.0,108,1,-1
0.0,0.0,54,1,1
0.0,0.0,108,1,-1
0.0,0.0,108,1,-1
0.0,0.0,108,1,-1
0.0,0.0,108,1,-1
0.0,0.0,54,1,1
0.0,0.0,108,1,-1
0.0,0.0,54,1,1
0.0,0.0,108,1,-1
0.0,0.0,108,1,-1
0.0,0.0,108,1,-1
0.0,0.0,54,1,1
0.0,0.0,108,1,-1
0.0,0.0,108,1,-1
0.0,0.0,54,1,1
0.0,0.0,108,1,-1
0.0,0.0,108,1,-1
0.0,0.0,108,1,-1
0.0,0.0,54,1,1
0.0,0.0,108,1,-1
0.0,0.0,54,1,1
0.0,0.0,108,1,-1
0.0,0.0,108,1,-1
0.0,0.0,108,1,-1
-6.51e-07,6.51e-07,211,2,1
0.0,0.0,108,1,-1
0.0,0.0,54,1,1
0.0,0.0,108,1,-1
0.0,0.0,108,1,-1
0.0,0.0,108,1,-1
0.0,0.0,54,1,1
0.0,0.0,108,1,-1
0.0,0.0,108,1,-1
0.0,0.0,54,1,1
0.0,0.0,108,1,-1
0.0,0.0,155,1,1
0.0,0.0,108,1,-1
0.0,0.0,108,1,-1
0.0,0.0,108,1,-1
-6.51e-07,6.51e-07,209,2,1
0.0,0.0,108,1,-1
0.0,0.0,108,1,-1
0.0,0.0,108,1,-1
0.0,0.0,108,1,-1
0.0,0.0,54,1,1
0.0,0.0,54,1,1
0.0,0.0,108,1,-1
0.0,0.0,108,1,-1
0.0,0.0,108,1,-1
0.0,0.0,55,1,1
0.0,0.0,108,1,-1
0.0,0.0,108,1,-1
0.0,0.0,55,1,1
0.0,0.0,108,1,-1
0.0,0.0,55,1,1
0.0,0.0,108,1,-1
0.0,0.0,108,1,-1
0.0,0.0,55,1,1
0.0,0.0,108,1,-1
0.0,0.0,67,1,1
0.0,0.0,108,1,-1
0.0,0.0,108,1,-1
0.0,0.0,54,1,1
0.0,0.0,108,1,-1
0.0,0.0,108,1,-1
0.0,0.0,54,1,1
0.0,0.0,108,1,-1
0.0,0.0,108,1,-1
0.0,0.0,54,1,1
0.0,0.0,108,1,-1
0.0,0.0,108,1,-1
0.0,0.0,54,1,1
0.0,0.0,108,1,-1
0.0,0.0,54,1,1
0.0,0.0,155,1,1
0.0,0.0,108,1,-1
0.0,0.0,54,1,1
0.0,0.0,108,1,-1
0.0,0.0,54,1,1
0.0,0.0,108,1,-1
0.0,0.0,54,1,1
0.0,0.0,108,1,-1
0.0,0.0,54,1,1
0.0,0.0,108,1,-1
0.0,0.0,54,1,1
0.0,0.0,108,1,-1
0.0,0.0,54,1,1
0.0,0.0,159,1,1
0.0,0.0,108,1,-1
0.0,0.0,54,1,1
0.0,0.0,108,1,-1
0.0,0.0,54,1,1
0.0,0.0,108,1,-1
0.0,0.0,54,1,1
0.0,0.0,108,1,-1
0.0,0.0,108,1,-1
0.0,0.0,54,1,1
0.0,0.0,108,1,-1
0.0,0.0,54,1,1
0.0,0.0,108,1,-1
0.0,0.0,54,1,1
0.0,0.0,108,1,-1
0.0,0.0,54,1,1
0.0,0.0,108,1,-1
0.0,0.0,54,1,1
0.0,0.0,108,1,-1
0.0,0.0,54,1,1
0.0,0.0,108,1,-1
0.0,0.0,54,1,1
0.0,0.0,108,1,-1
0.0,0.0,58,1,1
0.0,0.0,108,1,-1
0.0,0.0,54,1,1
0.0,0.0,108,1,-1
0.0,0.0,54,1,1
0.0,0.0,79,1,-1
0.0,0.0,108,1,-1
0.0,0.0,79,1,-1
0.0,0.0,89,1,1
0.0,0.0,108,1,-1
0.0,0.0,54,1,1
0.0,0.0,108,1,-1
0.0,0.0,108,1,-1
0.0,0.0,54,1,1
0.0,0.0,108,1,-1
0.0,0.0,57,1,1
0.0,0.0,108,1,-1
0.0,0.0,54,1,1
0.0,0.0,108,1,-1
0.0,0.0,54,1,1
Clump Interarrival,Clump Duration,Clump Size,Clump Packets,Clump Direction
0.0,0.0,108,1,-1
0.0,0.0,76,1,1
0.0,0.0,108,1,-1
0.0,0.0,73,1,1
0.0,0.0,108,1,-1
0.0,0.0,73,1,1
0.0,0.0,108,1,-1
0.0,0.0,77,1,1
0.0,0.0,108,1,-1
0.0,0.0,76,1,1
0.0,0.0,108,1,-1
0.0,0.0,100,1,1
0.0,0.0,108,1,-1
0.0,0.0,73,1,1
0.0,0.0,108,1,-1
0.0,0.0,76,1,1
0.0,0.0,108,1,-1
0.0,0.0,73,1,1
0.0,0.0,155,1,1
0.0,0.0,108,1,-1
0.0,0.0,73,1,1
0.0,0.0,108,1,-1
0.0,0.0,73,1,1
0.0,0.0,108,1,-1
0.0,0.0,73,1,1
0.0,0.0,108,1,-1
0.0,0.0,73,1,1
0.0,0.0,108,1,-1
0.0,0.0,73,1,1
0.0,0.0,108,1,-1
0.0,0.0,73,1,1
0.0,0.0,108,1,-1
0.0,0.0,73,1,1
0.0,0.0,108,1,-1
0.0,0.0,73,1,1
0.0,0.0,108,1,-1
0.0,0.0,73,1,1
0.0,0.0,108,1,-1
0.0,0.0,73,1,1
0.0,0.0,108,1,-1
0.0,0.0,73,1,1
0.0,0.0,108,1,-1
0.0,0.0,77,1,1
0.0,0.0,108,1,-1
0.0,0.0,53,1,1
0.0,0.0,108,1,-1
0.0,0.0,54,1,1
0.0,0.0,283,1,-1
0.0,0.0,54,1,1
0.0,0.0,283,1,-1
0.0,0.0,50,1,1
0.0,0.0,283,1,-1
0.0,0.0,50,1,1
0.0,0.0,122,1,-1
0.0,0.0,77,1,1
0.0,0.0,108,1,-1
0.0,0.0,53,1,1
0.0,0.0,108,1,-1
0.0,0.0,73,1,1
0.0,0.0,108,1,-1
0.0,0.0,73,1,1
0.0,0.0,108,1,-1
0.0,0.0,73,1,1
0.0,0.0,108,1,-1
0.0,0.0,73,1,1
0.0,0.0,108,1,-1
0.0,0.0,76,1,1
0.0,0.0,108,1,-1
0.0,0.0,74,1,1
0.0,0.0,108,1,-1
0.0,0.0,73,1,1
0.0,0.0,108,1,-1
0.0,0.0,73,1,1
0.0,0.0,108,1,-1
0.0,0.0,75,1,1
0.0,0.0,108,1,-1
0.0,0.0,104,1,1
0.0,0.0,108,1,-1
0.0,0.0,73,1,1
0.0,0.0,108,1,-1
0.0,0.0,77,1,1
0.0,0.0,222,1,-1
0.0,0.0,128,1,-1
0.0,0.0,53,1,1
0.0,0.0,108,1,-1
0.0,0.0,73,1,1
0.0,0.0,54,1,1
0.0,0.0,173,1,-1
0.0,0.0,53,1,1
0.0,0.0,108,1,-1
0.0,0.0,73,1,1
0.0,0.0,149,1,-1
0.0,0.0,76,1,1
0.0,0.0,108,1,-1
0.0,0.0,283,1,-1
0.0,0.0,120,1,-1
0.0,0.0,50,1,1
0.0,0.0,108,1,-1
0.0,0.0,50,1,1
0.0,0.0,108,1,-1
0.0,0.0,76,1,1
0.0,0.0,108,1,-1
0.0,0.0,50,1,1
0.0,0.0,108,1,-1
0.0,0.0,73,1,1
0.0,0.0,108,1,-1
0.0,0.0,50,1,1
0.0,0.0,108,1,-1
0.0,0.0,73,1,1
0.0,0.0,108,1,-1
0.0,0.0,50,1,1
0.0,0.0,108,1,-1
0.0,0.0,73,1,1
0.0,0.0,108,1,-1
0.0,0.0,73,1,1
0.0,0.0,108,1,-1
0.0,0.0,50,1,1
0.0,0.0,108,1,-1
0.0,0.0,73,1,1
0.0,0.0,108,1,-1
0.0,0.0,50,1,1
0.0,0.0,108,1,-1
0.0,0.0,74,1,1
0.0,0.0,108,1,-1
0.0,0.0,50,1,1
0.0,0.0,108,1,-1
0.0,0.0,73,1,1
0.0,0.0,108,1,-1
0.0,0.0,50,1,1
0.0,0.0,108,1,-1
0.0,0.0,73,1,1
0.0,0.0,108,1,-1
0.0,0.0,50,1,1
0.0,0.0,108,1,-1
0.0,0.0,73,1,1
0.0,0.0,108,1,-1
0.0,0.0,50,1,1
0.0,0.0,108,1,-1
0.0,0.0,73,1,1
0.0,0.0,108,1,-1
0.0,0.0,54,1,1
0.0,0.0,128,1,-1
0.0,0.0,222,1,-1
0.0,0.0,77,1,1
0.0,0.0,108,1,-1
0.0,0.0,108,1,-1
0.0,0.0,51,1,1
0.0,0.0,108,1,-1
0.0,0.0,173,1,-1
0.0,0.0,79,1,1
0.0,0.0,108,1,-1
0.0,0.0,81,1,1
0.0,0.0,50,1,1
0.0,0.0,108,1,-1
0.0,0.0,155,1,-1
0.0,0.0,73,1,1
0.0,0.0,108,1,-1
-0.000835664,0.000835664,256,2,1
0.0,0.0,163,1,-1
0.0,0.0,54,1,1
0.0,0.0,50,1,1
0.0,0.0,128,1,-1
0.0,0.0,53,1,1
0.0,0.0,242,1,1
0.0,0.0,108,1,-1
0.0,0.0,73,1,1
0.0,0.0,108,1,-1
0.0,0.0,50,1,1
0.0,0.0,108,1,-1
0.0,0.0,73,1,1
0.0,0.0,108,1,-1
0.0,0.0,50,1,1
0.0,0.0,108,1,-1
0.0,0.0,73,1,1
0.0,0.0,108,1,-1
0.0,0.0,50,1,1
0.0,0.0,108,1,-1
0.0,0.0,73,1,1
0.0,0.0,108,1,-1
0.0,0.0,51,1,1
0.0,0.0,108,1,-1
0.0,0.0,73,1,1
0.0,0.0,108,1,-1
0.0,0.0,50,1,1
0.0,0.0,108,1,-1
0.0,0.0,73,1,1
0.0,0.0,108,1,-1
0.0,0.0,53,1,1
0.0,0.0,108,1,-1
0.0,0.0,73,1,1
0.0,0.0,108,1,-1
0.0,0.0,50,1,1
0.0,0.0,108,1,-1
0.0,0.0,73,1,1
0.0,0.0,108,1,-1
0.0,0.0,73,1,1
0.0,0.0,108,1,-1
0.0,0.0,50,1,1
0.0,0.0,155,1,1
0.0,0.0,108,1,-1
0.0,0.0,73,1,1
0.0,0.0,108,1,-1
0.0,0.0,50,1,1
0.0,0.0,108,1,-1
0.0,0.0,73,1,1
0.0,0.0,108,1,-1
0.0,0.0,50,1,1
0.0,0.0,108,1,-1
0.0,0.0,73,1,1
0.0,0.0,108,1,-1
0.0,0.0,108,1,-1
-0.000243423,0.000243423,123,2,1
0.0,0.0,108,1,-1
0.0,0.0,73,1,1
0.0,0.0,108,1,-1
0.0,0.0,50,1,1
0.0,0.0,108,1,-1
0.0,0.0,73,1,1
0.0,0.0,108,1,-1
0.0,0.0,50,1,1
0.0,0.0,108,1,-1
0.0,0.0,73,1,1
0.0,0.0,108,1,-1
0.0,0.0,50,1,1
0.0,0.0,108,1,-1
0.0,0.0,108,1,-1
0.0,0.0,108,1,-1
0.0,0.0,108,1,-1
-0.000994146,0.000994146,230,2,1
0.0,0.0,51,1,1
0.0,0.0,108,1,-1
0.0,0.0,108,1,-1
-4.7e-07,4.7e-07,231,2,1
0.0,0.0,108,1,-1
0.0,0.0,108,1,-1
0.0,0.0,108,1,-1
0.0,0.0,108,1,-1
0.0,0.0,103,1,1
0.0,0.0,50,1,1
0.0,0.0,50,1,1
0.0,0.0,50,1,1
0.0,0.0,108,1,-1
0.0,0.0,108,1,-1
-0.000838603,0.000838603,228,2,1
0.0,0.0,50,1,1
0.0,0.0,108,1,-1
0.0,0.0,53,1,1
0.0,0.0,108,1,-1
0.0,0.0,54,1,1
0.0,0.0,108,1,-1
0.0,0.0,108,1,-1
0.0,0.0,73,1,1
0.0,0.0,50,1,1
0.0,0.0,108,1,-1
0.0,0.0,108,1,-1
0.0,0.0,73,1,1
0.0,0.0,50,1,1
0.0,0.0,108,1,-1
0.0,0.0,108,1,-1
0.0,0.0,73,1,1
0.0,0.0,50,1,1
0.0,0.0,108,1,-1
0.0,0.0,108,1,-1
0.0,0.0,73,1,1
0.0,0.0,50,1,1
0.0,0.0,108,1,-1
0.0,0.0,73,1,1
0.0,0.0,108,1,-1
0.0,0.0,50,1,1
0.0,0.0,108,1,-1
0.0,0.0,108,1,-1
0.0,0.0,73,1,1
0.0,0.0,50,1,1
0.0,0.0,108,1,-1
0.0,0.0,108,1,-1
0.0,0.0,73,1,1
0.0,0.0,50,1,1
0.0,0.0,108,1,-1
0.0,0.0,108,1,-1
0.0,0.0,73,1,1
0.0,0.0,53,1,1
0.0,0.0,108,1,-1
0.0,0.0,108,1,-1
0.0,0.0,73,1,1
0.0,0.0,50,1,1
0.0,0.0,108,1,-1
0.0,0.0,108,1,-1
0.0,0.0,73,1,1
0.0,0.0,50,1,1
0.0,0.0,108,1,-1
0.0,0.0,108,1,-1
0.0,0.0,73,1,1
0.0,0.0,50,1,1
0.0,0.0,108,1,-1
0.0,0.0,108,1,-1
0.0,0.0,73,1,1
0.0,0.0,50,1,1
0.0,0.0,108,1,-1
0.0,0.0,108,1,-1
0.0,0.0,73,1,1
0.0,0.0,50,1,1
0.0,0.0,108,1,-1
0.0,0.0,108,1,-1
0.0,0.0,73,1,1
0.0,0.0,50,1,1
0.0,0.0,108,1,-1
0.0,0.0,108,1,-1
0.0,0.0,73,1,1
0.0,0.0,73,1,1
0.0,0.0,108,1,-1
0.0,0.0,108,1,-1
0.0,0.0,73,1,1
0.0,0.0,159,1,1
0.0,0.0,50,1,1
0.0,0.0,108,1,-1
0.0,0.0,108,1,-1
0.0,0.0,74,1,1
0.0,0.0,52,1,1
0.0,0.0,108,1,-1
0.0,0.0,108,1,-1
0.0,0.0,100,1,1
0.0,0.0,50,1,1
0.0,0.0,108,1,-1
0.0,0.0,108,1,-1
0.0,0.0,76,1,1
0.0,0.0,50,1,1
0.0,0.0,108,1,-1
0.0,0.0,108,1,-1
0.0,0.0,73,1,1
0.0,0.0,157,1,1
0.0,0.0,50,1,1
0.0,0.0,108,1,-1
0.0,0.0,108,1,-1
0.0,0.0,108,1,-1
0.0,0.0,108,1,-1
0.0,0.0,108,1,-1
0.0,0.0,108,1,-1
0.0,0.0,73,1,1
-4.91e-07,4.91e-07,314,2,1
0.0,0.0,50,1,1
0.0,0.0,159,1,1
0.0,0.0,108,1,-1
0.0,0.0,108,1,-1
0.0,0.0,50,1,1
0.0,0.0,108,1,-1
0.0,0.0,108,1,-1
0.0,0.0,73,1,1
0.0,0.0,50,1,1
0.0,0.0,108,1,-1
0.0,0.0,108,1,-1
0.0,0.0,73,1,1
0.0,0.0,50,1,1
0.0,0.0,108,1,-1
0.0,0.0,108,1,-1
0.0,0.0,73,1,1
0.0,0.0,50,1,1
0.0,0.0,108,1,-1
0.0,0.0,108,1,-1
0.0,0.0,50,1,1
0.0,0.0,108,1,-1
0.0,0.0,108,1,-1
0.0,0.0,73,1,1
0.0,0.0,50,1,1
0.0,0.0,108,1,-1
0.0,0.0,108,1,-1
0.0,0.0,76,1,1
0.0,0.0,50,1,1
0.0,0.0,108,1,-1
0.0,0.0,108,1,-1
0.0,0.0,73,1,1
0.0,0.0,50,1,1
0.0,0.0,157,1,1
0.0,0.0,108,1,-1
0.0,0.0,108,1,-1
0.0,0.0,50,1,1
0.0,0.0,50,1,1
0.0,0.0,108,1,-1
0.0,0.0,73,1,1
0.0,0.0,108,1,-1
0.0,0.0,50,1,1
0.0,0.0,108,1,-1
0.0,0.0,108,1,-1
-4.81e-07,4.81e-07,230,2,1
0.0,0.0,73,1,1
0.0,0.0,108,1,-1
0.0,0.0,108,1,-1
0.0,0.0,50,1,1
0.0,0.0,73,1,1
0.0,0.0,108,1,-1
0.0,0.0,108,1,-1
0.0,0.0,50,1,1
0.0,0.0,73,1,1
0.0,0.0,108,1,-1
0.0,0.0,108,1,-1
0.0,0.0,73,1,1
-4.81e-07,4.81e-07,207,2,1
0.0,0.0,108,1,-1
0.0,0.0,108,1,-1
0.0,0.0,73,1,1
0.0,0.0,51,1,1
0.0,0.0,108,1,-1
0.0,0.0,108,1,-1
0.0,0.0,76,1,1
0.0,0.0,77,1,1
0.0,0.0,108,1,-1
0.0,0.0,108,1,-1
0.0,0.0,76,1,1
0.0,0.0,128,1,-1
0.0,0.0,50,1,1
0.0,0.0,222,1,-1
0.0,0.0,53,1,1
0.0,0.0,108,1,-1
0.0,0.0,50,1,1
-0.000856815,0.000856815,439,2,1
0.0,0.0,108,1,-1
0.0,0.0,74,1,1
0.0,0.0,173,1,-1
0.0,0.0,108,1,-1
0.0,0.0,54,1,1
0.0,0.0,54,1,1
0.0,0.0,108,1,-1
0.0,0.0,157,1,-1
0.0,0.0,76,1,1
0.0,0.0,108,1,-1
0.0,0.0,50,1,1
0.0,0.0,165,1,-1
0.0,0.0,50,1,1
0.0,0.0,128,1,-1
0.0,0.0,53,1,1
0.0,0.0,108,1,-1
0.0,0.0,73,1,1
0.0,0.0,108,1,-1
0.0,0.0,50,1,1
0.0,0.0,108,1,-1
0.0,0.0,73,1,1
0.0,0.0,108,1,-1
0.0,0.0,50,1,1
0.0,0.0,108,1,-1
0.0,0.0,73,1,1
0.0,0.0,108,1,-1
0.0,0.0,50,1,1
0.0,0.0,108,1,-1
0.0,0.0,73,1,1
0.0,0.0,108,1,-1
0.0,0.0,73,1,1
0.0,0.0,108,1,-1
0.0,0.0,53,1,1
0.0,0.0,108,1,-1
0.0,0.0,73,1,1
0.0,0.0,108,1,-1
0.0,0.0,50,1,1
0.0,0.0,108,1,-1
0.0,0.0,73,1,1
0.0,0.0,108,1,-1
0.0,0.0,50,1,1
0.0,0.0,108,1,-1
0.0,0.0,73,1,1
0.0,0.0,108,1,-1
0.0,0.0,50,1,1
0.0,0.0,108,1,-1
0.0,0.0,73,1,1
0.0,0.0,108,1,-1
0.0,0.0,50,1,1
0.0,0.0,108,1,-1
0.0,0.0,73,1,1
0.0,0.0,108,1,-1
0.0,0.0,73,1,1
0.0,0.0,108,1,-1
0.0,0.0,50,1,1
0.0,0.0,108,1,-1
0.0,0.0,73,1,1
0.0,0.0,108,1,-1
0.0,0.0,50,1,1
0.0,0.0,108,1,-1
0.0,0.0,73,1,1
0.0,0.0,108,1,-1
0.0,0.0,50,1,1
0.0,0.0,108,1,-1
0.0,0.0,75,1,1
0.0,0.0,108,1,-1
0.0,0.0,53,1,1
0.0,0.0,108,1,-1
0.0,0.0,76,1,1
0.0,0.0,108,1,-1
0.0,0.0,77,1,1
0.0,0.0,108,1,-1
0.0,0.0,73,1,1
0.0,0.0,108,1,-1
0.0,0.0,50,1,1
0.0,0.0,108,1,-1
0.0,0.0,73,1,1
0.0,0.0,108,1,-1
0.0,0.0,73,1,1
0.0,0.0,108,1,-1
0.0,0.0,50,1,1
0.0,0.0,108,1,-1
0.0,0.0,74,1,1
0.0,0.0,108,1,-1
0.0,0.0,50,1,1
0.0,0.0,108,1,-1
0.0,0.0,77,1,1
0.0,0.0,108,1,-1
0.0,0.0,53,1,1
0.0,0.0,108,1,-1
0.0,0.0,74,1,1
0.0,0.0,108,1,-1
0.0,0.0,76,1,1
0.0,0.0,108,1,-1
0.0,0.0,53,1,1
0.0,0.0,108,1,-1
0.0,0.0,76,1,1
0.0,0.0,108,1,-1
0.0,0.0,50,1,1
0.0,0.0,108,1,-1
0.0,0.0,73,1,1
0.0,0.0,108,1,-1
0.0,0.0,50,1,1
Clump Interarrival,Clump Duration,Clump Size,Clump Packets,Clump Direction
0.0,0.0,222,1,-1
0.0,0.0,77,1,1
0.0,0.0,173,1,-1
0.0,0.0,77,1,1
0.0,0.0,153,1,-1
-1.172e-06,1.172e-06,281,2,1
0.0,0.0,108,1,-1
0.0,0.0,50,1,1
0.0,0.0,108,1,-1
0.0,0.0,76,1,1
0.0,0.0,108,1,-1
0.0,0.0,73,1,1
0.0,0.0,108,1,-1
0.0,0.0,73,1,1
0.0,0.0,108,1,-1
0.0,0.0,73,1,1
0.0,0.0,108,1,-1
0.0,0.0,73,1,1
0.0,0.0,108,1,-1
0.0,0.0,73,1,1
0.0,0.0,108,1,-1
0.0,0.0,76,1,1
0.0,0.0,108,1,-1
0.0,0.0,76,1,1
0.0,0.0,108,1,-1
0.0,0.0,100,1,1
0.0,0.0,108,1,-1
0.0,0.0,73,1,1
0.0,0.0,108,1,-1
0.0,0.0,73,1,1
0.0,0.0,108,1,-1
0.0,0.0,73,1,1
0.0,0.0,108,1,-1
0.0,0.0,74,1,1
0.0,0.0,108,1,-1
0.0,0.0,74,1,1
0.0,0.0,108,1,-1
0.0,0.0,73,1,1
0.0,0.0,108,1,-1
0.0,0.0,73,1,1
0.0,0.0,108,1,-1
0.0,0.0,76,1,1
0.0,0.0,108,1,-1
0.0,0.0,77,1,1
0.0,0.0,108,1,-1
0.0,0.0,73,1,1
0.0,0.0,159,1,1
0.0,0.0,108,1,-1
0.0,0.0,73,1,1
0.0,0.0,108,1,-1
0.0,0.0,73,1,1
0.0,0.0,108,1,-1
0.0,0.0,73,1,1
0.0,0.0,108,1,-1
0.0,0.0,73,1,1
0.0,0.0,108,1,-1
0.0,0.0,73,1,1
0.0,0.0,108,1,-1
0.0,0.0,73,1,1
0.0,0.0,157,1,1
0.0,0.0,108,1,-1
0.0,0.0,73,1,1
0.0,0.0,108,1,-1
0.0,0.0,73,1,1
0.0,0.0,108,1,-1
0.0,0.0,73,1,1
0.0,0.0,108,1,-1
0.0,0.0,73,1,1
0.0,0.0,108,1,-1
0.0,0.0,73,1,1
0.0,0.0,108,1,-1
0.0,0.0,74,1,1
0.0,0.0,108,1,-1
0.0,0.0,73,1,1
0.0,0.0,108,1,-1
0.0,0.0,73,1,1
0.0,0.0,108,1,-1
0.0,0.0,73,1,1
0.0,0.0,108,1,-1
0.0,0.0,73,1,1
0.0,0.0,108,1,-1
0.0,0.0,76,1,1
0.0,0.0,108,1,-1
0.0,0.0,77,1,1
0.0,0.0,108,1,-1
0.0,0.0,53,1,1
0.0,0.0,108,1,-1
0.0,0.0,55,1,1
0.0,0.0,283,1,-1
0.0,0.0,64,1,1
0.0,0.0,283,1,-1
0.0,0.0,69,1,1
0.0,0.0,283,1,-1
0.0,0.0,54,1,1
0.0,0.0,330,1,1
0.0,0.0,122,1,-1
0.0,0.0,54,1,1
0.0,0.0,169,1,1
0.0,0.0,108,1,-1
0.0,0.0,108,1,1
0.0,0.0,108,1,-1
0.0,0.0,73,1,1
0.0,0.0,108,1,-1
0.0,0.0,73,1,1
0.0,0.0,108,1,-1
0.0,0.0,74,1,1
0.0,0.0,108,1,-1
0.0,0.0,73,1,1
0.0,0.0,108,1,-1
0.0,0.0,74,1,1
0.0,0.0,108,1,-1
0.0,0.0,73,1,1
0.0,0.0,108,1,-1
0.0,0.0,76,1,1
0.0,0.0,108,1,-1
0.0,0.0,77,1,1
0.0,0.0,108,1,-1
0.0,0.0,73,1,1
0.0,0.0,108,1,-1
0.0,0.0,73,1,1
0.0,0.0,108,1,-1
0.0,0.0,73,1,1
0.0,0.0,108,1,-1
0.0,0.0,73,1,1
0.0,0.0,108,1,-1
0.0,0.0,73,1,1
0.0,0.0,108,1,-1
0.0,0.0,73,1,1
0.0,0.0,108,1,-1
0.0,0.0,73,1,1
0.0,0.0,108,1,-1
0.0,0.0,73,1,1
0.0,0.0,108,1,-1
0.0,0.0,73,1,1
0.0,0.0,155,1,1
0.0,0.0,108,1,-1
0.0,0.0,73,1,1
0.0,0.0,108,1,-1
0.0,0.0,77,1,1
0.0,0.0,222,1,-1
0.0,0.0,128,1,-1
0.0,0.0,77,1,1
0.0,0.0,381,1,1
0.0,0.0,173,1,-1
0.0,0.0,128,1,-1
0.0,0.0,53,1,1
0.0,0.0,108,1,-1
0.0,0.0,73,1,1
0.0,0.0,153,1,-1
0.0,0.0,108,1,-1
0.0,0.0,73,1,1
0.0,0.0,55,1,1
0.0,0.0,283,1,-1
-7.21e-07,7.21e-07,387,2,1
0.0,0.0,206,1,-1
0.0,0.0,63,1,1
0.0,0.0,108,1,-1
0.0,0.0,72,1,1
0.0,0.0,79,1,-1
0.0,0.0,50,1,1
0.0,0.0,79,1,-1
0.0,0.0,54,1,1
0.0,0.0,108,1,-1
0.0,0.0,73,1,1
0.0,0.0,83,1,-1
0.0,0.0,92,1,-1
0.0,0.0,66,1,-1
0.0,0.0,54,1,1
0.0,0.0,53,1,1
0.0,0.0,189,1,1
0.0,0.0,70,1,-1
0.0,0.0,54,1,1
0.0,0.0,54,1,1
0.0,0.0,90,1,-1
0.0,0.0,50,1,1
0.0,0.0,99,1,-1
0.0,0.0,99,1,-1
0.0,0.0,71,1,-1
-0.001901283,0.001901283,555,8,-1
0.0,0.0,53,1,1
0.0,0.0,66,1,-1
0.0,0.0,54,1,1
0.0,0.0,74,1,-1
0.0,0.0,108,1,-1
0.0,0.0,54,1,1
0.0,0.0,184,1,1
0.0,0.0,53,1,1
0.0,0.0,53,1,1
-6.31e-07,6.31e-07,112,2,1
0.0,0.0,61,1,1
-0.000977283,0.000977283,319,2,1
0.0,0.0,54,1,1
0.0,0.0,108,1,-1
0.0,0.0,76,1,1
0.0,0.0,80,1,-1
0.0,0.0,54,1,1
0.0,0.0,85,1,-1
0.0,0.0,54,1,1
0.0,0.0,54,1,1
0.0,0.0,50,1,1
0.0,0.0,108,1,-1
0.0,0.0,50,1,1
0.0,0.0,108,1,-1
0.0,0.0,73,1,1
0.0,0.0,108,1,-1
0.0,0.0,53,1,1
0.0,0.0,108,1,-1
0.0,0.0,73,1,1
0.0,0.0,108,1,-1
0.0,0.0,50,1,1
0.0,0.0,108,1,-1
0.0,0.0,73,1,1
0.0,0.0,108,1,-1
0.0,0.0,73,1,1
0.0,0.0,108,1,-1
0.0,0.0,50,1,1
0.0,0.0,108,1,-1
0.0,0.0,73,1,1
0.0,0.0,108,1,-1
0.0,0.0,50,1,1
0.0,0.0,108,1,-1
0.0,0.0,73,1,1
0.0,0.0,108,1,-1
0.0,0.0,50,1,1
0.0,0.0,108,1,-1
0.0,0.0,73,1,1
0.0,0.0,108,1,-1
0.0,0.0,50,1,1
0.0,0.0,108,1,-1
0.0,0.0,73,1,1
0.0,0.0,108,1,-1
0.0,0.0,50,1,1
0.0,0.0,108,1,-1
0.0,0.0,73,1,1
0.0,0.0,108,1,-1
0.0,0.0,50,1,1
0.0,0.0,108,1,-1
0.0,0.0,73,1,1
0.0,0.0,108,1,-1
0.0,0.0,50,1,1
0.0,0.0,108,1,-1
0.0,0.0,73,1,1
0.0,0.0,108,1,-1
0.0,0.0,50,1,1
0.0,0.0,108,1,-1
0.0,0.0,73,1,1
0.0,0.0,108,1,-1
0.0,0.0,51,1,1
0.0,0.0,108,1,-1
0.0,0.0,77,1,1
0.0,0.0,108,1,-1
0.0,0.0,50,1,1
0.0,0.0,108,1,-1
0.0,0.0,74,1,1
0.0,0.0,108,1,-1
0.0,0.0,74,1,1
0.0,0.0,108,1,-1
0.0,0.0,52,1,1
0.0,0.0,108,1,-1
0.0,0.0,83,1,1
0.0,0.0,108,1,-1
0.0,0.0,69,1,1
0.0,0.0,108,1,-1
0.0,0.0,73,1,1
0.0,0.0,108,1,-1
0.0,0.0,50,1,1
0.0,0.0,108,1,-1
0.0,0.0,73,1,1
0.0,0.0,108,1,-1
0.0,0.0,50,1,1
0.0,0.0,108,1,-1
0.0,0.0,76,1,1
0.0,0.0,108,1,-1
0.0,0.0,50,1,1
0.0,0.0,157,1,1
0.0,0.0,108,1,-1
0.0,0.0,73,1,1
0.0,0.0,108,1,-1
0.0,0.0,50,1,1
0.0,0.0,108,1,-1
0.0,0.0,73,1,1
0.0,0.0,108,1,-1
0.0,0.0,73,1,1
0.0,0.0,108,1,-1
0.0,0.0,54,1,1
0.0,0.0,222,1,-1
0.0,0.0,128,1,-1
-0.000542855,0.000542855,435,2,1
0.0,0.0,177,1,1
0.0,0.0,108,1,-1
0.0,0.0,76,1,1
0.0,0.0,108,1,-1
0.0,0.0,50,1,1
0.0,0.0,173,1,-1
0.0,0.0,53,1,1
0.0,0.0,108,1,-1
0.0,0.0,108,1,-1
0.0,0.0,73,1,1
0.0,0.0,50,1,1
0.0,0.0,155,1,1
0.0,0.0,151,1,-1
0.0,0.0,50,1,1
0.0,0.0,108,1,-1
0.0,0.0,50,1,1
0.0,0.0,108,1,-1
0.0,0.0,108,1,-1
0.0,0.0,73,1,1
0.0,0.0,50,1,1
0.0,0.0,108,1,-1
0.0,0.0,50,1,1
0.0,0.0,108,1,-1
0.0,0.0,73,1,1
0.0,0.0,108,1,-1
0.0,0.0,50,1,1
0.0,0.0,108,1,-1
0.0,0.0,50,1,1
0.0,0.0,108,1,-1
0.0,0.0,73,1,1
0.0,0.0,108,1,-1
0.0,0.0,50,1,1
0.0,0.0,108,1,-1
0.0,0.0,73,1,1
0.0,0.0,108,1,-1
0.0,0.0,50,1,1
0.0,0.0,159,1,1
0.0,0.0,108,1,-1
0.0,0.0,50,1,1
0.0,0.0,108,1,-1
0.0,0.0,73,1,1
0.0,0.0,108,1,-1
0.0,0.0,50,1,1
0.0,0.0,108,1,-1
0.0,0.0,51,1,1
0.0,0.0,159,1,1
0.0,0.0,108,1,-1
0.0,0.0,74,1,1
0.0,0.0,108,1,-1
0.0,0.0,51,1,1
0.0,0.0,108,1,-1
0.0,0.0,77,1,1
0.0,0.0,108,1,-1
0.0,0.0,50,1,1
0.0,0.0,108,1,-1
0.0,0.0,51,1,1
0.0,0.0,108,1,-1
0.0,0.0,74,1,1
0.0,0.0,108,1,-1
0.0,0.0,108,1,-1
0.0,0.0,52,1,1
0.0,0.0,60,1,1
0.0,0.0,108,1,-1
0.0,0.0,92,1,1
0.0,0.0,108,1,-1
0.0,0.0,50,1,1
0.0,0.0,108,1,-1
0.0,0.0,50,1,1
0.0,0.0,108,1,-1
0.0,0.0,73,1,1
0.0,0.0,108,1,-1
0.0,0.0,108,1,-1
0.0,0.0,50,1,1
0.0,0.0,155,1,1
0.0,0.0,51,1,1
0.0,0.0,108,1,-1
0.0,0.0,73,1,1
0.0,0.0,108,1,-1
0.0,0.0,53,1,1
0.0,0.0,108,1,-1
0.0,0.0,50,1,1
0.0,0.0,108,1,-1
0.0,0.0,73,1,1
0.0,0.0,108,1,-1
0.0,0.0,53,1,1
0.0,0.0,108,1,-1
0.0,0.0,50,1,1
0.0,0.0,108,1,-1
0.0,0.0,73,1,1
0.0,0.0,108,1,-1
0.0,0.0,50,1,1
0.0,0.0,108,1,-1
0.0,0.0,74,1,1
0.0,0.0,108,1,-1
0.0,0.0,50,1,1
0.0,0.0,108,1,-1
0.0,0.0,73,1,1
0.0,0.0,108,1,-1
0.0,0.0,50,1,1
0.0,0.0,159,1,1
0.0,0.0,108,1,-1
0.0,0.0,53,1,1
0.0,0.0,108,1,-1
0.0,0.0,73,1,1
0.0,0.0,108,1,-1
0.0,0.0,50,1,1
0.0,0.0,108,1,-1
0.0,0.0,50,1,1
0.0,0.0,108,1,-1
0.0,0.0,73,1,1
0.0,0.0,108,1,-1
0.0,0.0,108,1,-1
0.0,0.0,73,1,1
0.0,0.0,108,1,-1
0.0,0.0,50,1,1
0.0,0.0,155,1,1
0.0,0.0,108,1,-1
0.0,0.0,50,1,1
0.0,0.0,108,1,-1
0.0,0.0,73,1,1
0.0,0.0,108,1,-1
0.0,0.0,50,1,1
0.0,0.0,108,1,-1
0.0,0.0,50,1,1
0.0,0.0,108,1,-1
0.0,0.0,108,1,-1
0.0,0.0,73,1,1
0.0,0.0,50,1,1
0.0,0.0,108,1,-1
0.0,0.0,50,1,1
0.0,0.0,108,1,-1
0.0,0.0,73,1,1
0.0,0.0,108,1,-1
0.0,0.0,50,1,1
0.0,0.0,108,1,-1
0.0,0.0,50,1,1
0.0,0.0,108,1,-1
0.0,0.0,108,1,-1
0.0,0.0,73,1,1
0.0,0.0,50,1,1
0.0,0.0,108,1,-1
0.0,0.0,50,1,1
0.0,0.0,108,1,-1
0.0,0.0,108,1,-1
0.0,0.0,74,1,1
0.0,0.0,50,1,1
0.0,0.0,108,1,-1
0.0,0.0,73,1,1
0.0,0.0,108,1,-1
0.0,0.0,108,1,-1
0.0,0.0,51,1,1
0.0,0.0,108,1,-1
0.0,0.0,78,1,1
0.0,0.0,108,1,-1
0.0,0.0,108,1,-1
0.0,0.0,60,1,1
0.0,0.0,52,1,1
0.0,0.0,108,1,-1
0.0,0.0,92,1,1
0.0,0.0,108,1,-1
0.0,0.0,108,1,-1
0.0,0.0,50,1,1
0.0,0.0,50,1,1
0.0,0.0,108,1,-1
0.0,0.0,73,1,1
0.0,0.0,108,1,-1
0.0,0.0,108,1,-1
0.0,0.0,50,1,1
0.0,0.0,50,1,1
0.0,0.0,108,1,-1
0.0,0.0,73,1,1
0.0,0.0,108,1,-1
0.0,0.0,108,1,-1
0.0,0.0,53,1,1
0.0,0.0,50,1,1
0.0,0.0,108,1,-1
0.0,0.0,73,1,1
0.0,0.0,108,1,-1
0.0,0.0,108,1,-1
0.0,0.0,50,1,1
0.0,0.0,50,1,1
0.0,0.0,108,1,-1
0.0,0.0,73,1,1
0.0,0.0,108,1,-1
0.0,0.0,108,1,-1
0.0,0.0,73,1,1
0.0,0.0,50,1,1
0.0,0.0,108,1,-1
0.0,0.0,50,1,1
0.0,0.0,108,1,-1
0.0,0.0,108,1,-1
0.0,0.0,74,1,1
0.0,0.0,50,1,1
0.0,0.0,108,1,-1
0.0,0.0,50,1,1
0.0,0.0,157,1,1
0.0,0.0,108,1,-1
0.0,0.0,108,1,-1
0.0,0.0,73,1,1
0.0,0.0,50,1,1
0.0,0.0,108,1,-1
0.0,0.0,50,1,1
0.0,0.0,108,1,-1
0.0,0.0,108,1,-1
0.0,0.0,76,1,1
0.0,0.0,50,1,1
0.0,0.0,108,1,-1
0.0,0.0,73,1,1
0.0,0.0,108,1,-1
0.0,0.0,108,1,-1
0.0,0.0,50,1,1
0.0,0.0,50,1,1
0.0,0.0,108,1,-1
0.0,0.0,73,1,1
0.0,0.0,108,1,-1
0.0,0.0,79,1,-1
0.0,0.0,108,1,-1
0.0,0.0,54,1,1
0.0,0.0,79,1,-1
0.0,0.0,50,1,1
0.0,0.0,50,1,1
0.0,0.0,54,1,1
0.0,0.0,202,1,1
0.0,0.0,108,1,-1
0.0,0.0,73,1,1
0.0,0.0,108,1,-1
0.0,0.0,108,1,-1
0.0,0.0,50,1,1
0.0,0.0,50,1,1
0.0,0.0,108,1,-1
0.0,0.0,73,1,1
0.0,0.0,108,1,-1
0.0,0.0,108,1,-1
0.0,0.0,50,1,1
0.0,0.0,50,1,1
0.0,0.0,108,1,-1
0.0,0.0,73,1,1
0.0,0.0,108,1,-1
0.0,0.0,108,1,-1
0.0,0.0,50,1,1
0.0,0.0,50,1,1
0.0,0.0,108,1,-1
0.0,0.0,75,1,1
0.0,0.0,108,1,-1
0.0,0.0,51,1,1
0.0,0.0,108,1,-1
0.0,0.0,54,1,1
0.0,0.0,108,1,-1
0.0,0.0,83,1,1
0.0,0.0,108,1,-1
0.0,0.0,73,1,1
0.0,0.0,108,1,-1
0.0,0.0,73,1,1
0.0,0.0,108,1,-1
0.0,0.0,50,1,1
0.0,0.0,108,1,-1
0.0,0.0,50,1,1
0.0,0.0,108,1,-1
0.0,0.0,73,1,1
0.0,0.0,108,1,-1
0.0,0.0,51,1,1
0.0,0.0,108,1,-1
0.0,0.0,73,1,1
0.0,0.0,108,1,-1
0.0,0.0,50,1,1
0.0,0.0,108,1,-1
0.0,0.0,50,1,1
0.0,0.0,108,1,-1
0.0,0.0,73,1,1
0.0,0.0,108,1,-1
0.0,0.0,50,1,1
0.0,0.0,108,1,-1
0.0,0.0,50,1,1
0.0,0.0,108,1,-1
0.0,0.0,73,1,1
0.0,0.0,108,1,-1
0.0,0.0,53,1,1
0.0,0.0,108,1,-1
0.0,0.0,50,1,1
0.0,0.0,108,1,-1
0.0,0.0,73,1,1
0.0,0.0,108,1,-1
0.0,0.0,108,1,-1
0.0,0.0,50,1,1
0.0,0.0,50,1,1
0.0,0.0,108,1,-1
0.0,0.0,73,1,1
0.0,0.0,108,1,-1
0.0,0.0,108,1,-1
0.0,0.0,74,1,1
0.0,0.0,50,1,1
0.0,0.0,108,1,-1
0.0,0.0,53,1,1
0.0,0.0,108,1,-1
0.0,0.0,73,1,1
0.0,0.0,108,1,-1
0.0,0.0,50,1,1
0.0,0.0,108,1,-1
0.0,0.0,73,1,1
0.0,0.0,108,1,-1
0.0,0.0,108,1,-1
-6.01e-07,6.01e-07,205,2,1
0.0,0.0,108,1,-1
0.0,0.0,73,1,1
0.0,0.0,108,1,-1
0.0,0.0,108,1,-1
0.0,0.0,50,1,1
0.0,0.0,50,1,1
0.0,0.0,108,1,-1
0.0,0.0,73,1,1
0.0,0.0,108,1,-1
0.0,0.0,108,1,-1
0.0,0.0,50,1,1
0.0,0.0,50,1,1
0.0,0.0,108,1,-1
0.0,0.0,73,1,1
0.0,0.0,108,1,-1
0.0,0.0,50,1,1
0.0,0.0,108,1,-1
0.0,0.0,50,1,1
0.0,0.0,108,1,-1
0.0,0.0,108,1,-1
0.0,0.0,73,1,1
0.0,0.0,157,1,1
0.0,0.0,50,1,1
0.0,0.0,108,1,-1
0.0,0.0,50,1,1
0.0,0.0,108,1,-1
0.0,0.0,108,1,-1
0.0,0.0,73,1,1
0.0,0.0,157,1,1
0.0,0.0,50,1,1
0.0,0.0,108,1,-1
0.0,0.0,73,1,1
0.0,0.0,108,1,-1
0.0,0.0,108,1,-1
0.0,0.0,51,1,1
0.0,0.0,108,1,-1
0.0,0.0,51,1,1
0.0,0.0,75,1,1
0.0,0.0,108,1,-1
0.0,0.0,61,1,1
0.0,0.0,108,1,-1
0.0,0.0,108,1,-1
0.0,0.0,96,1,1
0.0,0.0,50,1,1
0.0,0.0,108,1,-1
0.0,0.0,108,1,-1
0.0,0.0,73,1,1
0.0,0.0,108,1,-1
0.0,0.0,50,1,1
0.0,0.0,50,1,1
0.0,0.0,155,1,1
0.0,0.0,108,1,-1
0.0,0.0,73,1,1
0.0,0.0,108,1,-1
0.0,0.0,108,1,-1
0.0,0.0,50,1,1
0.0,0.0,50,1,1
0.0,0.0,108,1,-1
0.0,0.0,108,1,-1
0.0,0.0,73,1,1
0.0,0.0,50,1,1
0.0,0.0,108,1,-1
0.0,0.0,50,1,1
0.0,0.0,108,1,-1
0.0,0.0,108,1,-1
0.0,0.0,73,1,1
0.0,0.0,50,1,1
0.0,0.0,108,1,-1
0.0,0.0,54,1,1
0.0,0.0,128,1,-1
0.0,0.0,222,1,-1
0.0,0.0,76,1,1
0.0,0.0,108,1,-1
0.0,0.0,53,1,1
-6.31e-07,6.31e-07,435,2,1
0.0,0.0,108,1,-1
0.0,0.0,108,1,-1
0.0,0.0,50,1,1
0.0,0.0,50,1,1
0.0,0.0,173,1,-1
0.0,0.0,77,1,1
0.0,0.0,108,1,-1
0.0,0.0,50,1,1
0.0,0.0,108,1,-1
0.0,0.0,108,1,-1
0.0,0.0,50,1,1
0.0,0.0,50,1,1
0.0,0.0,161,1,-1
0.0,0.0,77,1,1
0.0,0.0,108,1,-1
0.0,0.0,108,1,-1
0.0,0.0,53,1,1
0.0,0.0,50,1,1
0.0,0.0,108,1,-1
0.0,0.0,108,1,-1
0.0,0.0,50,1,1
0.0,0.0,50,1,1
0.0,0.0,108,1,-1
0.0,0.0,108,1,-1
0.0,0.0,76,1,1
0.0,0.0,50,1,1
0.0,0.0,108,1,-1
0.0,0.0,108,1,-1
0.0,0.0,50,1,1
0.0,0.0,50,1,1
0.0,0.0,108,1,-1
0.0,0.0,108,1,-1
0.0,0.0,73,1,1
0.0,0.0,50,1,1
0.0,0.0,108,1,-1
0.0,0.0,108,1,-1
0.0,0.0,50,1,1
0.0,0.0,73,1,1
0.0,0.0,108,1,-1
0.0,0.0,108,1,-1
0.0,0.0,50,1,1
0.0,0.0,50,1,1
0.0,0.0,108,1,-1
0.0,0.0,108,1,-1
0.0,0.0,73,1,1
0.0,0.0,50,1,1
0.0,0.0,108,1,-1
0.0,0.0,108,1,-1
0.0,0.0,50,1,1
0.0,0.0,51,1,1
0.0,0.0,108,1,-1
0.0,0.0,108,1,-1
0.0,0.0,74,1,1
0.0,0.0,52,1,1
0.0,0.0,108,1,-1
0.0,0.0,108,1,-1
0.0,0.0,53,1,1
0.0,0.0,60,1,1
0.0,0.0,108,1,-1
0.0,0.0,108,1,-1
0.0,0.0,92,1,1
0.0,0.0,54,1,1
0.0,0.0,108,1,-1
0.0,0.0,108,1,-1
0.0,0.0,50,1,1
0.0,0.0,50,1,1
0.0,0.0,108,1,-1
0.0,0.0,108,1,-1
0.0,0.0,73,1,1
0.0,0.0,50,1,1
0.0,0.0,108,1,-1
0.0,0.0,108,1,-1
0.0,0.0,73,1,1
0.0,0.0,50,1,1
0.0,0.0,108,1,-1
0.0,0.0,108,1,-1
0.0,0.0,50,1,1
0.0,0.0,50,1,1
0.0,0.0,108,1,-1
0.0,0.0,108,1,-1
0.0,0.0,73,1,1
0.0,0.0,50,1,1
0.0,0.0,108,1,-1
0.0,0.0,50,1,1
0.0,0.0,108,1,-1
0.0,0.0,76,1,1
0.0,0.0,108,1,-1
0.0,0.0,108,1,-1
0.0,0.0,53,1,1
0.0,0.0,53,1,1
0.0,0.0,108,1,-1
0.0,0.0,73,1,1
0.0,0.0,108,1,-1
-0.000956475,0.000956475,291,2,1
0.0,0.0,108,1,-1
0.0,0.0,108,1,-1
0.0,0.0,50,1,1
0.0,0.0,108,1,-1
0.0,0.0,108,1,-1
0.0,0.0,73,1,1
0.0,0.0,50,1,1
0.0,0.0,108,1,-1
0.0,0.0,108,1,-1
0.0,0.0,76,1,1
0.0,0.0,50,1,1
Clump Interarrival,Clump Duration,Clump Size,Clump Packets,Clump Direction
0.0,0.0,222,1,-1
0.0,0.0,77,1,1
0.0,0.0,173,1,-1
0.0,0.0,76,1,1
0.0,0.0,153,1,-1
0.0,0.0,77,1,1
0.0,0.0,108,1,-1
0.0,0.0,55,1,1
0.0,0.0,108,1,-1
0.0,0.0,80,1,1
0.0,0.0,108,1,-1
0.0,0.0,79,1,1
0.0,0.0,108,1,-1
0.0,0.0,100,1,1
0.0,0.0,108,1,-1
0.0,0.0,73,1,1
0.0,0.0,108,1,-1
0.0,0.0,73,1,1
0.0,0.0,157,1,1
0.0,0.0,108,1,-1
0.0,0.0,73,1,1
0.0,0.0,108,1,-1
0.0,0.0,73,1,1
0.0,0.0,108,1,-1
0.0,0.0,73,1,1
0.0,0.0,108,1,-1
0.0,0.0,73,1,1
0.0,0.0,108,1,-1
0.0,0.0,73,1,1
0.0,0.0,108,1,-1
0.0,0.0,73,1,1
0.0,0.0,108,1,-1
0.0,0.0,73,1,1
0.0,0.0,108,1,-1
0.0,0.0,73,1,1
0.0,0.0,108,1,-1
0.0,0.0,73,1,1
0.0,0.0,108,1,-1
0.0,0.0,73,1,1
0.0,0.0,155,1,1
0.0,0.0,108,1,-1
0.0,0.0,73,1,1
0.0,0.0,108,1,-1
0.0,0.0,73,1,1
0.0,0.0,108,1,-1
0.0,0.0,77,1,1
0.0,0.0,108,1,-1
0.0,0.0,50,1,1
0.0,0.0,108,1,-1
0.0,0.0,53,1,1
0.0,0.0,108,1,-1
0.0,0.0,76,1,1
0.0,0.0,283,1,-1
0.0,0.0,54,1,1
0.0,0.0,283,1,-1
0.0,0.0,73,1,1
0.0,0.0,283,1,-1
0.0,0.0,50,1,1
0.0,0.0,122,1,-1
0.0,0.0,54,1,1
0.0,0.0,108,1,-1
0.0,0.0,50,1,1
0.0,0.0,108,1,-1
0.0,0.0,73,1,1
0.0,0.0,108,1,-1
0.0,0.0,73,1,1
0.0,0.0,108,1,-1
0.0,0.0,73,1,1
0.0,0.0,108,1,-1
0.0,0.0,73,1,1
0.0,0.0,108,1,-1
0.0,0.0,73,1,1
0.0,0.0,108,1,-1
0.0,0.0,73,1,1
0.0,0.0,108,1,-1
0.0,0.0,74,1,1
0.0,0.0,108,1,-1
0.0,0.0,74,1,1
0.0,0.0,108,1,-1
0.0,0.0,77,1,1
0.0,0.0,108,1,-1
0.0,0.0,104,1,1
0.0,0.0,108,1,-1
0.0,0.0,222,1,-1
0.0,0.0,128,1,-1
-0.000213869,0.000213869,130,2,1
0.0,0.0,108,1,-1
0.0,0.0,50,1,1
0.0,0.0,173,1,-1
-4.91e-07,4.91e-07,363,2,1
0.0,0.0,108,1,-1
0.0,0.0,50,1,1
0.0,0.0,149,1,-1
0.0,0.0,76,1,1
0.0,0.0,283,1,-1
0.0,0.0,50,1,1
0.0,0.0,120,1,-1
0.0,0.0,108,1,-1
0.0,0.0,54,1,1
0.0,0.0,108,1,-1
0.0,0.0,53,1,1
0.0,0.0,108,1,-1
0.0,0.0,73,1,1
0.0,0.0,108,1,-1
0.0,0.0,73,1,1
0.0,0.0,108,1,-1
0.0,0.0,73,1,1
0.0,0.0,108,1,-1
0.0,0.0,50,1,1
0.0,0.0,108,1,-1
0.0,0.0,73,1,1
0.0,0.0,108,1,-1
0.0,0.0,50,1,1
0.0,0.0,108,1,-1
0.0,0.0,73,1,1
0.0,0.0,108,1,-1
0.0,0.0,50,1,1
0.0,0.0,108,1,-1
0.0,0.0,73,1,1
0.0,0.0,108,1,-1
0.0,0.0,50,1,1
0.0,0.0,108,1,-1
0.0,0.0,73,1,1
0.0,0.0,108,1,-1
0.0,0.0,50,1,1
0.0,0.0,108,1,-1
0.0,0.0,73,1,1
0.0,0.0,108,1,-1
0.0,0.0,108,1,-1
0.0,0.0,73,1,1
0.0,0.0,50,1,1
0.0,0.0,108,1,-1
0.0,0.0,73,1,1
0.0,0.0,108,1,-1
0.0,0.0,50,1,1
0.0,0.0,108,1,-1
0.0,0.0,76,1,1
0.0,0.0,108,1,-1
0.0,0.0,50,1,1
0.0,0.0,108,1,-1
0.0,0.0,73,1,1
0.0,0.0,108,1,-1
0.0,0.0,108,1,-1
0.0,0.0,108,1,-1
0.0,0.0,73,1,1
0.0,0.0,50,1,1
0.0,0.0,108,1,-1
0.0,0.0,73,1,1
0.0,0.0,108,1,-1
0.0,0.0,51,1,1
0.0,0.0,108,1,-1
0.0,0.0,79,1,1
0.0,0.0,108,1,-1
0.0,0.0,77,1,1
0.0,0.0,108,1,-1
0.0,0.0,77,1,1
0.0,0.0,108,1,-1
0.0,0.0,73,1,1
0.0,0.0,108,1,-1
-5.41e-07,5.41e-07,205,2,1
0.0,0.0,108,1,-1
0.0,0.0,73,1,1
0.0,0.0,108,1,-1
0.0,0.0,50,1,1
0.0,0.0,159,1,1
0.0,0.0,108,1,-1
0.0,0.0,77,1,1
0.0,0.0,128,1,-1
0.0,0.0,222,1,-1
0.0,0.0,53,1,1
0.0,0.0,108,1,-1
0.0,0.0,54,1,1
0.0,0.0,108,1,-1
0.0,0.0,73,1,1
0.0,0.0,173,1,-1
0.0,0.0,108,1,-1
0.0,0.0,54,1,1
0.0,0.0,53,1,1
0.0,0.0,108,1,-1
0.0,0.0,73,1,1
0.0,0.0,155,1,1
0.0,0.0,151,1,-1
0.0,0.0,53,1,1
0.0,0.0,108,1,-1
0.0,0.0,50,1,1
0.0,0.0,50,1,1
0.0,0.0,108,1,-1
0.0,0.0,73,1,1
0.0,0.0,108,1,-1
0.0,0.0,108,1,-1
0.0,0.0,50,1,1
0.0,0.0,50,1,1
0.0,0.0,108,1,-1
0.0,0.0,73,1,1
0.0,0.0,108,1,-1
0.0,0.0,108,1,-1
0.0,0.0,50,1,1
0.0,0.0,50,1,1
0.0,0.0,108,1,-1
0.0,0.0,73,1,1
0.0,0.0,108,1,-1
0.0,0.0,73,1,1
0.0,0.0,108,1,-1
0.0,0.0,50,1,1
0.0,0.0,108,1,-1
0.0,0.0,108,1,-1
0.0,0.0,73,1,1
0.0,0.0,108,1,-1
0.0,0.0,50,1,1
0.0,0.0,50,1,1
0.0,0.0,108,1,-1
0.0,0.0,108,1,-1
0.0,0.0,73,1,1
0.0,0.0,50,1,1
0.0,0.0,108,1,-1
0.0,0.0,50,1,1
0.0,0.0,108,1,-1
0.0,0.0,73,1,1
0.0,0.0,108,1,-1
0.0,0.0,108,1,-1
0.0,0.0,50,1,1
0.0,0.0,50,1,1
0.0,0.0,108,1,-1
0.0,0.0,73,1,1
0.0,0.0,108,1,-1
0.0,0.0,50,1,1
0.0,0.0,108,1,-1
0.0,0.0,50,1,1
0.0,0.0,159,1,1
0.0,0.0,108,1,-1
0.0,0.0,73,1,1
0.0,0.0,108,1,-1
0.0,0.0,50,1,1
0.0,0.0,157,1,1
0.0,0.0,108,1,-1
0.0,0.0,51,1,1
0.0,0.0,108,1,-1
0.0,0.0,75,1,1
0.0,0.0,108,1,-1
0.0,0.0,53,1,1
0.0,0.0,108,1,-1
0.0,0.0,79,1,1
0.0,0.0,108,1,-1
0.0,0.0,77,1,1
0.0,0.0,108,1,-1
0.0,0.0,108,1,-1
0.0,0.0,73,1,1
0.0,0.0,50,1,1
0.0,0.0,108,1,-1
0.0,0.0,54,1,1
0.0,0.0,108,1,-1
0.0,0.0,108,1,-1
0.0,0.0,73,1,1
-5.21e-07,5.21e-07,209,2,1
0.0,0.0,108,1,-1
0.0,0.0,73,1,1
0.0,0.0,108,1,-1
0.0,0.0,108,1,-1
0.0,0.0,50,1,1
0.0,0.0,50,1,1
0.0,0.0,108,1,-1
0.0,0.0,73,1,1
0.0,0.0,108,1,-1
0.0,0.0,108,1,-1
0.0,0.0,50,1,1
0.0,0.0,50,1,1
0.0,0.0,108,1,-1
0.0,0.0,73,1,1
0.0,0.0,108,1,-1
0.0,0.0,50,1,1
0.0,0.0,108,1,-1
0.0,0.0,53,1,1
0.0,0.0,108,1,-1
0.0,0.0,73,1,1
0.0,0.0,108,1,-1
0.0,0.0,108,1,-1
0.0,0.0,50,1,1
0.0,0.0,50,1,1
0.0,0.0,108,1,-1
0.0,0.0,73,1,1
0.0,0.0,108,1,-1
0.0,0.0,53,1,1
0.0,0.0,108,1,-1
0.0,0.0,50,1,1
0.0,0.0,108,1,-1
0.0,0.0,108,1,-1
0.0,0.0,73,1,1
0.0,0.0,50,1,1
0.0,0.0,108,1,-1
0.0,0.0,73,1,1
0.0,0.0,108,1,-1
0.0,0.0,108,1,-1
0.0,0.0,50,1,1
0.0,0.0,73,1,1
0.0,0.0,108,1,-1
0.0,0.0,50,1,1
0.0,0.0,108,1,-1
0.0,0.0,73,1,1
0.0,0.0,108,1,-1
0.0,0.0,50,1,1
0.0,0.0,108,1,-1
0.0,0.0,50,1,1
0.0,0.0,108,1,-1
0.0,0.0,108,1,-1
0.0,0.0,108,1,-1
0.0,0.0,73,1,1
0.0,0.0,50,1,1
0.0,0.0,108,1,-1
0.0,0.0,108,1,-1
0.0,0.0,108,1,-1
-4.61e-07,4.61e-07,230,2,1
0.0,0.0,50,1,1
0.0,0.0,108,1,-1
0.0,0.0,108,1,-1
0.0,0.0,73,1,1
0.0,0.0,108,1,-1
0.0,0.0,50,1,1
0.0,0.0,50,1,1
0.0,0.0,108,1,-1
0.0,0.0,108,1,-1
0.0,0.0,73,1,1
0.0,0.0,108,1,-1
0.0,0.0,50,1,1
0.0,0.0,50,1,1
0.0,0.0,108,1,-1
0.0,0.0,108,1,-1
0.0,0.0,73,1,1
0.0,0.0,108,1,-1
0.0,0.0,74,1,1
0.0,0.0,52,1,1
0.0,0.0,108,1,-1
0.0,0.0,108,1,-1
0.0,0.0,76,1,1
0.0,0.0,81,1,1
0.0,0.0,108,1,-1
0.0,0.0,51,1,1
0.0,0.0,159,1,1
0.0,0.0,128,1,-1
-4.5e-07,4.5e-07,233,2,1
0.0,0.0,222,1,-1
0.0,0.0,108,1,-1
-4.81e-07,4.81e-07,461,2,1
0.0,0.0,108,1,-1
0.0,0.0,108,1,-1
0.0,0.0,50,1,1
0.0,0.0,50,1,1
0.0,0.0,108,1,-1
0.0,0.0,50,1,1
0.0,0.0,173,1,-1
0.0,0.0,77,1,1
0.0,0.0,108,1,-1
0.0,0.0,108,1,-1
0.0,0.0,51,1,1
0.0,0.0,54,1,1
0.0,0.0,108,1,-1
0.0,0.0,76,1,1
0.0,0.0,145,1,-1
0.0,0.0,54,1,1
0.0,0.0,153,1,-1
0.0,0.0,108,1,-1
0.0,0.0,108,1,-1
-2.91e-07,2.91e-07,209,2,1
0.0,0.0,128,1,-1
0.0,0.0,50,1,1
0.0,0.0,53,1,1
0.0,0.0,108,1,-1
0.0,0.0,76,1,1
0.0,0.0,108,1,-1
0.0,0.0,108,1,-1
-4.71e-07,4.71e-07,209,2,1
0.0,0.0,108,1,-1
0.0,0.0,73,1,1
0.0,0.0,108,1,-1
0.0,0.0,50,1,1
0.0,0.0,108,1,-1
0.0,0.0,50,1,1
0.0,0.0,108,1,-1
0.0,0.0,73,1,1
0.0,0.0,108,1,-1
0.0,0.0,108,1,-1
0.0,0.0,50,1,1
0.0,0.0,73,1,1
0.0,0.0,108,1,-1
0.0,0.0,50,1,1
0.0,0.0,108,1,-1
0.0,0.0,50,1,1
0.0,0.0,108,1,-1
0.0,0.0,73,1,1
0.0,0.0,108,1,-1
0.0,0.0,50,1,1
0.0,0.0,108,1,-1
0.0,0.0,73,1,1
0.0,0.0,108,1,-1
0.0,0.0,50,1,1
0.0,0.0,108,1,-1
0.0,0.0,73,1,1
0.0,0.0,108,1,-1
0.0,0.0,50,1,1
0.0,0.0,108,1,-1
0.0,0.0,50,1,1
0.0,0.0,108,1,-1
0.0,0.0,73,1,1
0.0,0.0,108,1,-1
0.0,0.0,50,1,1
0.0,0.0,108,1,-1
0.0,0.0,50,1,1
0.0,0.0,108,1,-1
0.0,0.0,73,1,1
0.0,0.0,108,1,-1
0.0,0.0,108,1,-1
0.0,0.0,50,1,1
-9.52e-07,9.52e-07,206,2,1
0.0,0.0,108,1,-1
0.0,0.0,76,1,1
0.0,0.0,108,1,-1
0.0,0.0,108,1,-1
0.0,0.0,53,1,1
0.0,0.0,53,1,1
0.0,0.0,108,1,-1
0.0,0.0,100,1,1
0.0,0.0,108,1,-1
0.0,0.0,74,1,1
0.0,0.0,108,1,-1
0.0,0.0,51,1,1
0.0,0.0,108,1,-1
0.0,0.0,50,1,1
0.0,0.0,108,1,-1
0.0,0.0,76,1,1
0.0,0.0,108,1,-1
0.0,0.0,50,1,1
0.0,0.0,108,1,-1
0.0,0.0,73,1,1
0.0,0.0,108,1,-1
0.0,0.0,50,1,1
0.0,0.0,108,1,-1
0.0,0.0,50,1,1
0.0,0.0,108,1,-1
0.0,0.0,74,1,1
0.0,0.0,108,1,-1
0.0,0.0,54,1,1
0.0,0.0,108,1,-1
0.0,0.0,51,1,1
0.0,0.0,108,1,-1
0.0,0.0,76,1,1
0.0,0.0,108,1,-1
0.0,0.0,50,1,1
0.0,0.0,108,1,-1
0.0,0.0,73,1,1
0.0,0.0,108,1,-1
0.0,0.0,50,1,1
0.0,0.0,108,1,-1
0.0,0.0,50,1,1
0.0,0.0,108,1,-1
0.0,0.0,73,1,1
0.0,0.0,108,1,-1
0.0,0.0,108,1,-1
0.0,0.0,50,1,1
0.0,0.0,50,1,1
0.0,0.0,108,1,-1
0.0,0.0,73,1,1
0.0,0.0,108,1,-1
0.0,0.0,108,1,-1
0.0,0.0,50,1,1
0.0,0.0,50,1,1
0.0,0.0,108,1,-1
0.0,0.0,73,1,1
0.0,0.0,108,1,-1
0.0,0.0,108,1,-1
0.0,0.0,50,1,1
0.0,0.0,73,1,1
0.0,0.0,157,1,1
0.0,0.0,108,1,-1
0.0,0.0,108,1,-1
0.0,0.0,73,1,1
0.0,0.0,108,1,-1
-5.31e-07,5.31e-07,205,2,1
0.0,0.0,50,1,1
0.0,0.0,108,1,-1
0.0,0.0,108,1,-1
0.0,0.0,73,1,1
0.0,0.0,108,1,-1
0.0,0.0,50,1,1
0.0,0.0,50,1,1
0.0,0.0,108,1,-1
0.0,0.0,108,1,-1
0.0,0.0,73,1,1
0.0,0.0,108,1,-1
0.0,0.0,50,1,1
0.0,0.0,50,1,1
0.0,0.0,108,1,-1
0.0,0.0,108,1,-1
0.0,0.0,73,1,1
0.0,0.0,108,1,-1
0.0,0.0,50,1,1
0.0,0.0,50,1,1
0.0,0.0,108,1,-1
0.0,0.0,108,1,-1
0.0,0.0,73,1,1
0.0,0.0,108,1,-1
0.0,0.0,50,1,1
0.0,0.0,50,1,1
0.0,0.0,108,1,-1
0.0,0.0,108,1,-1
0.0,0.0,73,1,1
0.0,0.0,108,1,-1
0.0,0.0,51,1,1
0.0,0.0,108,1,-1
0.0,0.0,108,1,-1
0.0,0.0,75,1,1
0.0,0.0,60,1,1
0.0,0.0,108,1,-1
0.0,0.0,52,1,1
0.0,0.0,108,1,-1
0.0,0.0,92,1,1
0.0,0.0,108,1,-1
0.0,0.0,108,1,-1
0.0,0.0,50,1,1
0.0,0.0,50,1,1
0.0,0.0,108,1,-1
0.0,0.0,108,1,-1
0.0,0.0,73,1,1
0.0,0.0,108,1,-1
0.0,0.0,50,1,1
0.0,0.0,50,1,1
0.0,0.0,108,1,-1
0.0,0.0,73,1,1
0.0,0.0,108,1,-1
0.0,0.0,108,1,-1
0.0,0.0,51,1,1
0.0,0.0,108,1,-1
0.0,0.0,108,1,-1
0.0,0.0,76,1,1
0.0,0.0,108,1,-1
0.0,0.0,50,1,1
0.0,0.0,50,1,1
0.0,0.0,108,1,-1
0.0,0.0,108,1,-1
0.0,0.0,77,1,1
0.0,0.0,108,1,-1
0.0,0.0,50,1,1
0.0,0.0,53,1,1
0.0,0.0,108,1,-1
0.0,0.0,108,1,-1
0.0,0.0,73,1,1
0.0,0.0,108,1,-1
0.0,0.0,50,1,1
0.0,0.0,50,1,1
0.0,0.0,108,1,-1
0.0,0.0,108,1,-1
0.0,0.0,73,1,1
0.0,0.0,50,1,1
0.0,0.0,108,1,-1
0.0,0.0,73,1,1
0.0,0.0,108,1,-1
0.0,0.0,108,1,-1
0.0,0.0,50,1,1
0.0,0.0,50,1,1
0.0,0.0,108,1,-1
0.0,0.0,73,1,1
0.0,0.0,108,1,-1
0.0,0.0,50,1,1
0.0,0.0,108,1,-1
0.0,0.0,73,1,1
0.0,0.0,108,1,-1
0.0,0.0,108,1,-1
0.0,0.0,50,1,1
0.0,0.0,50,1,1
0.0,0.0,108,1,-1
0.0,0.0,73,1,1
0.0,0.0,108,1,-1
0.0,0.0,108,1,-1
0.0,0.0,73,1,1
0.0,0.0,50,1,1
0.0,0.0,108,1,-1
0.0,0.0,50,1,1
0.0,0.0,108,1,-1
0.0,0.0,108,1,-1
0.0,0.0,73,1,1
0.0,0.0,50,1,1
0.0,0.0,108,1,-1
0.0,0.0,50,1,1
0.0,0.0,108,1,-1
0.0,0.0,108,1,-1
0.0,0.0,76,1,1
0.0,0.0,108,1,-1
0.0,0.0,50,1,1
0.0,0.0,108,1,-1
0.0,0.0,108,1,-1
0.0,0.0,73,1,1
0.0,0.0,108,1,-1
-0.000235513,0.000235513,294,2,1
0.0,0.0,108,1,-1
0.0,0.0,77,1,1
0.0,0.0,108,1,-1
0.0,0.0,108,1,-1
0.0,0.0,60,1,1
0.0,0.0,52,1,1
0.0,0.0,108,1,-1
-0.000433617,0.000433617,333,2,1
0.0,0.0,108,1,-1
0.0,0.0,50,1,1
0.0,0.0,108,1,-1
0.0,0.0,108,1,-1
0.0,0.0,108,1,-1
0.0,0.0,108,1,-1
0.0,0.0,73,1,1
0.0,0.0,76,1,1
0.0,0.0,108,1,-1
0.0,0.0,108,1,-1
0.0,0.0,108,1,-1
0.0,0.0,50,1,1
0.0,0.0,50,1,1
0.0,0.0,73,1,1
0.0,0.0,108,1,-1
0.0,0.0,108,1,-1
0.0,0.0,108,1,-1
0.0,0.0,50,1,1
0.0,0.0,73,1,1
0.0,0.0,50,1,1
0.0,0.0,73,1,1
0.0,0.0,50,1,1
0.0,0.0,147,1,1
Clump Interarrival,Clump Duration,Clump Size,Clump Packets,Clump Direction
0.0,0.0,222,1,-1
0.0,0.0,77,1,1
0.0,0.0,173,1,-1
0.0,0.0,77,1,1
0.0,0.0,153,1,-1
-0.000670876,0.000670876,281,2,1
0.0,0.0,108,1,-1
-4.91e-07,4.91e-07,209,2,1
0.0,0.0,108,1,-1
0.0,0.0,73,1,1
0.0,0.0,108,1,-1
0.0,0.0,76,1,1
0.0,0.0,157,1,1
0.0,0.0,108,1,-1
-0.000431624,0.000431624,231,2,1
0.0,0.0,108,1,-1
0.0,0.0,73,1,1
0.0,0.0,108,1,-1
0.0,0.0,73,1,1
0.0,0.0,108,1,-1
-0.000771885,0.000771885,228,2,1
0.0,0.0,108,1,-1
-0.00067152,0.00067152,228,2,1
0.0,0.0,108,1,-1
-0.000613833,0.000613833,232,2,1
0.0,0.0,108,1,-1
-0.000846212,0.000846212,228,2,1
0.0,0.0,108,1,-1
0.0,0.0,73,1,1
0.0,0.0,108,1,-1
0.0,0.0,73,1,1
0.0,0.0,157,1,1
0.0,0.0,108,1,-1
-0.000540999,0.000540999,228,2,1
0.0,0.0,108,1,-1
-0.000285924,0.000285924,232,2,1
0.0,0.0,108,1,-1
0.0,0.0,77,1,1
0.0,0.0,108,1,-1
0.0,0.0,50,1,1
0.0,0.0,108,1,-1
0.0,0.0,54,1,1
0.0,0.0,281,1,1
0.0,0.0,283,1,-1
-0.000931787,0.000931787,409,2,1
0.0,0.0,283,1,-1
0.0,0.0,54,1,1
0.0,0.0,283,1,-1
0.0,0.0,50,1,1
0.0,0.0,122,1,-1
0.0,0.0,54,1,1
0.0,0.0,108,1,-1
0.0,0.0,54,1,1
0.0,0.0,108,1,-1
-0.000172589,0.000172589,230,2,1
0.0,0.0,108,1,-1
-4.71e-07,4.71e-07,230,2,1
0.0,0.0,108,1,-1
0.0,0.0,74,1,1
0.0,0.0,108,1,-1
0.0,0.0,74,1,1
0.0,0.0,159,1,1
0.0,0.0,108,1,-1
0.0,0.0,83,1,1
0.0,0.0,108,1,-1
0.0,0.0,108,1,-1
-6.01e-07,6.01e-07,232,2,1
0.0,0.0,108,1,-1
-0.000949794,0.000949794,228,2,1
0.0,0.0,108,1,-1
0.0,0.0,73,1,1
0.0,0.0,108,1,-1
0.0,0.0,77,1,1
0.0,0.0,222,1,-1
0.0,0.0,128,1,-1
-0.000282953,0.000282953,252,2,1
0.0,0.0,108,1,-1
0.0,0.0,53,1,1
0.0,0.0,157,1,1
0.0,0.0,173,1,-1
0.0,0.0,53,1,1
0.0,0.0,108,1,-1
0.0,0.0,157,1,1
0.0,0.0,149,1,-1
-0.000441662,0.000441662,251,2,1
0.0,0.0,108,1,-1
-0.000512847,0.000512847,208,2,1
0.0,0.0,108,1,-1
-0.000610227,0.000610227,230,2,1
0.0,0.0,108,1,-1
-0.000240514,0.000240514,232,2,1
0.0,0.0,108,1,-1
-0.000194219,0.000194219,205,2,1
0.0,0.0,108,1,-1
-0.000248308,0.000248308,228,2,1
0.0,0.0,108,1,-1
0.0,0.0,50,1,1
0.0,0.0,108,1,-1
-0.000232159,0.000232159,232,2,1
0.0,0.0,108,1,-1
-0.000393306,0.000393306,207,2,1
0.0,0.0,108,1,-1
-0.000752009,0.000752009,232,2,1
0.0,0.0,108,1,-1
-3.5e-07,3.5e-07,205,2,1
0.0,0.0,108,1,-1
-0.00038622,0.00038622,232,2,1
0.0,0.0,108,1,-1
-6.01e-07,6.01e-07,209,2,1
0.0,0.0,108,1,-1
-5.31e-07,5.31e-07,232,2,1
0.0,0.0,108,1,-1
0.0,0.0,54,1,1
0.0,0.0,204,1,1
0.0,0.0,222,1,-1
0.0,0.0,128,1,-1
-0.000405096,0.000405096,460,2,1
0.0,0.0,108,1,-1
0.0,0.0,108,1,-1
0.0,0.0,50,1,1
0.0,0.0,157,1,1
-0.000385221,0.000385221,210,2,1
0.0,0.0,173,1,-1
-0.000617948,0.000617948,366,2,1
0.0,0.0,108,1,-1
0.0,0.0,108,1,-1
-0.000214436,0.000214436,213,2,1
-0.000119323,0.000119323,205,2,1
0.0,0.0,151,1,-1
-0.000379391,0.000379391,279,2,1
0.0,0.0,108,1,-1
-0.000181843,0.000181843,208,2,1
0.0,0.0,108,1,-1
-0.000452813,0.000452813,210,2,1
0.0,0.0,108,1,-1
-0.000663836,0.000663836,206,2,1
0.0,0.0,108,1,-1
0.0,0.0,108,1,-1
-0.000548163,0.000548163,233,2,1
0.0,0.0,108,1,-1
0.0,0.0,60,1,1
-0.000155447,0.000155447,209,2,1
0.0,0.0,108,1,-1
-0.000266098,0.000266098,251,2,1
0.0,0.0,108,1,-1
-0.000578809,0.000578809,207,2,1
0.0,0.0,108,1,-1
-0.000631456,0.000631456,228,2,1
0.0,0.0,108,1,-1
0.0,0.0,108,1,-1
0.0,0.0,50,1,1
-0.000275506,0.000275506,205,2,1
0.0,0.0,108,1,-1
-0.000580272,0.000580272,230,2,1
0.0,0.0,108,1,-1
-5.01e-07,5.01e-07,209,2,1
0.0,0.0,108,1,-1
-0.000749047,0.000749047,209,2,1
0.0,0.0,108,1,-1
-0.000160887,0.000160887,231,2,1
0.0,0.0,108,1,-1
-0.000382102,0.000382102,208,2,1
0.0,0.0,108,1,-1
-7.21e-07,7.21e-07,228,2,1
0.0,0.0,108,1,-1
-0.000166778,0.000166778,210,2,1
0.0,0.0,108,1,-1
-0.000221389,0.000221389,232,2,1
0.0,0.0,108,1,-1
-0.000693243,0.000693243,207,2,1
0.0,0.0,108,1,-1
-0.000240504,0.000240504,207,2,1
0.0,0.0,108,1,-1
0.0,0.0,108,1,-1
-0.000161088,0.000161088,230,2,1
0.0,0.0,53,1,1
0.0,0.0,108,1,-1
0.0,0.0,50,1,1
0.0,0.0,157,1,1
0.0,0.0,108,1,-1
0.0,0.0,73,1,1
0.0,0.0,155,1,1
0.0,0.0,108,1,-1
-0.000254861,0.000254861,209,2,1
0.0,0.0,108,1,-1
-0.000228923,0.000228923,230,2,1
0.0,0.0,108,1,-1
-4.91e-07,4.91e-07,205,2,1
0.0,0.0,108,1,-1
-0.000540836,0.000540836,205,2,1
0.0,0.0,108,1,-1
0.0,0.0,108,1,-1
-0.000568637,0.000568637,230,2,1
-0.000146861,0.000146861,205,2,1
0.0,0.0,108,1,-1
0.0,0.0,53,1,1
0.0,0.0,236,1,1
0.0,0.0,128,1,-1
0.0,0.0,222,1,-1
0.0,0.0,53,1,1
0.0,0.0,108,1,-1
0.0,0.0,108,1,-1
-0.000979078,0.000979078,230,2,1
-0.000610257,0.000610257,207,2,1
0.0,0.0,108,1,-1
-7.71e-07,7.71e-07,207,2,1
0.0,0.0,108,1,-1
-0.000332514,0.000332514,232,2,1
0.0,0.0,108,1,-1
-0.000232389,0.000232389,209,2,1
0.0,0.0,108,1,-1
-0.000402844,0.000402844,207,2,1
0.0,0.0,108,1,-1
0.0,0.0,74,1,1
0.0,0.0,108,1,-1
-0.000710862,0.000710862,205,2,1
0.0,0.0,108,1,-1
-0.000238631,0.000238631,207,2,1
0.0,0.0,108,1,-1
-0.000361127,0.000361127,230,2,1
0.0,0.0,108,1,-1
-0.000733554,0.000733554,213,2,1
0.0,0.0,108,1,-1
-0.000506195,0.000506195,209,2,1
0.0,0.0,108,1,-1
-0.00026019,0.00026019,230,2,1
0.0,0.0,108,1,-1
-6.41e-07,6.41e-07,210,2,1
0.0,0.0,108,1,-1
-5.81e-07,5.81e-07,206,2,1
0.0,0.0,108,1,-1
0.0,0.0,75,1,1
0.0,0.0,159,1,1
0.0,0.0,108,1,-1
0.0,0.0,60,1,1
0.0,0.0,108,1,-1
-0.000434202,0.000434202,251,2,1
0.0,0.0,108,1,-1
0.0,0.0,50,1,1
0.0,0.0,159,1,1
0.0,0.0,108,1,-1
-0.000565321,0.000565321,207,2,1
0.0,0.0,108,1,-1
-0.000868815,0.000868815,228,2,1
0.0,0.0,108,1,-1
-0.000222471,0.000222471,207,2,1
0.0,0.0,108,1,-1
-0.000841865,0.000841865,232,2,1
0.0,0.0,108,1,-1
-0.000466539,0.000466539,205,2,1
0.0,0.0,108,1,-1
-7.62e-07,7.62e-07,207,2,1
0.0,0.0,108,1,-1
0.0,0.0,74,1,1
0.0,0.0,157,1,1
0.0,0.0,108,1,-1
-0.000483072,0.000483072,208,2,1
0.0,0.0,108,1,-1
-0.00033068,0.00033068,209,2,1
0.0,0.0,108,1,-1
-7.81e-07,7.81e-07,232,2,1
0.0,0.0,108,1,-1
-0.000511614,0.000511614,210,2,1
0.0,0.0,108,1,-1
-0.00022171,0.00022171,207,2,1
0.0,0.0,108,1,-1
0.0,0.0,73,1,1
0.0,0.0,108,1,-1
-0.000409656,0.000409656,209,2,1
0.0,0.0,108,1,-1
-0.000212552,0.000212552,232,2,1
0.0,0.0,108,1,-1
-7.31e-07,7.31e-07,208,2,1
0.0,0.0,108,1,-1
-0.000187356,0.000187356,209,2,1
0.0,0.0,108,1,-1
-0.000390899,0.000390899,228,2,1
0.0,0.0,108,1,-1
0.0,0.0,108,1,-1
-0.000519439,0.000519439,209,2,1
-0.000215127,0.000215127,209,2,1
0.0,0.0,108,1,-1
0.0,0.0,73,1,1
0.0,0.0,157,1,1
0.0,0.0,108,1,-1
0.0,0.0,50,1,1
0.0,0.0,155,1,1
0.0,0.0,108,1,-1
0.0,0.0,50,1,1
0.0,0.0,155,1,1
0.0,0.0,108,1,-1
0.0,0.0,73,1,1
0.0,0.0,159,1,1
0.0,0.0,108,1,-1
-0.000298207,0.000298207,209,2,1
0.0,0.0,108,1,-1
-0.000274036,0.000274036,205,2,1
0.0,0.0,108,1,-1
-5.61e-07,5.61e-07,228,2,1
0.0,0.0,108,1,-1
0.0,0.0,108,1,-1
0.0,0.0,50,1,1
-0.000250199,0.000250199,205,2,1
0.0,0.0,108,1,-1
0.0,0.0,73,1,1
0.0,0.0,157,1,1
0.0,0.0,108,1,-1
0.0,0.0,155,1,1
0.0,0.0,108,1,-1
-0.000681148,0.000681148,232,2,1
0.0,0.0,108,1,-1
-0.000582706,0.000582706,205,2,1
0.0,0.0,108,1,-1
-5.41e-07,5.41e-07,230,2,1
0.0,0.0,108,1,-1
-0.000523784,0.000523784,205,2,1
0.0,0.0,108,1,-1
-0.000754965,0.000754965,210,2,1
0.0,0.0,108,1,-1
-0.000511121,0.000511121,233,2,1
0.0,0.0,108,1,-1
0.0,0.0,50,1,1
0.0,0.0,108,1,-1
-6.11e-07,6.11e-07,205,2,1
0.0,0.0,108,1,-1
0.0,0.0,73,1,1
0.0,0.0,108,1,-1
0.0,0.0,50,1,1
0.0,0.0,108,1,-1
-0.000570153,0.000570153,236,2,1
0.0,0.0,108,1,-1
-0.00042225,0.00042225,208,2,1
0.0,0.0,108,1,-1
-0.000133115,0.000133115,207,2,1
0.0,0.0,108,1,-1
-0.000521982,0.000521982,238,2,1
0.0,0.0,108,1,-1
-0.000185313,0.000185313,224,2,1
0.0,0.0,108,1,-1
-0.000448048,0.000448048,207,2,1
0.0,0.0,108,1,-1
-0.000134669,0.000134669,230,2,1
0.0,0.0,108,1,-1
0.0,0.0,50,1,1
0.0,0.0,155,1,1
0.0,0.0,108,1,-1
0.0,0.0,53,1,1
0.0,0.0,108,1,-1
-0.000270236,0.000270236,228,2,1
0.0,0.0,108,1,-1
-0.000462855,0.000462855,207,2,1
0.0,0.0,108,1,-1
0.0,0.0,73,1,1
0.0,0.0,108,1,-1
-0.000273575,0.000273575,208,2,1
0.0,0.0,108,1,-1
-0.000810257,0.000810257,208,2,1
0.0,0.0,108,1,-1
0.0,0.0,74,1,1
0.0,0.0,157,1,1
0.0,0.0,108,1,-1
0.0,0.0,50,1,1
0.0,0.0,159,1,1
0.0,0.0,108,1,-1
-0.000284763,0.000284763,205,2,1
0.0,0.0,108,1,-1
-0.000569181,0.000569181,232,2,1
0.0,0.0,108,1,-1
0.0,0.0,53,1,1
0.0,0.0,157,1,1
0.0,0.0,108,1,-1
-0.00055376,0.00055376,209,2,1
0.0,0.0,108,1,-1
0.0,0.0,108,1,-1
-0.000740107,0.000740107,230,2,1
-9.5717e-05,9.5717e-05,208,2,1
0.0,0.0,108,1,-1
-0.000939966,0.000939966,230,2,1
0.0,0.0,108,1,-1
-6.81e-07,6.81e-07,207,2,1
0.0,0.0,108,1,-1
0.0,0.0,50,1,1
0.0,0.0,159,1,1
0.0,0.0,108,1,-1
0.0,0.0,73,1,1
0.0,0.0,159,1,1
0.0,0.0,108,1,-1
0.0,0.0,108,1,-1
-0.000129789,0.000129789,205,2,1
-0.000187196,0.000187196,205,2,1
0.0,0.0,108,1,-1
-0.000143665,0.000143665,228,2,1
0.0,0.0,108,1,-1
-0.000589519,0.000589519,207,2,1
0.0,0.0,108,1,-1
0.0,0.0,50,1,1
0.0,0.0,108,1,1
0.0,0.0,108,1,-1
-0.00034138,0.00034138,232,2,1
0.0,0.0,108,1,-1
-0.000376505,0.000376505,209,2,1
0.0,0.0,108,1,-1
0.0,0.0,50,1,1
0.0,0.0,155,1,1
0.0,0.0,108,1,-1
0.0,0.0,108,1,-1
-0.000993555,0.000993555,232,2,1
0.0,0.0,108,1,-1
0.0,0.0,50,1,1
0.0,0.0,155,1,1
0.0,0.0,50,1,1
0.0,0.0,159,1,1
0.0,0.0,108,1,-1
-0.00048199,0.00048199,228,2,1
0.0,0.0,108,1,-1
0.0,0.0,108,1,-1
-7.71e-07,7.71e-07,207,2,1
-5.81e-07,5.81e-07,232,2,1
0.0,0.0,108,1,-1
0.0,0.0,108,1,-1
-0.000630875,0.000630875,205,2,1
0.0,0.0,108,1,-1
-0.000697495,0.000697495,205,2,1
-0.000767607,0.000767607,181,2,1
0.0,0.0,108,1,-1
0.0,0.0,108,1,-1
-6.52e-07,6.52e-07,205,2,1
-0.000114091,0.000114091,230,2,1
0.0,0.0,108,1,-1
-6.11e-07,6.11e-07,205,2,1
0.0,0.0,108,1,-1
0.0,0.0,108,1,-1
-0.000924317,0.000924317,288,2,1
0.0,0.0,108,1,-1
-0.000386156,0.000386156,208,2,1
0.0,0.0,52,1,1
0.0,0.0,108,1,-1
0.0,0.0,108,1,-1
-0.000477251,0.000477251,238,2,1
-0.000259279,0.000259279,226,2,1
0.0,0.0,108,1,-1
0.0,0.0,108,1,-1
0.0,0.0,77,1,1
0.0,0.0,159,1,1
0.0,0.0,50,1,1
0.0,0.0,108,1,-1
0.0,0.0,108,1,-1
0.0,0.0,73,1,1
-0.000191324,0.000191324,207,2,1
0.0,0.0,108,1,-1
0.0,0.0,108,1,-1
-0.000369179,0.000369179,228,2,1
-0.00045642,0.00045642,205,2,1
0.0,0.0,108,1,-1
0.0,0.0,108,1,-1
-0.00033166,0.00033166,228,2,1
0.0,0.0,50,1,1
0.0,0.0,157,1,1
0.0,0.0,108,1,-1
0.0,0.0,108,1,-1
-0.000292126,0.000292126,123,2,1
0.0,0.0,108,1,-1
0.0,0.0,108,1,-1
-0.000861,0.000861,231,2,1
-0.00075281,0.00075281,208,2,1
0.0,0.0,108,1,-1
-0.000206762,0.000206762,233,2,1
0.0,0.0,108,1,-1
-0.000966785,0.000966785,209,2,1
0.0,0.0,108,1,-1
-0.00094741,0.00094741,231,2,1
0.0,0.0,108,1,-1
0.0,0.0,108,1,-1
-0.000408434,0.000408434,232,2,1
0.0,0.0,108,1,-1
-0.000174092,0.000174092,232,2,1
0.0,0.0,108,1,-1
-0.000649316,0.000649316,228,2,1
0.0,0.0,108,1,-1
-0.000506933,0.000506933,228,2,1
0.0,0.0,108,1,-1
0.0,0.0,73,1,1
0.0,0.0,155,1,1
0.0,0.0,108,1,-1
0.0,0.0,73,1,1
0.0,0.0,108,1,-1
-6.41e-07,6.41e-07,232,2,1
0.0,0.0,108,1,-1
0.0,0.0,108,1,-1
-5.11e-07,5.11e-07,232,2,1
0.0,0.0,108,1,-1
-0.000131693,0.000131693,230,2,1
0.0,0.0,108,1,-1
-0.000255892,0.000255892,228,2,1
0.0,0.0,108,1,-1
-0.000146608,0.000146608,232,2,1
0.0,0.0,108,1,-1
-0.000666431,0.000666431,230,2,1
0.0,0.0,108,1,-1
-6.01e-07,6.01e-07,230,2,1
0.0,0.0,108,1,-1
-0.000243329,0.000243329,228,2,1
0.0,0.0,108,1,-1
-0.00052709,0.00052709,232,2,1
0.0,0.0,108,1,-1
0.0,0.0,74,1,1
0.0,0.0,108,1,-1
-0.000586112,0.000586112,232,2,1
0.0,0.0,108,1,-1
0.0,0.0,100,1,1
0.0,0.0,108,1,-1
0.0,0.0,73,1,1
0.0,0.0,108,1,-1
0.0,0.0,73,1,1
0.0,0.0,108,1,-1
0.0,0.0,73,1,1
0.0,0.0,108,1,-1
-4.31e-07,4.31e-07,287,2,1
Clump Interarrival,Clump Duration,Clump Size,Clump Packets,Clump Direction
0.0,0.0,222,1,-1
0.0,0.0,77,1,1
0.0,0.0,173,1,-1
0.0,0.0,73,1,1
0.0,0.0,289,1,1
0.0,0.0,153,1,-1
0.0,0.0,77,1,1
0.0,0.0,202,1,1
0.0,0.0,108,1,-1
-0.000946747,0.000946747,208,2,1
0.0,0.0,108,1,-1
-0.000391303,0.000391303,232,2,1
0.0,0.0,108,1,-1
-0.000740642,0.000740642,232,2,1
0.0,0.0,108,1,-1
0.0,0.0,73,1,1
0.0,0.0,108,1,-1
0.0,0.0,73,1,1
0.0,0.0,155,1,1
0.0,0.0,108,1,-1
-0.000619581,0.000619581,228,2,1
0.0,0.0,108,1,-1
-0.000420928,0.000420928,233,2,1
0.0,0.0,108,1,-1
0.0,0.0,73,1,1
0.0,0.0,157,1,1
0.0,0.0,108,1,-1
-0.000808597,0.000808597,230,2,1
0.0,0.0,108,1,-1
0.0,0.0,73,1,1
0.0,0.0,108,1,-1
0.0,0.0,73,1,1
0.0,0.0,155,1,1
0.0,0.0,108,1,-1
-0.000920138,0.000920138,230,2,1
0.0,0.0,108,1,-1
0.0,0.0,73,1,1
0.0,0.0,159,1,1
0.0,0.0,108,1,-1
0.0,0.0,73,1,1
0.0,0.0,108,1,-1
0.0,0.0,108,1,-1
0.0,0.0,73,1,1
0.0,0.0,108,1,-1
0.0,0.0,77,1,1
0.0,0.0,108,1,-1
0.0,0.0,54,1,1
0.0,0.0,326,1,1
0.0,0.0,108,1,-1
0.0,0.0,57,1,1
0.0,0.0,322,1,1
0.0,0.0,283,1,-1
0.0,0.0,81,1,1
0.0,0.0,332,1,1
0.0,0.0,283,1,-1
0.0,0.0,73,1,1
0.0,0.0,332,1,1
0.0,0.0,283,1,-1
0.0,0.0,50,1,1
0.0,0.0,122,1,-1
0.0,0.0,54,1,1
0.0,0.0,171,1,1
0.0,0.0,108,1,-1
0.0,0.0,50,1,1
0.0,0.0,108,1,-1
-0.000537421,0.000537421,228,2,1
0.0,0.0,108,1,-1
0.0,0.0,73,1,1
0.0,0.0,155,1,1
0.0,0.0,108,1,-1
0.0,0.0,77,1,1
0.0,0.0,108,1,-1
-0.000768092,0.000768092,228,2,1
0.0,0.0,108,1,-1
0.0,0.0,73,1,1
0.0,0.0,108,1,-1
-6.01e-07,6.01e-07,230,2,1
0.0,0.0,108,1,-1
-0.000217317,0.000217317,228,2,1
0.0,0.0,108,1,-1
-5.91e-07,5.91e-07,232,2,1
0.0,0.0,108,1,-1
-0.000925869,0.000925869,230,2,1
0.0,0.0,108,1,-1
-0.000301891,0.000301891,280,2,1
0.0,0.0,222,1,-1
0.0,0.0,128,1,-1
0.0,0.0,53,1,1
0.0,0.0,54,1,1
0.0,0.0,173,1,-1
0.0,0.0,128,1,-1
-7.51e-07,7.51e-07,305,3,1
0.0,0.0,108,1,-1
0.0,0.0,50,1,1
0.0,0.0,159,1,1
0.0,0.0,153,1,-1
0.0,0.0,108,1,-1
-7.41e-07,7.41e-07,281,2,1
0.0,0.0,283,1,-1
-0.000215804,0.000215804,210,2,1
0.0,0.0,54,1,1
0.0,0.0,206,1,-1
-0.000185709,0.000185709,308,2,1
0.0,0.0,108,1,-1
-0.000619271,0.000619271,207,2,1
0.0,0.0,79,1,-1
0.0,0.0,108,1,-1
-9.82e-07,9.82e-07,279,2,1
-5.41e-07,5.41e-07,208,2,1
-0.000659704,0.000659704,244,2,1
0.0,0.0,83,1,-1
0.0,0.0,92,1,-1
0.0,0.0,92,1,-1
0.0,0.0,53,1,1
0.0,0.0,108,1,-1
-0.000578126,0.000578126,153,2,1
0.0,0.0,66,1,-1
0.0,0.0,189,1,1
0.0,0.0,53,1,1
0.0,0.0,66,1,-1
0.0,0.0,53,1,1
-0.000553982,0.000553982,258,2,1
-0.000168568,0.000168568,136,2,-1
-0.000213751,0.000213751,317,2,1
0.0,0.0,80,1,1
0.0,0.0,100,1,1
0.0,0.0,53,1,1
0.0,0.0,244,1,1
-0.000601077,0.000601077,294,2,1
-0.000156626,0.000156626,140,2,-1
-5.21e-07,5.21e-07,178,2,1
-0.00127628,0.00127628,568,4,1
0.0,0.0,90,1,-1
0.0,0.0,90,1,-1
-0.000907816,0.000907816,198,2,-1
-0.000777379,0.000777379,212,3,-1
0.0,0.0,53,1,1
-0.002295331,0.002295331,351,5,-1
-0.000180449,0.000180449,206,2,1
0.0,0.0,53,1,1
0.0,0.0,54,1,1
-0.000176762,0.000176762,439,3,1
0.0,0.0,50,1,1
-5.41e-07,5.41e-07,565,2,1
-0.000102417,0.000102417,103,2,1
-0.000223418,0.000223418,169,2,1
-4.41e-07,4.41e-07,106,2,1
0.0,0.0,53,1,1
0.0,0.0,136,1,1
-7.61e-07,7.61e-07,307,2,1
0.0,0.0,108,1,-1
0.0,0.0,54,1,1
-1.052e-06,1.052e-06,108,2,1
0.0,0.0,108,1,-1
0.0,0.0,80,1,-1
-8.32e-07,8.32e-07,218,2,1
-0.000102177,0.000102177,236,2,1
0.0,0.0,85,1,-1
-0.000360894,0.000360894,237,2,1
-0.00028502,0.00028502,277,2,1
-0.000699196,0.000699196,273,2,1
0.0,0.0,72,1,-1
0.0,0.0,108,1,-1
0.0,0.0,54,1,1
-0.000402074,0.000402074,230,2,1
-0.000387409,0.000387409,243,2,1
0.0,0.0,108,1,-1
0.0,0.0,73,1,1
0.0,0.0,159,1,1
0.0,0.0,108,1,-1
-6.61e-07,6.61e-07,205,2,1
0.0,0.0,108,1,-1
0.0,0.0,50,1,1
0.0,0.0,108,1,-1
0.0,0.0,73,1,1
0.0,0.0,155,1,1
0.0,0.0,108,1,-1
0.0,0.0,73,1,1
0.0,0.0,157,1,1
0.0,0.0,108,1,-1
-0.000514775,0.000514775,205,2,1
0.0,0.0,108,1,-1
-0.000417487,0.000417487,232,2,1
0.0,0.0,108,1,-1
-0.000765895,0.000765895,209,2,1
0.0,0.0,108,1,-1
-0.000489149,0.000489149,228,2,1
0.0,0.0,108,1,-1
-0.000509491,0.000509491,207,2,1
0.0,0.0,108,1,-1
-0.000847195,0.000847195,228,2,1
0.0,0.0,108,1,-1
0.0,0.0,73,1,1
0.0,0.0,108,1,-1
0.0,0.0,50,1,1
0.0,0.0,108,1,-1
-6.32e-07,6.32e-07,230,2,1
0.0,0.0,108,1,-1
-0.000468435,0.000468435,207,2,1
0.0,0.0,108,1,-1
-0.000907357,0.000907357,228,2,1
0.0,0.0,108,1,-1
0.0,0.0,50,1,1
0.0,0.0,159,1,1
0.0,0.0,108,1,-1
0.0,0.0,73,1,1
0.0,0.0,157,1,1
0.0,0.0,108,1,-1
0.0,0.0,50,1,1
0.0,0.0,108,1,-1
0.0,0.0,73,1,1
0.0,0.0,157,1,1
0.0,0.0,108,1,-1
0.0,0.0,50,1,1
0.0,0.0,108,1,-1
0.0,0.0,73,1,1
0.0,0.0,155,1,1
0.0,0.0,108,1,-1
-0.000325657,0.000325657,205,2,1
0.0,0.0,108,1,-1
-0.000913317,0.000913317,228,2,1
0.0,0.0,108,1,-1
0.0,0.0,50,1,1
0.0,0.0,108,1,-1
-0.000723769,0.000723769,277,2,1
0.0,0.0,128,1,-1
0.0,0.0,222,1,-1
0.0,0.0,54,1,1
0.0,0.0,108,1,-1
0.0,0.0,108,1,-1
0.0,0.0,50,1,1
-6.12e-07,6.12e-07,462,2,1
0.0,0.0,173,1,-1
0.0,0.0,108,1,-1
0.0,0.0,108,1,-1
-0.000185549,0.000185549,206,2,1
-0.000177665,0.000177665,163,2,1
-0.000357898,0.000357898,341,2,1
0.0,0.0,149,1,-1
0.0,0.0,108,1,-1
0.0,0.0,108,1,-1
-0.000578186,0.000578186,257,2,1
-0.0002188,0.0002188,251,2,1
0.0,0.0,283,1,-1
0.0,0.0,73,1,1
-8.21e-07,8.21e-07,386,2,1
0.0,0.0,120,1,-1
0.0,0.0,53,1,1
0.0,0.0,108,1,-1
-5.21e-07,5.21e-07,207,2,1
0.0,0.0,108,1,-1
0.0,0.0,108,1,-1
0.0,0.0,108,1,-1
0.0,0.0,53,1,1
0.0,0.0,108,1,-1
0.0,0.0,108,1,-1
-0.000905093,0.000905093,228,2,1
0.0,0.0,51,1,1
0.0,0.0,108,1,-1
-0.000269132,0.000269132,209,2,1
0.0,0.0,108,1,-1
0.0,0.0,108,1,-1
-4.41e-07,4.41e-07,232,2,1
-0.00028443,0.00028443,209,2,1
0.0,0.0,108,1,-1
0.0,0.0,50,1,1
0.0,0.0,108,1,-1
0.0,0.0,108,1,-1
-0.000543132,0.000543132,232,2,1
0.0,0.0,50,1,1
0.0,0.0,108,1,-1
-0.000243865,0.000243865,232,2,1
0.0,0.0,108,1,-1
0.0,0.0,108,1,-1
0.0,0.0,50,1,1
-0.000276477,0.000276477,205,2,1
0.0,0.0,108,1,-1
-0.000998194,0.000998194,228,2,1
0.0,0.0,108,1,-1
0.0,0.0,108,1,-1
0.0,0.0,50,1,1
-2.81e-07,2.81e-07,205,2,1
0.0,0.0,108,1,-1
-0.00028951,0.00028951,232,2,1
0.0,0.0,108,1,-1
0.0,0.0,108,1,-1
0.0,0.0,51,1,1
0.0,0.0,155,1,1
0.0,0.0,108,1,-1
-0.000824628,0.000824628,228,2,1
0.0,0.0,108,1,-1
0.0,0.0,108,1,-1
-0.000164741,0.000164741,209,2,1
-6.31e-07,6.31e-07,205,2,1
0.0,0.0,108,1,-1
0.0,0.0,73,1,1
0.0,0.0,157,1,1
0.0,0.0,108,1,-1
0.0,0.0,108,1,-1
-0.000692755,0.000692755,209,2,1
0.0,0.0,50,1,1
0.0,0.0,155,1,1
0.0,0.0,108,1,-1
-5.31e-07,5.31e-07,231,2,1
0.0,0.0,108,1,-1
0.0,0.0,108,1,-1
-0.000295269,0.000295269,207,2,1
-6.11e-07,6.11e-07,209,2,1
0.0,0.0,108,1,-1
0.0,0.0,73,1,1
0.0,0.0,108,1,-1
0.0,0.0,108,1,-1
-0.000166905,0.000166905,207,2,1
-0.000452586,0.000452586,207,2,1
0.0,0.0,108,1,-1
0.0,0.0,73,1,1
0.0,0.0,159,1,1
0.0,0.0,108,1,-1
-0.000729192,0.000729192,231,2,1
0.0,0.0,108,1,-1
-0.000378534,0.000378534,208,2,1
0.0,0.0,108,1,-1
0.0,0.0,50,1,1
0.0,0.0,108,1,-1
-0.000683189,0.000683189,228,2,1
0.0,0.0,108,1,-1
-0.000428382,0.000428382,210,2,1
0.0,0.0,108,1,-1
0.0,0.0,52,1,1
0.0,0.0,108,1,-1
0.0,0.0,77,1,1
0.0,0.0,108,1,-1
0.0,0.0,108,1,-1
-0.000930852,0.000930852,230,2,1
0.0,0.0,108,1,-1
0.0,0.0,50,1,1
0.0,0.0,108,1,-1
0.0,0.0,50,1,1
0.0,0.0,159,1,1
0.0,0.0,108,1,-1
-0.000199514,0.000199514,230,2,1
0.0,0.0,108,1,-1
-0.00047668,0.00047668,207,2,1
0.0,0.0,108,1,-1
-0.000237304,0.000237304,210,2,1
0.0,0.0,108,1,-1
0.0,0.0,73,1,1
0.0,0.0,157,1,1
0.0,0.0,108,1,-1
-0.000162597,0.000162597,207,2,1
0.0,0.0,108,1,-1
-7.62e-07,7.62e-07,208,2,1
0.0,0.0,108,1,-1
-0.00082854,0.00082854,236,2,1
0.0,0.0,108,1,-1
-7.12e-07,7.12e-07,208,2,1
0.0,0.0,108,1,-1
0.0,0.0,50,1,1
0.0,0.0,108,1,-1
-0.000292514,0.000292514,228,2,1
0.0,0.0,108,1,-1
-0.000214973,0.000214973,209,2,1
0.0,0.0,108,1,-1
-0.000578206,0.000578206,205,2,1
0.0,0.0,108,1,-1
-0.000552539,0.000552539,232,2,1
0.0,0.0,108,1,-1
-6.41e-07,6.41e-07,161,2,1
0.0,0.0,108,1,-1
-0.000268521,0.000268521,232,2,1
0.0,0.0,108,1,-1
0.0,0.0,50,1,1
0.0,0.0,108,1,-1
-0.000715266,0.000715266,232,2,1
0.0,0.0,108,1,-1
0.0,0.0,51,1,1
0.0,0.0,155,1,1
0.0,0.0,108,1,-1
-0.000375848,0.000375848,205,2,1
0.0,0.0,108,1,-1
0.0,0.0,73,1,1
0.0,0.0,108,1,-1
-6.12e-07,6.12e-07,207,2,1
0.0,0.0,108,1,-1
0.0,0.0,50,1,1
0.0,0.0,157,1,1
0.0,0.0,108,1,-1
-0.000783971,0.000783971,232,2,1
0.0,0.0,108,1,-1
-0.00090914,0.00090914,207,2,1
0.0,0.0,108,1,-1
-6.62e-07,6.62e-07,207,2,1
0.0,0.0,108,1,-1
0.0,0.0,73,1,1
0.0,0.0,157,1,1
0.0,0.0,108,1,-1
0.0,0.0,50,1,1
0.0,0.0,108,1,-1
0.0,0.0,73,1,1
0.0,0.0,159,1,1
0.0,0.0,108,1,-1
0.0,0.0,50,1,1
0.0,0.0,108,1,-1
0.0,0.0,108,1,-1
-0.000608912,0.000608912,230,2,1
0.0,0.0,108,1,-1
-0.000300701,0.000300701,205,2,1
0.0,0.0,108,1,-1
0.0,0.0,108,1,-1
0.0,0.0,73,1,1
-7e-08,7e-08,209,2,1
0.0,0.0,108,1,-1
-0.000356261,0.000356261,268,2,1
0.0,0.0,108,1,-1
0.0,0.0,108,1,-1
-1.092e-06,1.092e-06,228,2,1
-0.000548787,0.000548787,205,2,1
0.0,0.0,108,1,-1
0.0,0.0,108,1,-1
-0.00047512,0.00047512,232,2,1
0.0,0.0,51,1,1
0.0,0.0,155,1,1
0.0,0.0,108,1,-1
0.0,0.0,108,1,-1
0.0,0.0,76,1,1
0.0,0.0,108,1,-1
0.0,0.0,108,1,-1
-0.000721859,0.000721859,255,2,1
0.0,0.0,54,1,1
0.0,0.0,157,1,1
0.0,0.0,108,1,-1
0.0,0.0,108,1,-1
0.0,0.0,73,1,1
-0.000107918,0.000107918,209,2,1
0.0,0.0,108,1,-1
0.0,0.0,108,1,-1
-7.22e-07,7.22e-07,230,2,1
-6.61e-07,6.61e-07,207,2,1
0.0,0.0,108,1,-1
0.0,0.0,71,1,-1
0.0,0.0,77,1,1
0.0,0.0,108,1,-1
0.0,0.0,189,1,1
-0.000308034,0.000308034,206,2,1
0.0,0.0,50,1,1
0.0,0.0,157,1,1
0.0,0.0,54,1,1
0.0,0.0,263,1,1
0.0,0.0,108,1,-1
0.0,0.0,108,1,-1
-0.000786862,0.000786862,236,2,1
-6.41e-07,6.41e-07,209,2,1
0.0,0.0,108,1,-1
0.0,0.0,108,1,-1
0.0,0.0,76,1,1
0.0,0.0,155,1,1
-0.000863888,0.000863888,209,2,1
0.0,0.0,108,1,-1
0.0,0.0,108,1,-1
-0.000866443,0.000866443,232,2,1
-0.000384001,0.000384001,205,2,1
0.0,0.0,108,1,-1
0.0,0.0,108,1,-1
0.0,0.0,73,1,1
0.0,0.0,155,1,1
-0.000199544,0.000199544,207,2,1
0.0,0.0,108,1,-1
0.0,0.0,108,1,-1
-3.61e-07,3.61e-07,232,2,1
-0.000335923,0.000335923,158,2,-1
0.0,0.0,50,1,1
0.0,0.0,79,1,-1
0.0,0.0,54,1,1
-0.000487311,0.000487311,404,2,1
0.0,0.0,54,1,1
0.0,0.0,108,1,-1
-0.000705258,0.000705258,230,2,1
0.0,0.0,108,1,-1
-0.000997922,0.000997922,207,2,1
0.0,0.0,108,1,-1
0.0,0.0,74,1,1
0.0,0.0,214,1,1
0.0,0.0,108,1,-1
0.0,0.0,50,1,1
0.0,0.0,108,1,-1
-0.000299376,0.000299376,228,2,1
0.0,0.0,108,1,-1
-0.000238726,0.000238726,230,2,1
0.0,0.0,108,1,-1
-0.000583741,0.000583741,230,2,1
0.0,0.0,108,1,-1
-0.000329594,0.000329594,230,2,1
0.0,0.0,108,1,-1
0.0,0.0,73,1,1
0.0,0.0,108,1,-1
0.0,0.0,73,1,1
0.0,0.0,108,1,-1
0.0,0.0,73,1,1
0.0,0.0,155,1,1
0.0,0.0,108,1,-1
0.0,0.0,73,1,1
0.0,0.0,108,1,-1
0.0,0.0,74,1,1
0.0,0.0,108,1,-1
-0.000850524,0.000850524,231,2,1
0.0,0.0,108,1,-1
-5.92e-07,5.92e-07,255,2,1
0.0,0.0,108,1,-1
-0.000290701,0.000290701,232,2,1
0.0,0.0,108,1,-1
0.0,0.0,76,1,1
0.0,0.0,157,1,1
0.0,0.0,108,1,-1
0.0,0.0,73,1,1
0.0,0.0,157,1,1
0.0,0.0,108,1,-1
-0.000300827,0.000300827,232,2,1
0.0,0.0,108,1,-1
-6.91e-07,6.91e-07,230,2,1
0.0,0.0,108,1,-1
0.0,0.0,73,1,1
0.0,0.0,108,1,-1
-0.000205586,0.000205586,292,2,1
Clump Interarrival,Clump Duration,Clump Size,Clump Packets,Clump Direction
0.0,0.0,222,1,-1
0.0,0.0,77,1,1
0.0,0.0,387,1,1
0.0,0.0,173,1,-1
0.0,0.0,50,1,1
0.0,0.0,284,1,1
0.0,0.0,153,1,-1
0.0,0.0,77,1,1
0.0,0.0,108,1,-1
0.0,0.0,77,1,1
0.0,0.0,108,1,-1
0.0,0.0,73,1,1
0.0,0.0,108,1,-1
0.0,0.0,73,1,1
0.0,0.0,108,1,-1
0.0,0.0,76,1,1
0.0,0.0,108,1,-1
0.0,0.0,73,1,1
0.0,0.0,108,1,-1
0.0,0.0,76,1,1
0.0,0.0,108,1,-1
0.0,0.0,73,1,1
0.0,0.0,108,1,-1
0.0,0.0,73,1,1
0.0,0.0,108,1,-1
0.0,0.0,73,1,1
0.0,0.0,108,1,-1
0.0,0.0,73,1,1
0.0,0.0,108,1,-1
0.0,0.0,73,1,1
0.0,0.0,108,1,-1
0.0,0.0,73,1,1
0.0,0.0,108,1,-1
0.0,0.0,76,1,1
0.0,0.0,108,1,-1
0.0,0.0,53,1,1
0.0,0.0,108,1,-1
0.0,0.0,50,1,1
0.0,0.0,108,1,-1
0.0,0.0,54,1,1
0.0,0.0,283,1,-1
0.0,0.0,77,1,1
0.0,0.0,283,1,-1
0.0,0.0,54,1,1
0.0,0.0,283,1,-1
0.0,0.0,50,1,1
0.0,0.0,122,1,-1
0.0,0.0,53,1,1
0.0,0.0,122,1,-1
0.0,0.0,77,1,1
0.0,0.0,108,1,-1
0.0,0.0,50,1,1
0.0,0.0,108,1,-1
0.0,0.0,73,1,1
0.0,0.0,108,1,-1
0.0,0.0,73,1,1
0.0,0.0,108,1,-1
0.0,0.0,73,1,1
0.0,0.0,108,1,-1
0.0,0.0,74,1,1
0.0,0.0,108,1,-1
0.0,0.0,75,1,1
0.0,0.0,108,1,-1
0.0,0.0,83,1,1
0.0,0.0,108,1,-1
0.0,0.0,92,1,1
0.0,0.0,108,1,-1
0.0,0.0,73,1,1
0.0,0.0,157,1,1
0.0,0.0,108,1,-1
0.0,0.0,73,1,1
0.0,0.0,108,1,-1
0.0,0.0,77,1,1
0.0,0.0,222,1,-1
0.0,0.0,128,1,-1
0.0,0.0,77,1,1
0.0,0.0,108,1,-1
0.0,0.0,54,1,1
0.0,0.0,381,1,1
0.0,0.0,50,1,1
0.0,0.0,173,1,-1
0.0,0.0,108,1,-1
0.0,0.0,73,1,1
0.0,0.0,54,1,1
0.0,0.0,149,1,-1
0.0,0.0,108,1,-1
0.0,0.0,77,1,1
0.0,0.0,53,1,1
0.0,0.0,283,1,-1
0.0,0.0,50,1,1
0.0,0.0,120,1,-1
0.0,0.0,53,1,1
0.0,0.0,108,1,-1
0.0,0.0,53,1,1
0.0,0.0,108,1,-1
0.0,0.0,73,1,1
0.0,0.0,108,1,-1
0.0,0.0,53,1,1
0.0,0.0,108,1,-1
0.0,0.0,73,1,1
0.0,0.0,108,1,-1
0.0,0.0,50,1,1
0.0,0.0,108,1,-1
0.0,0.0,73,1,1
0.0,0.0,108,1,-1
0.0,0.0,73,1,1
0.0,0.0,108,1,-1
0.0,0.0,50,1,1
0.0,0.0,108,1,-1
0.0,0.0,73,1,1
0.0,0.0,108,1,-1
0.0,0.0,50,1,1
0.0,0.0,108,1,-1
0.0,0.0,73,1,1
0.0,0.0,108,1,-1
0.0,0.0,50,1,1
0.0,0.0,108,1,-1
0.0,0.0,73,1,1
0.0,0.0,108,1,-1
0.0,0.0,50,1,1
0.0,0.0,108,1,-1
0.0,0.0,73,1,1
0.0,0.0,108,1,-1
0.0,0.0,50,1,1
0.0,0.0,108,1,-1
0.0,0.0,73,1,1
0.0,0.0,108,1,-1
0.0,0.0,50,1,1
0.0,0.0,108,1,-1
0.0,0.0,76,1,1
0.0,0.0,108,1,-1
0.0,0.0,50,1,1
0.0,0.0,128,1,-1
0.0,0.0,222,1,-1
0.0,0.0,73,1,1
0.0,0.0,108,1,-1
0.0,0.0,108,1,-1
0.0,0.0,51,1,1
0.0,0.0,173,1,-1
0.0,0.0,108,1,-1
0.0,0.0,83,1,1
0.0,0.0,52,1,1
0.0,0.0,108,1,-1
0.0,0.0,149,1,-1
0.0,0.0,108,1,-1
-3.61e-07,3.61e-07,143,2,1
0.0,0.0,108,1,-1
0.0,0.0,108,1,-1
0.0,0.0,50,1,1
0.0,0.0,50,1,1
0.0,0.0,108,1,-1
0.0,0.0,73,1,1
0.0,0.0,108,1,-1
0.0,0.0,108,1,-1
0.0,0.0,50,1,1
0.0,0.0,50,1,1
0.0,0.0,108,1,-1
0.0,0.0,73,1,1
0.0,0.0,108,1,-1
0.0,0.0,108,1,-1
0.0,0.0,50,1,1
0.0,0.0,50,1,1
0.0,0.0,108,1,-1
0.0,0.0,73,1,1
0.0,0.0,108,1,-1
0.0,0.0,108,1,-1
0.0,0.0,50,1,1
0.0,0.0,50,1,1
0.0,0.0,108,1,-1
0.0,0.0,77,1,1
0.0,0.0,108,1,-1
0.0,0.0,108,1,-1
0.0,0.0,74,1,1
0.0,0.0,50,1,1
0.0,0.0,108,1,-1
0.0,0.0,108,1,-1
0.0,0.0,108,1,-1
0.0,0.0,73,1,1
0.0,0.0,50,1,1
0.0,0.0,108,1,-1
0.0,0.0,53,1,1
0.0,0.0,108,1,-1
0.0,0.0,108,1,-1
0.0,0.0,73,1,1
0.0,0.0,50,1,1
0.0,0.0,108,1,-1
0.0,0.0,73,1,1
0.0,0.0,108,1,-1
0.0,0.0,108,1,-1
0.0,0.0,53,1,1
0.0,0.0,155,1,1
0.0,0.0,50,1,1
0.0,0.0,108,1,-1
0.0,0.0,73,1,1
0.0,0.0,108,1,-1
0.0,0.0,108,1,-1
0.0,0.0,50,1,1
0.0,0.0,50,1,1
0.0,0.0,108,1,-1
0.0,0.0,73,1,1
0.0,0.0,108,1,-1
0.0,0.0,108,1,-1
0.0,0.0,50,1,1
0.0,0.0,50,1,1
0.0,0.0,108,1,-1
0.0,0.0,73,1,1
0.0,0.0,108,1,-1
0.0,0.0,108,1,-1
0.0,0.0,50,1,1
0.0,0.0,50,1,1
0.0,0.0,108,1,-1
0.0,0.0,73,1,1
0.0,0.0,108,1,-1
0.0,0.0,108,1,-1
0.0,0.0,50,1,1
0.0,0.0,50,1,1
0.0,0.0,108,1,-1
0.0,0.0,73,1,1
0.0,0.0,108,1,-1
0.0,0.0,108,1,-1
0.0,0.0,50,1,1
0.0,0.0,50,1,1
0.0,0.0,108,1,-1
0.0,0.0,73,1,1
0.0,0.0,108,1,-1
0.0,0.0,108,1,-1
0.0,0.0,51,1,1
0.0,0.0,51,1,1
0.0,0.0,108,1,-1
0.0,0.0,74,1,1
0.0,0.0,108,1,-1
0.0,0.0,108,1,-1
0.0,0.0,58,1,1
0.0,0.0,155,1,1
0.0,0.0,108,1,-1
0.0,0.0,75,1,1
0.0,0.0,157,1,1
0.0,0.0,108,1,-1
0.0,0.0,108,1,-1
0.0,0.0,52,1,1
0.0,0.0,69,1,1
0.0,0.0,108,1,-1
0.0,0.0,73,1,1
0.0,0.0,108,1,-1
0.0,0.0,108,1,-1
0.0,0.0,73,1,1
0.0,0.0,50,1,1
0.0,0.0,108,1,-1
0.0,0.0,50,1,1
0.0,0.0,108,1,-1
0.0,0.0,108,1,-1
0.0,0.0,73,1,1
0.0,0.0,50,1,1
0.0,0.0,108,1,-1
0.0,0.0,50,1,1
0.0,0.0,108,1,-1
0.0,0.0,108,1,-1
0.0,0.0,155,1,1
0.0,0.0,51,1,1
0.0,0.0,108,1,-1
0.0,0.0,50,1,1
0.0,0.0,108,1,-1
0.0,0.0,108,1,-1
0.0,0.0,73,1,1
0.0,0.0,50,1,1
0.0,0.0,108,1,-1
0.0,0.0,54,1,1
0.0,0.0,108,1,-1
0.0,0.0,108,1,-1
0.0,0.0,73,1,1
0.0,0.0,50,1,1
0.0,0.0,108,1,-1
0.0,0.0,50,1,1
0.0,0.0,108,1,-1
0.0,0.0,108,1,-1
0.0,0.0,73,1,1
-5.21e-07,5.21e-07,209,2,1
0.0,0.0,108,1,-1
0.0,0.0,50,1,1
0.0,0.0,108,1,-1
0.0,0.0,108,1,-1
0.0,0.0,74,1,1
0.0,0.0,50,1,1
0.0,0.0,108,1,-1
0.0,0.0,76,1,1
0.0,0.0,108,1,-1
0.0,0.0,108,1,-1
0.0,0.0,50,1,1
0.0,0.0,53,1,1
0.0,0.0,155,1,1
0.0,0.0,108,1,-1
0.0,0.0,73,1,1
0.0,0.0,108,1,-1
0.0,0.0,108,1,-1
0.0,0.0,50,1,1
0.0,0.0,50,1,1
0.0,0.0,108,1,-1
0.0,0.0,73,1,1
0.0,0.0,108,1,-1
0.0,0.0,108,1,-1
0.0,0.0,50,1,1
0.0,0.0,50,1,1
0.0,0.0,108,1,-1
0.0,0.0,73,1,1
0.0,0.0,108,1,-1
0.0,0.0,108,1,-1
0.0,0.0,50,1,1
0.0,0.0,50,1,1
0.0,0.0,108,1,-1
0.0,0.0,73,1,1
0.0,0.0,108,1,-1
0.0,0.0,108,1,-1
0.0,0.0,50,1,1
0.0,0.0,73,1,1
0.0,0.0,108,1,-1
0.0,0.0,50,1,1
0.0,0.0,108,1,-1
0.0,0.0,108,1,-1
0.0,0.0,73,1,1
0.0,0.0,50,1,1
0.0,0.0,108,1,-1
0.0,0.0,51,1,1
0.0,0.0,108,1,-1
0.0,0.0,108,1,-1
0.0,0.0,74,1,1
0.0,0.0,51,1,1
0.0,0.0,108,1,-1
0.0,0.0,58,1,1
0.0,0.0,108,1,-1
0.0,0.0,108,1,-1
0.0,0.0,75,1,1
0.0,0.0,52,1,1
0.0,0.0,108,1,-1
0.0,0.0,53,1,1
0.0,0.0,108,1,-1
0.0,0.0,108,1,-1
0.0,0.0,96,1,1
0.0,0.0,50,1,1
0.0,0.0,108,1,-1
0.0,0.0,50,1,1
0.0,0.0,108,1,-1
0.0,0.0,73,1,1
0.0,0.0,108,1,-1
0.0,0.0,50,1,1
0.0,0.0,108,1,-1
0.0,0.0,74,1,1
0.0,0.0,108,1,-1
0.0,0.0,50,1,1
0.0,0.0,108,1,-1
0.0,0.0,73,1,1
0.0,0.0,108,1,-1
0.0,0.0,50,1,1
0.0,0.0,108,1,-1
0.0,0.0,73,1,1
0.0,0.0,108,1,-1
0.0,0.0,73,1,1
0.0,0.0,108,1,-1
0.0,0.0,50,1,1
0.0,0.0,108,1,-1
0.0,0.0,74,1,1
0.0,0.0,108,1,-1
0.0,0.0,54,1,1
0.0,0.0,108,1,-1
0.0,0.0,73,1,1
0.0,0.0,108,1,-1
0.0,0.0,50,1,1
0.0,0.0,108,1,-1
0.0,0.0,73,1,1
0.0,0.0,108,1,-1
0.0,0.0,50,1,1
0.0,0.0,108,1,-1
0.0,0.0,75,1,1
0.0,0.0,108,1,-1
0.0,0.0,50,1,1
0.0,0.0,108,1,-1
0.0,0.0,76,1,1
0.0,0.0,108,1,-1
-0.000232162,0.000232162,208,2,1
0.0,0.0,108,1,-1
0.0,0.0,73,1,1
0.0,0.0,108,1,-1
0.0,0.0,50,1,1
0.0,0.0,108,1,-1
0.0,0.0,73,1,1
0.0,0.0,108,1,-1
0.0,0.0,51,1,1
0.0,0.0,155,1,1
0.0,0.0,108,1,-1
0.0,0.0,73,1,1
0.0,0.0,108,1,-1
0.0,0.0,73,1,1
0.0,0.0,108,1,-1
0.0,0.0,50,1,1
0.0,0.0,108,1,-1
0.0,0.0,73,1,1
0.0,0.0,108,1,-1
0.0,0.0,73,1,1
0.0,0.0,108,1,-1
-0.000421866,0.000421866,228,2,1
0.0,0.0,108,1,-1
-4.41e-07,4.41e-07,232,2,1
0.0,0.0,108,1,-1
0.0,0.0,73,1,1
0.0,0.0,108,1,-1
0.0,0.0,74,1,1
0.0,0.0,108,1,-1
0.0,0.0,74,1,1
0.0,0.0,108,1,-1
0.0,0.0,81,1,1
0.0,0.0,108,1,-1
0.0,0.0,75,1,1
0.0,0.0,108,1,-1
0.0,0.0,92,1,1
0.0,0.0,108,1,-1
0.0,0.0,73,1,1
0.0,0.0,108,1,-1
0.0,0.0,73,1,1
0.0,0.0,108,1,-1
0.0,0.0,73,1,1
0.0,0.0,108,1,-1
0.0,0.0,73,1,1
0.0,0.0,108,1,-1
0.0,0.0,73,1,1
0.0,0.0,108,1,-1
0.0,0.0,73,1,1
0.0,0.0,108,1,-1
0.0,0.0,73,1,1
0.0,0.0,108,1,-1
0.0,0.0,76,1,1
Clump Interarrival,Clump Duration,Clump Size,Clump Packets,Clump Direction
0.0,0.0,222,1,-1
0.0,0.0,77,1,1
0.0,0.0,173,1,-1
0.0,0.0,77,1,1
0.0,0.0,153,1,-1
0.0,0.0,77,1,1
0.0,0.0,108,1,-1
0.0,0.0,54,1,1
0.0,0.0,108,1,-1
0.0,0.0,76,1,1
0.0,0.0,108,1,-1
0.0,0.0,76,1,1
0.0,0.0,108,1,-1
0.0,0.0,73,1,1
0.0,0.0,108,1,-1
-6.41e-07,6.41e-07,230,2,1
0.0,0.0,108,1,-1
0.0,0.0,73,1,1
0.0,0.0,155,1,1
0.0,0.0,108,1,-1
0.0,0.0,73,1,1
0.0,0.0,157,1,1
0.0,0.0,108,1,-1
0.0,0.0,73,1,1
0.0,0.0,108,1,-1
0.0,0.0,73,1,1
0.0,0.0,108,1,-1
0.0,0.0,73,1,1
0.0,0.0,108,1,-1
0.0,0.0,73,1,1
0.0,0.0,108,1,-1
0.0,0.0,73,1,1
0.0,0.0,108,1,-1
0.0,0.0,73,1,1
0.0,0.0,108,1,-1
0.0,0.0,73,1,1
0.0,0.0,108,1,-1
0.0,0.0,77,1,1
0.0,0.0,108,1,-1
0.0,0.0,53,1,1
0.0,0.0,108,1,-1
0.0,0.0,54,1,1
0.0,0.0,315,1,1
0.0,0.0,283,1,-1
-4.41e-07,4.41e-07,407,2,1
0.0,0.0,283,1,-1
0.0,0.0,54,1,1
0.0,0.0,283,1,-1
0.0,0.0,50,1,1
0.0,0.0,122,1,-1
0.0,0.0,54,1,1
0.0,0.0,108,1,-1
0.0,0.0,50,1,1
0.0,0.0,108,1,-1
0.0,0.0,73,1,1
0.0,0.0,108,1,-1
-8.12e-07,8.12e-07,228,2,1
0.0,0.0,108,1,-1
0.0,0.0,75,1,1
0.0,0.0,108,1,-1
0.0,0.0,76,1,1
0.0,0.0,108,1,-1
0.0,0.0,100,1,1
0.0,0.0,157,1,1
0.0,0.0,108,1,-1
0.0,0.0,73,1,1
0.0,0.0,108,1,-1
0.0,0.0,73,1,1
0.0,0.0,108,1,-1
0.0,0.0,73,1,1
0.0,0.0,108,1,-1
0.0,0.0,74,1,1
0.0,0.0,108,1,-1
0.0,0.0,73,1,1
0.0,0.0,108,1,-1
0.0,0.0,77,1,1
0.0,0.0,108,1,-1
0.0,0.0,73,1,1
0.0,0.0,108,1,-1
0.0,0.0,76,1,1
0.0,0.0,108,1,-1
0.0,0.0,73,1,1
0.0,0.0,108,1,-1
0.0,0.0,76,1,1
0.0,0.0,108,1,-1
0.0,0.0,73,1,1
0.0,0.0,108,1,-1
0.0,0.0,73,1,1
0.0,0.0,108,1,-1
0.0,0.0,73,1,1
0.0,0.0,108,1,-1
0.0,0.0,73,1,1
0.0,0.0,108,1,-1
0.0,0.0,73,1,1
0.0,0.0,108,1,-1
0.0,0.0,73,1,1
0.0,0.0,108,1,-1
0.0,0.0,73,1,1
0.0,0.0,108,1,-1
0.0,0.0,73,1,1
0.0,0.0,108,1,-1
0.0,0.0,73,1,1
0.0,0.0,108,1,-1
0.0,0.0,73,1,1
0.0,0.0,108,1,-1
0.0,0.0,73,1,1
0.0,0.0,108,1,-1
0.0,0.0,73,1,1
0.0,0.0,108,1,-1
0.0,0.0,73,1,1
0.0,0.0,108,1,-1
0.0,0.0,73,1,1
0.0,0.0,108,1,-1
0.0,0.0,73,1,1
0.0,0.0,108,1,-1
0.0,0.0,73,1,1
0.0,0.0,108,1,-1
-8.52e-07,8.52e-07,228,2,1
0.0,0.0,108,1,-1
0.0,0.0,73,1,1
0.0,0.0,108,1,-1
0.0,0.0,73,1,1
0.0,0.0,108,1,-1
0.0,0.0,74,1,1
0.0,0.0,108,1,-1
0.0,0.0,100,1,1
0.0,0.0,108,1,-1
0.0,0.0,77,1,1
0.0,0.0,222,1,-1
0.0,0.0,128,1,-1
0.0,0.0,77,1,1
0.0,0.0,108,1,-1
0.0,0.0,50,1,1
0.0,0.0,173,1,-1
0.0,0.0,77,1,1
0.0,0.0,108,1,-1
0.0,0.0,54,1,1
0.0,0.0,147,1,-1
0.0,0.0,76,1,1
0.0,0.0,108,1,-1
0.0,0.0,155,1,-1
0.0,0.0,50,1,1
0.0,0.0,159,1,1
0.0,0.0,54,1,1
0.0,0.0,128,1,-1
0.0,0.0,76,1,1
0.0,0.0,108,1,-1
0.0,0.0,53,1,1
0.0,0.0,108,1,-1
0.0,0.0,73,1,1
0.0,0.0,108,1,-1
0.0,0.0,73,1,1
0.0,0.0,108,1,-1
0.0,0.0,76,1,1
0.0,0.0,108,1,-1
0.0,0.0,73,1,1
0.0,0.0,108,1,-1
0.0,0.0,73,1,1
0.0,0.0,108,1,-1
0.0,0.0,73,1,1
0.0,0.0,108,1,-1
0.0,0.0,73,1,1
0.0,0.0,108,1,-1
0.0,0.0,73,1,1
0.0,0.0,108,1,-1
0.0,0.0,73,1,1
0.0,0.0,108,1,-1
0.0,0.0,73,1,1
0.0,0.0,108,1,-1
0.0,0.0,73,1,1
0.0,0.0,108,1,-1
0.0,0.0,73,1,1
0.0,0.0,108,1,-1
0.0,0.0,73,1,1
0.0,0.0,108,1,-1
0.0,0.0,73,1,1
0.0,0.0,108,1,-1
0.0,0.0,73,1,1
0.0,0.0,108,1,-1
0.0,0.0,73,1,1
0.0,0.0,108,1,-1
0.0,0.0,73,1,1
0.0,0.0,108,1,-1
0.0,0.0,73,1,1
0.0,0.0,108,1,-1
0.0,0.0,75,1,1
0.0,0.0,108,1,-1
0.0,0.0,76,1,1
0.0,0.0,108,1,-1
0.0,0.0,100,1,1
0.0,0.0,108,1,-1
0.0,0.0,73,1,1
0.0,0.0,108,1,-1
0.0,0.0,73,1,1
0.0,0.0,108,1,-1
0.0,0.0,73,1,1
0.0,0.0,108,1,-1
0.0,0.0,73,1,1
0.0,0.0,108,1,-1
0.0,0.0,73,1,1
0.0,0.0,157,1,1
0.0,0.0,108,1,-1
0.0,0.0,73,1,1
0.0,0.0,108,1,-1
0.0,0.0,76,1,1
0.0,0.0,222,1,-1
0.0,0.0,128,1,-1
-4.51e-07,4.51e-07,464,2,1
0.0,0.0,108,1,-1
0.0,0.0,53,1,1
0.0,0.0,173,1,-1
0.0,0.0,77,1,1
0.0,0.0,108,1,-1
0.0,0.0,53,1,1
0.0,0.0,149,1,-1
0.0,0.0,76,1,1
0.0,0.0,108,1,-1
0.0,0.0,54,1,1
0.0,0.0,108,1,-1
0.0,0.0,73,1,1
0.0,0.0,108,1,-1
0.0,0.0,73,1,1
0.0,0.0,108,1,-1
0.0,0.0,50,1,1
0.0,0.0,108,1,-1
0.0,0.0,73,1,1
0.0,0.0,108,1,-1
0.0,0.0,50,1,1
0.0,0.0,108,1,-1
0.0,0.0,73,1,1
0.0,0.0,108,1,-1
0.0,0.0,53,1,1
0.0,0.0,108,1,-1
0.0,0.0,73,1,1
0.0,0.0,108,1,-1
0.0,0.0,73,1,1
0.0,0.0,108,1,-1
0.0,0.0,50,1,1
0.0,0.0,108,1,-1
0.0,0.0,73,1,1
0.0,0.0,108,1,-1
0.0,0.0,50,1,1
0.0,0.0,108,1,-1
0.0,0.0,73,1,1
0.0,0.0,108,1,-1
0.0,0.0,50,1,1
0.0,0.0,108,1,-1
0.0,0.0,73,1,1
0.0,0.0,108,1,-1
0.0,0.0,50,1,1
0.0,0.0,108,1,-1
0.0,0.0,73,1,1
0.0,0.0,108,1,-1
0.0,0.0,73,1,1
0.0,0.0,108,1,-1
0.0,0.0,51,1,1
0.0,0.0,108,1,-1
0.0,0.0,76,1,1
0.0,0.0,108,1,-1
0.0,0.0,60,1,1
0.0,0.0,108,1,-1
0.0,0.0,92,1,1
0.0,0.0,108,1,-1
0.0,0.0,50,1,1
0.0,0.0,108,1,-1
0.0,0.0,76,1,1
0.0,0.0,108,1,-1
0.0,0.0,50,1,1
0.0,0.0,108,1,-1
0.0,0.0,73,1,1
0.0,0.0,108,1,-1
0.0,0.0,73,1,1
0.0,0.0,108,1,-1
0.0,0.0,73,1,1
0.0,0.0,108,1,-1
0.0,0.0,73,1,1
0.0,0.0,108,1,-1
0.0,0.0,73,1,1
0.0,0.0,108,1,-1
0.0,0.0,73,1,1
0.0,0.0,108,1,-1
0.0,0.0,73,1,1
0.0,0.0,108,1,-1
0.0,0.0,76,1,1
0.0,0.0,108,1,-1
0.0,0.0,73,1,1
0.0,0.0,108,1,-1
0.0,0.0,73,1,1
0.0,0.0,108,1,-1
0.0,0.0,73,1,1
0.0,0.0,108,1,-1
0.0,0.0,73,1,1
0.0,0.0,108,1,-1
0.0,0.0,73,1,1
0.0,0.0,108,1,-1
0.0,0.0,73,1,1
0.0,0.0,108,1,-1
0.0,0.0,73,1,1
0.0,0.0,108,1,-1
0.0,0.0,73,1,1
0.0,0.0,108,1,-1
0.0,0.0,76,1,1
0.0,0.0,108,1,-1
0.0,0.0,73,1,1
0.0,0.0,108,1,-1
0.0,0.0,73,1,1
0.0,0.0,108,1,-1
0.0,0.0,73,1,1
0.0,0.0,108,1,-1
0.0,0.0,73,1,1
0.0,0.0,108,1,-1
0.0,0.0,73,1,1
0.0,0.0,108,1,-1
0.0,0.0,73,1,1
0.0,0.0,108,1,-1
0.0,0.0,73,1,1
0.0,0.0,108,1,-1
0.0,0.0,77,1,1
0.0,0.0,108,1,-1
0.0,0.0,73,1,1
0.0,0.0,108,1,-1
0.0,0.0,74,1,1
0.0,0.0,108,1,-1
0.0,0.0,83,1,1
0.0,0.0,108,1,-1
0.0,0.0,92,1,1
0.0,0.0,108,1,-1
0.0,0.0,73,1,1
0.0,0.0,108,1,-1
0.0,0.0,77,1,1
Clump Interarrival,Clump Duration,Clump Size,Clump Packets,Clump Direction
0.0,0.0,222,1,-1
0.0,0.0,104,1,1
0.0,0.0,173,1,-1
0.0,0.0,65,1,1
0.0,0.0,153,1,-1
0.0,0.0,89,1,1
0.0,0.0,108,1,-1
0.0,0.0,66,1,1
0.0,0.0,108,1,-1
0.0,0.0,85,1,1
0.0,0.0,108,1,-1
0.0,0.0,88,1,1
0.0,0.0,108,1,-1
0.0,0.0,85,1,1
0.0,0.0,108,1,-1
0.0,0.0,88,1,1
0.0,0.0,108,1,-1
0.0,0.0,85,1,1
0.0,0.0,108,1,-1
0.0,0.0,85,1,1
0.0,0.0,108,1,-1
-5.11e-07,5.11e-07,240,2,1
0.0,0.0,108,1,-1
0.0,0.0,85,1,1
0.0,0.0,108,1,-1
0.0,0.0,85,1,1
0.0,0.0,108,1,-1
0.0,0.0,85,1,1
0.0,0.0,108,1,-1
0.0,0.0,85,1,1
0.0,0.0,157,1,1
0.0,0.0,108,1,-1
0.0,0.0,85,1,1
0.0,0.0,108,1,-1
0.0,0.0,85,1,1
0.0,0.0,108,1,-1
0.0,0.0,85,1,1
0.0,0.0,108,1,-1
0.0,0.0,85,1,1
0.0,0.0,108,1,-1
0.0,0.0,85,1,1
0.0,0.0,108,1,-1
0.0,0.0,85,1,1
0.0,0.0,108,1,-1
0.0,0.0,85,1,1
0.0,0.0,108,1,-1
0.0,0.0,88,1,1
0.0,0.0,108,1,-1
0.0,0.0,88,1,1
0.0,0.0,108,1,-1
0.0,0.0,62,1,1
0.0,0.0,108,1,-1
0.0,0.0,65,1,1
0.0,0.0,283,1,-1
0.0,0.0,66,1,1
0.0,0.0,334,1,1
0.0,0.0,283,1,-1
0.0,0.0,89,1,1
0.0,0.0,283,1,-1
0.0,0.0,62,1,1
0.0,0.0,334,1,1
0.0,0.0,122,1,-1
0.0,0.0,66,1,1
0.0,0.0,108,1,-1
0.0,0.0,62,1,1
0.0,0.0,108,1,-1
0.0,0.0,85,1,1
0.0,0.0,157,1,1
0.0,0.0,108,1,-1
-0.000181276,0.000181276,244,2,1
0.0,0.0,108,1,-1
0.0,0.0,85,1,1
0.0,0.0,108,1,-1
0.0,0.0,85,1,1
0.0,0.0,108,1,-1
0.0,0.0,85,1,1
0.0,0.0,108,1,-1
0.0,0.0,85,1,1
0.0,0.0,108,1,-1
0.0,0.0,85,1,1
0.0,0.0,157,1,1
0.0,0.0,108,1,-1
0.0,0.0,85,1,1
0.0,0.0,108,1,-1
0.0,0.0,85,1,1
0.0,0.0,108,1,-1
0.0,0.0,85,1,1
0.0,0.0,108,1,-1
0.0,0.0,85,1,1
0.0,0.0,108,1,-1
0.0,0.0,85,1,1
0.0,0.0,108,1,-1
0.0,0.0,85,1,1
0.0,0.0,108,1,-1
0.0,0.0,141,1,1
0.0,0.0,159,1,1
0.0,0.0,108,1,-1
0.0,0.0,121,1,1
0.0,0.0,108,1,-1
0.0,0.0,165,1,1
0.0,0.0,108,1,-1
0.0,0.0,85,1,1
0.0,0.0,108,1,-1
0.0,0.0,85,1,1
0.0,0.0,108,1,-1
0.0,0.0,85,1,1
0.0,0.0,108,1,-1
0.0,0.0,85,1,1
0.0,0.0,108,1,-1
0.0,0.0,85,1,1
0.0,0.0,108,1,-1
0.0,0.0,100,1,1
0.0,0.0,108,1,-1
0.0,0.0,85,1,1
0.0,0.0,108,1,-1
0.0,0.0,85,1,1
0.0,0.0,108,1,-1
0.0,0.0,89,1,1
0.0,0.0,108,1,-1
0.0,0.0,85,1,1
0.0,0.0,108,1,-1
0.0,0.0,85,1,1
0.0,0.0,108,1,-1
0.0,0.0,89,1,1
0.0,0.0,222,1,-1
0.0,0.0,128,1,-1
0.0,0.0,89,1,1
0.0,0.0,387,1,1
0.0,0.0,108,1,-1
0.0,0.0,65,1,1
0.0,0.0,173,1,-1
0.0,0.0,88,1,1
0.0,0.0,108,1,-1
0.0,0.0,65,1,1
0.0,0.0,149,1,-1
0.0,0.0,85,1,1
0.0,0.0,283,1,-1
0.0,0.0,66,1,1
0.0,0.0,330,1,1
0.0,0.0,120,1,-1
0.0,0.0,66,1,1
0.0,0.0,108,1,-1
0.0,0.0,62,1,1
0.0,0.0,62,1,1
0.0,0.0,108,1,-1
0.0,0.0,108,1,-1
0.0,0.0,85,1,1
0.0,0.0,62,1,1
0.0,0.0,108,1,-1
0.0,0.0,85,1,1
0.0,0.0,108,1,-1
0.0,0.0,62,1,1
0.0,0.0,108,1,-1
0.0,0.0,108,1,-1
0.0,0.0,85,1,1
0.0,0.0,62,1,1
0.0,0.0,108,1,-1
0.0,0.0,108,1,-1
0.0,0.0,85,1,1
0.0,0.0,62,1,1
0.0,0.0,108,1,-1
0.0,0.0,108,1,-1
0.0,0.0,85,1,1
0.0,0.0,62,1,1
0.0,0.0,108,1,-1
0.0,0.0,108,1,-1
0.0,0.0,85,1,1
0.0,0.0,62,1,1
0.0,0.0,108,1,-1
0.0,0.0,108,1,-1
0.0,0.0,85,1,1
0.0,0.0,62,1,1
0.0,0.0,108,1,-1
0.0,0.0,108,1,-1
0.0,0.0,85,1,1
0.0,0.0,62,1,1
0.0,0.0,108,1,-1
0.0,0.0,108,1,-1
0.0,0.0,89,1,1
0.0,0.0,128,1,-1
0.0,0.0,62,1,1
0.0,0.0,222,1,-1
-3.9e-07,3.9e-07,242,2,1
0.0,0.0,108,1,-1
0.0,0.0,85,1,1
0.0,0.0,108,1,-1
0.0,0.0,173,1,-1
0.0,0.0,62,1,1
0.0,0.0,157,1,1
0.0,0.0,62,1,1
0.0,0.0,108,1,-1
0.0,0.0,62,1,1
0.0,0.0,108,1,-1
0.0,0.0,85,1,1
0.0,0.0,151,1,-1
0.0,0.0,108,1,-1
0.0,0.0,89,1,1
0.0,0.0,108,1,-1
0.0,0.0,62,1,1
0.0,0.0,62,1,1
0.0,0.0,108,1,-1
0.0,0.0,85,1,1
0.0,0.0,108,1,-1
0.0,0.0,108,1,-1
0.0,0.0,62,1,1
0.0,0.0,62,1,1
0.0,0.0,108,1,-1
0.0,0.0,85,1,1
0.0,0.0,108,1,-1
0.0,0.0,108,1,-1
0.0,0.0,62,1,1
0.0,0.0,62,1,1
0.0,0.0,108,1,-1
0.0,0.0,85,1,1
0.0,0.0,108,1,-1
0.0,0.0,108,1,-1
0.0,0.0,62,1,1
0.0,0.0,62,1,1
0.0,0.0,108,1,-1
0.0,0.0,108,1,-1
0.0,0.0,85,1,1
0.0,0.0,108,1,-1
0.0,0.0,62,1,1
0.0,0.0,62,1,1
0.0,0.0,108,1,-1
0.0,0.0,108,1,-1
0.0,0.0,108,1,-1
-0.000490651,0.000490651,147,2,1
0.0,0.0,62,1,1
0.0,0.0,108,1,-1
0.0,0.0,108,1,-1
0.0,0.0,85,1,1
0.0,0.0,62,1,1
0.0,0.0,108,1,-1
0.0,0.0,62,1,1
0.0,0.0,108,1,-1
0.0,0.0,85,1,1
0.0,0.0,108,1,-1
0.0,0.0,108,1,-1
0.0,0.0,85,1,1
0.0,0.0,62,1,1
0.0,0.0,108,1,-1
0.0,0.0,108,1,-1
0.0,0.0,85,1,1
0.0,0.0,108,1,-1
0.0,0.0,62,1,1
0.0,0.0,62,1,1
0.0,0.0,108,1,-1
0.0,0.0,108,1,-1
-0.000152735,0.000152735,244,2,1
0.0,0.0,108,1,-1
0.0,0.0,62,1,1
0.0,0.0,155,1,1
0.0,0.0,62,1,1
0.0,0.0,108,1,-1
0.0,0.0,108,1,-1
0.0,0.0,85,1,1
0.0,0.0,108,1,-1
0.0,0.0,62,1,1
0.0,0.0,62,1,1
0.0,0.0,108,1,-1
0.0,0.0,108,1,-1
0.0,0.0,85,1,1
0.0,0.0,108,1,-1
0.0,0.0,62,1,1
0.0,0.0,62,1,1
0.0,0.0,108,1,-1
0.0,0.0,108,1,-1
0.0,0.0,85,1,1
0.0,0.0,62,1,1
0.0,0.0,108,1,-1
0.0,0.0,62,1,1
0.0,0.0,108,1,-1
0.0,0.0,108,1,-1
0.0,0.0,85,1,1
0.0,0.0,108,1,-1
0.0,0.0,118,1,1
0.0,0.0,65,1,1
0.0,0.0,128,1,-1
0.0,0.0,222,1,-1
0.0,0.0,121,1,1
0.0,0.0,108,1,-1
0.0,0.0,66,1,1
0.0,0.0,108,1,-1
0.0,0.0,108,1,-1
0.0,0.0,62,1,1
0.0,0.0,62,1,1
0.0,0.0,173,1,-1
0.0,0.0,169,1,1
0.0,0.0,289,1,1
0.0,0.0,108,1,-1
0.0,0.0,62,1,1
0.0,0.0,108,1,-1
0.0,0.0,108,1,-1
0.0,0.0,85,1,1
0.0,0.0,62,1,1
0.0,0.0,153,1,-1
0.0,0.0,62,1,1
-0.000143057,0.000143057,394,2,1
0.0,0.0,206,1,-1
0.0,0.0,65,1,1
0.0,0.0,108,1,-1
0.0,0.0,62,1,1
0.0,0.0,108,1,-1
0.0,0.0,108,1,-1
0.0,0.0,85,1,1
0.0,0.0,62,1,1
0.0,0.0,79,1,-1
0.0,0.0,81,1,1
0.0,0.0,108,1,-1
0.0,0.0,77,1,1
0.0,0.0,83,1,-1
-0.00045648,0.00045648,184,2,-1
0.0,0.0,81,1,1
-0.000422393,0.000422393,207,3,-1
-0.000950091,0.000950091,404,3,1
-0.000946344,0.000946344,284,2,1
0.0,0.0,82,1,1
0.0,0.0,82,1,1
-0.000278243,0.000278243,242,2,1
0.0,0.0,70,1,-1
0.0,0.0,108,1,-1
0.0,0.0,90,1,-1
0.0,0.0,90,1,-1
0.0,0.0,81,1,1
0.0,0.0,81,1,1
0.0,0.0,90,1,-1
0.0,0.0,66,1,1
0.0,0.0,80,1,1
-0.000615143,0.000615143,297,3,-1
0.0,0.0,108,1,-1
0.0,0.0,71,1,-1
-7e-08,7e-08,368,2,1
-0.000534222,0.000534222,139,2,-1
0.0,0.0,82,1,1
0.0,0.0,69,1,-1
0.0,0.0,65,1,1
0.0,0.0,74,1,-1
-0.0001666,0.0001666,257,2,1
0.0,0.0,74,1,-1
0.0,0.0,66,1,1
-5.01e-07,5.01e-07,148,2,1
-8.01e-07,8.01e-07,146,2,1
0.0,0.0,78,1,1
0.0,0.0,77,1,1
0.0,0.0,108,1,-1
0.0,0.0,66,1,1
-0.000165241,0.000165241,160,2,-1
0.0,0.0,82,1,1
0.0,0.0,85,1,-1
0.0,0.0,66,1,1
0.0,0.0,108,1,-1
0.0,0.0,72,1,-1
0.0,0.0,104,1,1
0.0,0.0,79,1,1
0.0,0.0,108,1,-1
0.0,0.0,108,1,-1
0.0,0.0,62,1,1
0.0,0.0,62,1,1
0.0,0.0,108,1,-1
0.0,0.0,62,1,1
0.0,0.0,108,1,-1
0.0,0.0,85,1,1
0.0,0.0,108,1,-1
0.0,0.0,63,1,1
0.0,0.0,62,1,1
0.0,0.0,108,1,-1
0.0,0.0,62,1,1
0.0,0.0,108,1,-1
0.0,0.0,85,1,1
0.0,0.0,108,1,-1
0.0,0.0,108,1,-1
0.0,0.0,62,1,1
0.0,0.0,62,1,1
0.0,0.0,108,1,-1
0.0,0.0,63,1,1
0.0,0.0,108,1,-1
0.0,0.0,108,1,-1
0.0,0.0,85,1,1
0.0,0.0,108,1,-1
-0.000240964,0.000240964,217,2,1
0.0,0.0,62,1,1
0.0,0.0,108,1,-1
0.0,0.0,86,1,1
0.0,0.0,108,1,-1
0.0,0.0,108,1,-1
0.0,0.0,108,1,-1
-9.6885e-05,9.6885e-05,221,2,1
0.0,0.0,62,1,1
0.0,0.0,62,1,1
0.0,0.0,108,1,-1
0.0,0.0,85,1,1
0.0,0.0,108,1,-1
0.0,0.0,62,1,1
0.0,0.0,108,1,-1
0.0,0.0,108,1,-1
0.0,0.0,62,1,1
0.0,0.0,88,1,1
0.0,0.0,108,1,-1
0.0,0.0,62,1,1
0.0,0.0,108,1,-1
0.0,0.0,62,1,1
0.0,0.0,108,1,-1
0.0,0.0,85,1,1
0.0,0.0,108,1,-1
0.0,0.0,62,1,1
0.0,0.0,108,1,-1
0.0,0.0,108,1,-1
0.0,0.0,62,1,1
0.0,0.0,62,1,1
0.0,0.0,108,1,-1
0.0,0.0,85,1,1
0.0,0.0,108,1,-1
0.0,0.0,62,1,1
0.0,0.0,108,1,-1
0.0,0.0,108,1,-1
0.0,0.0,62,1,1
0.0,0.0,62,1,1
0.0,0.0,108,1,-1
0.0,0.0,85,1,1
0.0,0.0,108,1,-1
0.0,0.0,108,1,-1
0.0,0.0,62,1,1
0.0,0.0,85,1,1
0.0,0.0,108,1,-1
0.0,0.0,62,1,1
0.0,0.0,108,1,-1
0.0,0.0,62,1,1
0.0,0.0,108,1,-1
0.0,0.0,108,1,-1
0.0,0.0,85,1,1
0.0,0.0,108,1,-1
0.0,0.0,62,1,1
0.0,0.0,62,1,1
0.0,0.0,108,1,-1
0.0,0.0,62,1,1
0.0,0.0,108,1,-1
0.0,0.0,108,1,-1
0.0,0.0,85,1,1
0.0,0.0,62,1,1
0.0,0.0,108,1,-1
0.0,0.0,62,1,1
0.0,0.0,108,1,-1
0.0,0.0,62,1,1
0.0,0.0,159,1,1
0.0,0.0,108,1,-1
0.0,0.0,108,1,-1
0.0,0.0,85,1,1
0.0,0.0,62,1,1
0.0,0.0,108,1,-1
0.0,0.0,62,1,1
0.0,0.0,108,1,-1
-0.000959211,0.000959211,242,2,1
0.0,0.0,108,1,-1
0.0,0.0,108,1,-1
0.0,0.0,62,1,1
0.0,0.0,108,1,-1
-0.000877705,0.000877705,221,2,1
0.0,0.0,62,1,1
0.0,0.0,108,1,-1
0.0,0.0,85,1,1
0.0,0.0,108,1,-1
0.0,0.0,108,1,-1
0.0,0.0,62,1,1
0.0,0.0,62,1,1
0.0,0.0,108,1,-1
0.0,0.0,85,1,1
0.0,0.0,108,1,-1
0.0,0.0,62,1,1
0.0,0.0,108,1,-1
0.0,0.0,108,1,-1
0.0,0.0,85,1,1
0.0,0.0,108,1,-1
0.0,0.0,62,1,1
0.0,0.0,108,1,-1
0.0,0.0,62,1,1
0.0,0.0,62,1,1
0.0,0.0,108,1,-1
0.0,0.0,108,1,-1
0.0,0.0,85,1,1
0.0,0.0,108,1,-1
0.0,0.0,62,1,1
0.0,0.0,62,1,1
0.0,0.0,108,1,-1
0.0,0.0,62,1,1
0.0,0.0,108,1,-1
0.0,0.0,108,1,-1
0.0,0.0,85,1,1
0.0,0.0,108,1,-1
0.0,0.0,65,1,1
0.0,0.0,108,1,-1
0.0,0.0,85,1,1
0.0,0.0,62,1,1
0.0,0.0,128,1,-1
0.0,0.0,222,1,-1
0.0,0.0,66,1,1
0.0,0.0,108,1,-1
0.0,0.0,66,1,1
0.0,0.0,108,1,-1
0.0,0.0,108,1,-1
0.0,0.0,85,1,1
0.0,0.0,108,1,-1
0.0,0.0,62,1,1
0.0,0.0,62,1,1
0.0,0.0,173,1,-1
0.0,0.0,65,1,1
0.0,0.0,63,1,1
0.0,0.0,108,1,-1
0.0,0.0,86,1,1
0.0,0.0,108,1,-1
0.0,0.0,108,1,-1
0.0,0.0,64,1,1
0.0,0.0,64,1,1
0.0,0.0,147,1,-1
0.0,0.0,90,1,1
0.0,0.0,108,1,-1
0.0,0.0,155,1,-1
0.0,0.0,120,1,1
0.0,0.0,68,1,1
0.0,0.0,108,1,-1
0.0,0.0,128,1,-1
0.0,0.0,64,1,1
0.0,0.0,108,1,-1
0.0,0.0,67,1,1
0.0,0.0,108,1,-1
0.0,0.0,99,1,1
0.0,0.0,108,1,-1
0.0,0.0,87,1,1
0.0,0.0,108,1,-1
0.0,0.0,64,1,1
0.0,0.0,108,1,-1
0.0,0.0,108,1,-1
0.0,0.0,64,1,1
0.0,0.0,64,1,1
0.0,0.0,108,1,-1
0.0,0.0,165,1,1
0.0,0.0,108,1,-1
0.0,0.0,108,1,-1
0.0,0.0,62,1,1
0.0,0.0,108,1,-1
0.0,0.0,85,1,1
0.0,0.0,62,1,1
0.0,0.0,108,1,-1
0.0,0.0,62,1,1
0.0,0.0,108,1,-1
0.0,0.0,108,1,-1
0.0,0.0,85,1,1
0.0,0.0,108,1,-1
0.0,0.0,62,1,1
0.0,0.0,62,1,1
0.0,0.0,108,1,-1
0.0,0.0,62,1,1
0.0,0.0,108,1,-1
0.0,0.0,108,1,-1
0.0,0.0,85,1,1
0.0,0.0,108,1,-1
0.0,0.0,62,1,1
0.0,0.0,62,1,1
0.0,0.0,108,1,-1
0.0,0.0,62,1,1
0.0,0.0,108,1,-1
0.0,0.0,85,1,1
0.0,0.0,108,1,-1
0.0,0.0,108,1,-1
0.0,0.0,62,1,1
0.0,0.0,62,1,1
0.0,0.0,108,1,-1
0.0,0.0,62,1,1
0.0,0.0,108,1,-1
0.0,0.0,108,1,-1
0.0,0.0,85,1,1
0.0,0.0,157,1,1
0.0,0.0,108,1,-1
0.0,0.0,62,1,1
0.0,0.0,62,1,1
0.0,0.0,108,1,-1
0.0,0.0,85,1,1
0.0,0.0,108,1,-1
0.0,0.0,62,1,1
0.0,0.0,108,1,-1
0.0,0.0,108,1,-1
0.0,0.0,62,1,1
0.0,0.0,108,1,-1
0.0,0.0,85,1,1
0.0,0.0,108,1,-1
0.0,0.0,108,1,-1
0.0,0.0,108,1,-1
0.0,0.0,62,1,1
0.0,0.0,85,1,1
0.0,0.0,62,1,1
0.0,0.0,108,1,-1
0.0,0.0,62,1,1
0.0,0.0,108,1,-1
0.0,0.0,85,1,1
Clump Interarrival,Clump Duration,Clump Size,Clump Packets,Clump Direction
-0.001203013,0.001203013,441,4,-1
0.0,0.0,57,1,1
0.0,0.0,276,1,1
0.0,0.0,173,1,-1
0.0,0.0,66,1,1
0.0,0.0,153,1,-1
0.0,0.0,89,1,1
0.0,0.0,200,1,1
0.0,0.0,108,1,-1
0.0,0.0,65,1,1
0.0,0.0,108,1,-1
0.0,0.0,85,1,1
0.0,0.0,108,1,-1
0.0,0.0,85,1,1
0.0,0.0,108,1,-1
0.0,0.0,85,1,1
0.0,0.0,108,1,-1
0.0,0.0,88,1,1
0.0,0.0,108,1,-1
-4.81e-07,4.81e-07,242,2,1
0.0,0.0,108,1,-1
0.0,0.0,85,1,1
0.0,0.0,108,1,-1
0.0,0.0,85,1,1
0.0,0.0,108,1,-1
0.0,0.0,85,1,1
0.0,0.0,108,1,-1
0.0,0.0,85,1,1
0.0,0.0,108,1,-1
0.0,0.0,89,1,1
0.0,0.0,108,1,-1
0.0,0.0,85,1,1
0.0,0.0,108,1,-1
0.0,0.0,85,1,1
0.0,0.0,108,1,-1
0.0,0.0,85,1,1
0.0,0.0,108,1,-1
0.0,0.0,85,1,1
0.0,0.0,108,1,-1
0.0,0.0,85,1,1
0.0,0.0,108,1,-1
0.0,0.0,85,1,1
0.0,0.0,108,1,-1
0.0,0.0,85,1,1
0.0,0.0,108,1,-1
0.0,0.0,85,1,1
0.0,0.0,108,1,-1
0.0,0.0,85,1,1
0.0,0.0,108,1,-1
0.0,0.0,85,1,1
0.0,0.0,108,1,-1
0.0,0.0,85,1,1
0.0,0.0,108,1,-1
0.0,0.0,85,1,1
0.0,0.0,108,1,-1
0.0,0.0,85,1,1
0.0,0.0,108,1,-1
0.0,0.0,85,1,1
0.0,0.0,108,1,-1
0.0,0.0,85,1,1
0.0,0.0,108,1,-1
0.0,0.0,89,1,1
0.0,0.0,108,1,-1
0.0,0.0,65,1,1
0.0,0.0,108,1,-1
0.0,0.0,66,1,1
0.0,0.0,283,1,-1
0.0,0.0,66,1,1
0.0,0.0,332,1,1
0.0,0.0,283,1,-1
0.0,0.0,62,1,1
0.0,0.0,283,1,-1
0.0,0.0,66,1,1
0.0,0.0,122,1,-1
-4.51e-07,4.51e-07,258,2,1
0.0,0.0,108,1,-1
0.0,0.0,62,1,1
0.0,0.0,108,1,-1
0.0,0.0,85,1,1
0.0,0.0,108,1,-1
0.0,0.0,85,1,1
0.0,0.0,108,1,-1
0.0,0.0,85,1,1
0.0,0.0,108,1,-1
0.0,0.0,85,1,1
0.0,0.0,108,1,-1
0.0,0.0,85,1,1
0.0,0.0,108,1,-1
0.0,0.0,85,1,1
0.0,0.0,108,1,-1
0.0,0.0,85,1,1
0.0,0.0,108,1,-1
0.0,0.0,85,1,1
0.0,0.0,108,1,-1
0.0,0.0,85,1,1
0.0,0.0,108,1,-1
0.0,0.0,85,1,1
0.0,0.0,108,1,-1
0.0,0.0,85,1,1
0.0,0.0,222,1,-1
0.0,0.0,128,1,-1
0.0,0.0,89,1,1
0.0,0.0,108,1,-1
0.0,0.0,62,1,1
0.0,0.0,173,1,-1
0.0,0.0,65,1,1
0.0,0.0,108,1,-1
0.0,0.0,85,1,1
0.0,0.0,149,1,-1
0.0,0.0,121,1,1
0.0,0.0,157,1,-1
0.0,0.0,219,1,1
0.0,0.0,128,1,-1
0.0,0.0,108,1,-1
0.0,0.0,65,1,1
0.0,0.0,62,1,1
0.0,0.0,108,1,-1
0.0,0.0,85,1,1
0.0,0.0,108,1,-1
0.0,0.0,88,1,1
0.0,0.0,108,1,-1
0.0,0.0,85,1,1
0.0,0.0,108,1,-1
0.0,0.0,85,1,1
0.0,0.0,108,1,-1
0.0,0.0,85,1,1
0.0,0.0,108,1,-1
0.0,0.0,85,1,1
0.0,0.0,108,1,-1
0.0,0.0,85,1,1
0.0,0.0,108,1,-1
0.0,0.0,85,1,1
0.0,0.0,108,1,-1
0.0,0.0,85,1,1
0.0,0.0,108,1,-1
0.0,0.0,85,1,1
0.0,0.0,108,1,-1
0.0,0.0,88,1,1
0.0,0.0,108,1,-1
0.0,0.0,85,1,1
0.0,0.0,108,1,-1
0.0,0.0,89,1,1
0.0,0.0,108,1,-1
0.0,0.0,85,1,1
0.0,0.0,108,1,-1
0.0,0.0,85,1,1
0.0,0.0,108,1,-1
0.0,0.0,85,1,1
0.0,0.0,108,1,-1
0.0,0.0,85,1,1
0.0,0.0,108,1,-1
0.0,0.0,85,1,1
0.0,0.0,108,1,-1
0.0,0.0,85,1,1
0.0,0.0,108,1,-1
0.0,0.0,85,1,1
0.0,0.0,108,1,-1
0.0,0.0,85,1,1
0.0,0.0,108,1,-1
0.0,0.0,85,1,1
0.0,0.0,108,1,-1
0.0,0.0,85,1,1
0.0,0.0,108,1,-1
0.0,0.0,85,1,1
0.0,0.0,108,1,-1
0.0,0.0,85,1,1
0.0,0.0,108,1,-1
0.0,0.0,85,1,1
0.0,0.0,108,1,-1
0.0,0.0,85,1,1
0.0,0.0,108,1,-1
0.0,0.0,85,1,1
0.0,0.0,108,1,-1
0.0,0.0,85,1,1
0.0,0.0,108,1,-1
0.0,0.0,85,1,1
0.0,0.0,108,1,-1
0.0,0.0,85,1,1
0.0,0.0,108,1,-1
0.0,0.0,89,1,1
0.0,0.0,195,1,1
0.0,0.0,222,1,-1
0.0,0.0,128,1,-1
-0.000170857,0.000170857,443,2,1
0.0,0.0,108,1,-1
0.0,0.0,62,1,1
0.0,0.0,173,1,-1
0.0,0.0,89,1,1
0.0,0.0,108,1,-1
0.0,0.0,85,1,1
0.0,0.0,149,1,-1
0.0,0.0,66,1,1
0.0,0.0,108,1,-1
0.0,0.0,62,1,1
0.0,0.0,108,1,-1
0.0,0.0,85,1,1
0.0,0.0,159,1,1
0.0,0.0,108,1,-1
0.0,0.0,62,1,1
0.0,0.0,108,1,-1
0.0,0.0,85,1,1
0.0,0.0,108,1,-1
0.0,0.0,62,1,1
0.0,0.0,108,1,-1
0.0,0.0,85,1,1
0.0,0.0,108,1,-1
0.0,0.0,62,1,1
0.0,0.0,108,1,-1
0.0,0.0,85,1,1
0.0,0.0,108,1,-1
0.0,0.0,108,1,-1
0.0,0.0,85,1,1
0.0,0.0,62,1,1
0.0,0.0,108,1,-1
0.0,0.0,108,1,-1
0.0,0.0,85,1,1
0.0,0.0,62,1,1
0.0,0.0,108,1,-1
0.0,0.0,108,1,-1
0.0,0.0,85,1,1
0.0,0.0,62,1,1
0.0,0.0,108,1,-1
0.0,0.0,108,1,-1
0.0,0.0,85,1,1
0.0,0.0,62,1,1
0.0,0.0,108,1,-1
0.0,0.0,108,1,-1
0.0,0.0,85,1,1
0.0,0.0,62,1,1
0.0,0.0,108,1,-1
0.0,0.0,85,1,1
0.0,0.0,108,1,-1
0.0,0.0,62,1,1
0.0,0.0,155,1,1
0.0,0.0,108,1,-1
0.0,0.0,108,1,-1
0.0,0.0,85,1,1
0.0,0.0,118,1,1
0.0,0.0,108,1,-1
0.0,0.0,136,1,1
0.0,0.0,108,1,-1
0.0,0.0,62,1,1
0.0,0.0,108,1,-1
0.0,0.0,108,1,-1
0.0,0.0,165,1,1
0.0,0.0,62,1,1
0.0,0.0,108,1,-1
0.0,0.0,85,1,1
0.0,0.0,108,1,-1
0.0,0.0,62,1,1
0.0,0.0,108,1,-1
0.0,0.0,85,1,1
0.0,0.0,108,1,-1
0.0,0.0,88,1,1
0.0,0.0,108,1,-1
0.0,0.0,108,1,-1
0.0,0.0,62,1,1
0.0,0.0,85,1,1
0.0,0.0,108,1,-1
0.0,0.0,85,1,1
0.0,0.0,155,1,1
0.0,0.0,108,1,-1
0.0,0.0,62,1,1
0.0,0.0,108,1,-1
0.0,0.0,108,1,-1
0.0,0.0,85,1,1
0.0,0.0,62,1,1
0.0,0.0,108,1,-1
0.0,0.0,108,1,-1
-3.11e-07,3.11e-07,147,2,1
0.0,0.0,108,1,-1
0.0,0.0,108,1,-1
0.0,0.0,85,1,1
0.0,0.0,62,1,1
0.0,0.0,108,1,-1
0.0,0.0,108,1,-1
0.0,0.0,85,1,1
0.0,0.0,62,1,1
0.0,0.0,108,1,-1
0.0,0.0,108,1,-1
0.0,0.0,85,1,1
0.0,0.0,62,1,1
0.0,0.0,108,1,-1
0.0,0.0,108,1,-1
0.0,0.0,85,1,1
0.0,0.0,62,1,1
0.0,0.0,108,1,-1
0.0,0.0,108,1,-1
0.0,0.0,85,1,1
0.0,0.0,65,1,1
0.0,0.0,108,1,-1
0.0,0.0,108,1,-1
0.0,0.0,85,1,1
0.0,0.0,62,1,1
0.0,0.0,108,1,-1
0.0,0.0,108,1,-1
0.0,0.0,85,1,1
0.0,0.0,66,1,1
0.0,0.0,108,1,-1
0.0,0.0,108,1,-1
0.0,0.0,85,1,1
0.0,0.0,62,1,1
0.0,0.0,157,1,1
0.0,0.0,108,1,-1
0.0,0.0,108,1,-1
0.0,0.0,85,1,1
0.0,0.0,62,1,1
0.0,0.0,108,1,-1
0.0,0.0,85,1,1
0.0,0.0,108,1,-1
0.0,0.0,62,1,1
0.0,0.0,108,1,-1
0.0,0.0,85,1,1
0.0,0.0,108,1,-1
0.0,0.0,85,1,1
0.0,0.0,108,1,-1
0.0,0.0,108,1,-1
0.0,0.0,62,1,1
0.0,0.0,85,1,1
0.0,0.0,159,1,1
0.0,0.0,108,1,-1
0.0,0.0,108,1,-1
0.0,0.0,85,1,1
0.0,0.0,62,1,1
0.0,0.0,108,1,-1
0.0,0.0,108,1,-1
0.0,0.0,85,1,1
0.0,0.0,62,1,1
0.0,0.0,108,1,-1
0.0,0.0,108,1,-1
0.0,0.0,85,1,1
0.0,0.0,62,1,1
0.0,0.0,108,1,-1
0.0,0.0,108,1,-1
0.0,0.0,85,1,1
0.0,0.0,62,1,1
0.0,0.0,108,1,-1
0.0,0.0,108,1,-1
0.0,0.0,85,1,1
0.0,0.0,62,1,1
0.0,0.0,108,1,-1
0.0,0.0,108,1,-1
0.0,0.0,85,1,1
0.0,0.0,62,1,1
0.0,0.0,108,1,-1
0.0,0.0,108,1,-1
0.0,0.0,85,1,1
0.0,0.0,62,1,1
0.0,0.0,108,1,-1
0.0,0.0,108,1,-1
0.0,0.0,85,1,1
0.0,0.0,62,1,1
0.0,0.0,108,1,-1
0.0,0.0,108,1,-1
0.0,0.0,85,1,1
0.0,0.0,62,1,1
0.0,0.0,108,1,-1
0.0,0.0,108,1,-1
0.0,0.0,85,1,1
0.0,0.0,62,1,1
0.0,0.0,108,1,-1
0.0,0.0,108,1,-1
0.0,0.0,85,1,1
0.0,0.0,62,1,1
0.0,0.0,108,1,-1
0.0,0.0,108,1,-1
0.0,0.0,85,1,1
0.0,0.0,62,1,1
0.0,0.0,108,1,-1
0.0,0.0,85,1,1
0.0,0.0,108,1,-1
0.0,0.0,62,1,1
0.0,0.0,108,1,-1
0.0,0.0,108,1,-1
0.0,0.0,85,1,1
0.0,0.0,62,1,1
0.0,0.0,108,1,-1
0.0,0.0,85,1,1
0.0,0.0,108,1,-1
0.0,0.0,62,1,1
0.0,0.0,108,1,-1
0.0,0.0,85,1,1
0.0,0.0,108,1,-1
0.0,0.0,62,1,1
0.0,0.0,108,1,-1
0.0,0.0,88,1,1
0.0,0.0,222,1,-1
0.0,0.0,128,1,-1
0.0,0.0,108,1,-1
0.0,0.0,66,1,1
0.0,0.0,108,1,-1
0.0,0.0,62,1,1
0.0,0.0,173,1,-1
0.0,0.0,89,1,1
0.0,0.0,108,1,-1
0.0,0.0,62,1,1
0.0,0.0,159,1,1
0.0,0.0,108,1,-1
0.0,0.0,62,1,1
0.0,0.0,153,1,-1
0.0,0.0,89,1,1
0.0,0.0,283,1,-1
0.0,0.0,79,1,-1
0.0,0.0,108,1,-1
0.0,0.0,66,1,1
0.0,0.0,206,1,-1
0.0,0.0,65,1,1
0.0,0.0,108,1,-1
-0.00052076,0.00052076,166,2,-1
-0.000147143,0.000147143,184,2,-1
0.0,0.0,62,1,1
-4.71e-07,4.71e-07,164,2,1
0.0,0.0,73,1,-1
0.0,0.0,101,1,1
0.0,0.0,108,1,-1
0.0,0.0,82,1,1
0.0,0.0,77,1,1
-0.000418857,0.000418857,140,2,-1
-9.3113e-05,9.3113e-05,147,2,1
-0.000171368,0.000171368,180,2,-1
0.0,0.0,90,1,-1
0.0,0.0,81,1,1
0.0,0.0,99,1,-1
0.0,0.0,81,1,1
0.0,0.0,80,1,1
0.0,0.0,71,1,-1
-0.002103511,0.002103511,430,6,-1
0.0,0.0,66,1,1
0.0,0.0,81,1,1
0.0,0.0,81,1,1
0.0,0.0,80,1,1
0.0,0.0,80,1,1
-0.000486423,0.000486423,157,2,1
0.0,0.0,65,1,1
0.0,0.0,108,1,-1
0.0,0.0,65,1,1
0.0,0.0,80,1,-1
0.0,0.0,82,1,1
0.0,0.0,108,1,-1
0.0,0.0,85,1,-1
0.0,0.0,106,1,1
0.0,0.0,64,1,1
0.0,0.0,108,1,-1
0.0,0.0,72,1,-1
0.0,0.0,87,1,1
0.0,0.0,70,1,1
0.0,0.0,108,1,-1
0.0,0.0,101,1,1
0.0,0.0,108,1,-1
0.0,0.0,165,1,1
0.0,0.0,108,1,-1
0.0,0.0,62,1,1
0.0,0.0,108,1,-1
0.0,0.0,66,1,1
0.0,0.0,108,1,-1
0.0,0.0,86,1,1
0.0,0.0,108,1,-1
0.0,0.0,63,1,1
0.0,0.0,108,1,-1
0.0,0.0,86,1,1
0.0,0.0,108,1,-1
0.0,0.0,108,1,-1
0.0,0.0,63,1,1
0.0,0.0,63,1,1
0.0,0.0,108,1,-1
0.0,0.0,86,1,1
0.0,0.0,108,1,-1
0.0,0.0,63,1,1
0.0,0.0,108,1,-1
0.0,0.0,63,1,1
0.0,0.0,108,1,-1
0.0,0.0,86,1,1
0.0,0.0,108,1,-1
0.0,0.0,63,1,1
0.0,0.0,108,1,-1
0.0,0.0,63,1,1
0.0,0.0,108,1,-1
0.0,0.0,100,1,1
0.0,0.0,108,1,-1
0.0,0.0,108,1,-1
0.0,0.0,62,1,1
0.0,0.0,62,1,1
0.0,0.0,108,1,-1
0.0,0.0,85,1,1
0.0,0.0,108,1,-1
0.0,0.0,108,1,-1
0.0,0.0,62,1,1
0.0,0.0,62,1,1
0.0,0.0,108,1,-1
0.0,0.0,85,1,1
0.0,0.0,108,1,-1
0.0,0.0,62,1,1
0.0,0.0,108,1,-1
0.0,0.0,62,1,1
0.0,0.0,108,1,-1
0.0,0.0,85,1,1
0.0,0.0,108,1,-1
0.0,0.0,62,1,1
0.0,0.0,85,1,1
0.0,0.0,108,1,-1
0.0,0.0,62,1,1
0.0,0.0,108,1,-1
0.0,0.0,108,1,-1
0.0,0.0,85,1,1
0.0,0.0,62,1,1
0.0,0.0,108,1,-1
0.0,0.0,62,1,1
0.0,0.0,108,1,-1
0.0,0.0,108,1,-1
0.0,0.0,85,1,1
0.0,0.0,62,1,1
0.0,0.0,108,1,-1
0.0,0.0,62,1,1
0.0,0.0,108,1,-1
0.0,0.0,108,1,-1
0.0,0.0,85,1,1
0.0,0.0,62,1,1
0.0,0.0,108,1,-1
0.0,0.0,62,1,1
0.0,0.0,108,1,-1
0.0,0.0,85,1,1
0.0,0.0,159,1,1
0.0,0.0,108,1,-1
0.0,0.0,62,1,1
0.0,0.0,108,1,-1
0.0,0.0,85,1,1
0.0,0.0,108,1,-1
0.0,0.0,108,1,-1
0.0,0.0,62,1,1
0.0,0.0,62,1,1
0.0,0.0,108,1,-1
0.0,0.0,85,1,1
0.0,0.0,108,1,-1
0.0,0.0,108,1,-1
0.0,0.0,62,1,1
0.0,0.0,159,1,1
0.0,0.0,62,1,1
0.0,0.0,108,1,-1
0.0,0.0,85,1,1
0.0,0.0,108,1,-1
0.0,0.0,62,1,1
0.0,0.0,108,1,-1
0.0,0.0,62,1,1
0.0,0.0,108,1,-1
0.0,0.0,85,1,1
0.0,0.0,108,1,-1
0.0,0.0,62,1,1
0.0,0.0,108,1,-1
0.0,0.0,62,1,1
0.0,0.0,108,1,-1
0.0,0.0,85,1,1
0.0,0.0,108,1,-1
0.0,0.0,108,1,-1
0.0,0.0,62,1,1
0.0,0.0,62,1,1
0.0,0.0,108,1,-1
0.0,0.0,85,1,1
0.0,0.0,108,1,-1
0.0,0.0,108,1,-1
0.0,0.0,62,1,1
0.0,0.0,85,1,1
0.0,0.0,108,1,-1
0.0,0.0,62,1,1
0.0,0.0,108,1,-1
0.0,0.0,108,1,-1
-5.21e-07,5.21e-07,240,2,1
0.0,0.0,108,1,-1
0.0,0.0,62,1,1
0.0,0.0,108,1,-1
0.0,0.0,108,1,-1
0.0,0.0,85,1,1
0.0,0.0,62,1,1
0.0,0.0,108,1,-1
0.0,0.0,62,1,1
0.0,0.0,108,1,-1
0.0,0.0,108,1,-1
0.0,0.0,85,1,1
0.0,0.0,62,1,1
0.0,0.0,108,1,-1
0.0,0.0,62,1,1
0.0,0.0,108,1,-1
0.0,0.0,108,1,-1
0.0,0.0,85,1,1
-0.000868272,0.000868272,219,2,1
0.0,0.0,108,1,-1
0.0,0.0,62,1,1
0.0,0.0,108,1,-1
0.0,0.0,108,1,-1
0.0,0.0,85,1,1
-4.91e-07,4.91e-07,217,2,1
0.0,0.0,108,1,-1
0.0,0.0,62,1,1
0.0,0.0,108,1,-1
0.0,0.0,85,1,1
0.0,0.0,108,1,-1
-4.91e-07,4.91e-07,221,2,1
0.0,0.0,108,1,-1
0.0,0.0,62,1,1
0.0,0.0,108,1,-1
-4.81e-07,4.81e-07,240,2,1
0.0,0.0,108,1,-1
0.0,0.0,62,1,1
0.0,0.0,108,1,-1
0.0,0.0,62,1,1
0.0,0.0,108,1,-1
0.0,0.0,85,1,1
0.0,0.0,108,1,-1
0.0,0.0,62,1,1
0.0,0.0,108,1,-1
0.0,0.0,85,1,1
0.0,0.0,108,1,-1
0.0,0.0,62,1,1
0.0,0.0,108,1,-1
0.0,0.0,62,1,1
0.0,0.0,108,1,-1
0.0,0.0,85,1,1
0.0,0.0,108,1,-1
0.0,0.0,62,1,1
0.0,0.0,108,1,-1
0.0,0.0,85,1,1
0.0,0.0,108,1,-1
0.0,0.0,62,1,1
0.0,0.0,108,1,-1
0.0,0.0,62,1,1
0.0,0.0,108,1,-1
0.0,0.0,85,1,1
0.0,0.0,108,1,-1
0.0,0.0,62,1,1
0.0,0.0,108,1,-1
0.0,0.0,62,1,1
0.0,0.0,108,1,-1
0.0,0.0,85,1,1
0.0,0.0,108,1,-1
0.0,0.0,62,1,1
0.0,0.0,108,1,-1
0.0,0.0,62,1,1
0.0,0.0,108,1,-1
0.0,0.0,85,1,1
0.0,0.0,108,1,-1
0.0,0.0,62,1,1
0.0,0.0,108,1,-1
0.0,0.0,62,1,1
0.0,0.0,108,1,-1
0.0,0.0,85,1,1
0.0,0.0,108,1,-1
0.0,0.0,62,1,1
0.0,0.0,108,1,-1
0.0,0.0,85,1,1
0.0,0.0,108,1,-1
0.0,0.0,62,1,1
0.0,0.0,108,1,-1
0.0,0.0,62,1,1
0.0,0.0,108,1,-1
0.0,0.0,85,1,1
0.0,0.0,108,1,-1
0.0,0.0,62,1,1
0.0,0.0,108,1,-1
0.0,0.0,62,1,1
0.0,0.0,155,1,1
0.0,0.0,108,1,-1
0.0,0.0,85,1,1
0.0,0.0,108,1,-1
0.0,0.0,62,1,1
0.0,0.0,155,1,1
0.0,0.0,108,1,-1
0.0,0.0,62,1,1
0.0,0.0,108,1,-1
0.0,0.0,85,1,1
0.0,0.0,108,1,-1
0.0,0.0,62,1,1
0.0,0.0,108,1,-1
0.0,0.0,85,1,1
0.0,0.0,108,1,-1
0.0,0.0,62,1,1
0.0,0.0,108,1,-1
0.0,0.0,65,1,1
0.0,0.0,108,1,-1
0.0,0.0,85,1,1
0.0,0.0,108,1,-1
0.0,0.0,62,1,1
0.0,0.0,108,1,-1
0.0,0.0,62,1,1
0.0,0.0,108,1,-1
0.0,0.0,85,1,1
0.0,0.0,108,1,-1
0.0,0.0,62,1,1
0.0,0.0,108,1,-1
0.0,0.0,62,1,1
0.0,0.0,108,1,-1
0.0,0.0,85,1,1
0.0,0.0,108,1,-1
0.0,0.0,62,1,1
0.0,0.0,159,1,1
0.0,0.0,108,1,-1
0.0,0.0,85,1,1
0.0,0.0,108,1,-1
0.0,0.0,62,1,1
0.0,0.0,108,1,-1
0.0,0.0,62,1,1
0.0,0.0,108,1,-1
0.0,0.0,85,1,1
0.0,0.0,108,1,-1
0.0,0.0,62,1,1
0.0,0.0,108,1,-1
0.0,0.0,108,1,-1
0.0,0.0,85,1,1
0.0,0.0,62,1,1
0.0,0.0,155,1,1
0.0,0.0,108,1,-1
0.0,0.0,62,1,1
0.0,0.0,108,1,-1
0.0,0.0,108,1,-1
0.0,0.0,85,1,1
0.0,0.0,62,1,1
0.0,0.0,108,1,-1
0.0,0.0,62,1,1
0.0,0.0,108,1,-1
0.0,0.0,85,1,1
0.0,0.0,108,1,-1
0.0,0.0,118,1,1
0.0,0.0,108,1,-1
0.0,0.0,62,1,1
0.0,0.0,155,1,1
0.0,0.0,108,1,-1
0.0,0.0,85,1,1
0.0,0.0,108,1,-1
0.0,0.0,62,1,1
0.0,0.0,108,1,-1
0.0,0.0,121,1,1
0.0,0.0,108,1,-1
0.0,0.0,65,1,1
0.0,0.0,108,1,-1
0.0,0.0,62,1,1
0.0,0.0,108,1,-1
0.0,0.0,165,1,1
0.0,0.0,108,1,-1
0.0,0.0,66,1,1
0.0,0.0,108,1,-1
0.0,0.0,62,1,1
0.0,0.0,108,1,-1
0.0,0.0,85,1,1
0.0,0.0,108,1,-1
0.0,0.0,62,1,1
0.0,0.0,157,1,1
0.0,0.0,108,1,-1
0.0,0.0,85,1,1
0.0,0.0,108,1,-1
0.0,0.0,62,1,1
0.0,0.0,155,1,1
0.0,0.0,108,1,-1
0.0,0.0,62,1,1
0.0,0.0,108,1,-1
0.0,0.0,85,1,1
0.0,0.0,108,1,-1
0.0,0.0,62,1,1
0.0,0.0,108,1,-1
0.0,0.0,65,1,1
0.0,0.0,108,1,-1
0.0,0.0,100,1,1
0.0,0.0,108,1,-1
0.0,0.0,108,1,-1
0.0,0.0,62,1,1
0.0,0.0,62,1,1
0.0,0.0,108,1,-1
0.0,0.0,108,1,-1
0.0,0.0,85,1,1
0.0,0.0,108,1,-1
0.0,0.0,62,1,1
0.0,0.0,157,1,1
0.0,0.0,62,1,1
0.0,0.0,108,1,-1
0.0,0.0,85,1,1
0.0,0.0,108,1,-1
0.0,0.0,62,1,1
0.0,0.0,108,1,-1
0.0,0.0,62,1,1
0.0,0.0,108,1,-1
0.0,0.0,85,1,1
0.0,0.0,108,1,-1
0.0,0.0,108,1,-1
0.0,0.0,62,1,1
0.0,0.0,62,1,1
0.0,0.0,79,1,-1
0.0,0.0,104,1,1
0.0,0.0,85,1,-1
0.0,0.0,81,1,1
0.0,0.0,108,1,-1
0.0,0.0,108,1,-1
0.0,0.0,62,1,1
0.0,0.0,62,1,1
0.0,0.0,157,1,1
0.0,0.0,108,1,-1
0.0,0.0,85,1,1
0.0,0.0,108,1,-1
0.0,0.0,108,1,-1
0.0,0.0,62,1,1
0.0,0.0,62,1,1
0.0,0.0,108,1,-1
0.0,0.0,85,1,1
0.0,0.0,108,1,-1
0.0,0.0,108,1,-1
0.0,0.0,62,1,1
0.0,0.0,155,1,1
0.0,0.0,62,1,1
0.0,0.0,108,1,-1
0.0,0.0,85,1,1
0.0,0.0,108,1,-1
0.0,0.0,85,1,1
0.0,0.0,108,1,-1
0.0,0.0,62,1,1
0.0,0.0,159,1,1
0.0,0.0,108,1,-1
0.0,0.0,62,1,1
0.0,0.0,108,1,-1
0.0,0.0,85,1,1
0.0,0.0,108,1,-1
0.0,0.0,66,1,1
0.0,0.0,108,1,-1
0.0,0.0,108,1,-1
0.0,0.0,62,1,1
0.0,0.0,62,1,1
0.0,0.0,108,1,-1
0.0,0.0,85,1,1
0.0,0.0,108,1,-1
0.0,0.0,108,1,-1
0.0,0.0,62,1,1
0.0,0.0,62,1,1
0.0,0.0,108,1,-1
0.0,0.0,85,1,1
0.0,0.0,157,1,1
0.0,0.0,108,1,-1
0.0,0.0,108,1,-1
0.0,0.0,62,1,1
0.0,0.0,62,1,1
0.0,0.0,108,1,-1
0.0,0.0,85,1,1
0.0,0.0,108,1,-1
0.0,0.0,108,1,-1
0.0,0.0,62,1,1
0.0,0.0,85,1,1
0.0,0.0,108,1,-1
0.0,0.0,62,1,1
0.0,0.0,108,1,-1
0.0,0.0,62,1,1
0.0,0.0,108,1,-1
0.0,0.0,85,1,1
0.0,0.0,108,1,-1
0.0,0.0,62,1,1
0.0,0.0,108,1,-1
0.0,0.0,85,1,1
0.0,0.0,108,1,-1
0.0,0.0,62,1,1
0.0,0.0,108,1,-1
0.0,0.0,62,1,1
0.0,0.0,108,1,-1
0.0,0.0,85,1,1
0.0,0.0,108,1,-1
0.0,0.0,62,1,1
0.0,0.0,108,1,-1
0.0,0.0,62,1,1
0.0,0.0,108,1,-1
0.0,0.0,85,1,1
0.0,0.0,108,1,-1
0.0,0.0,62,1,1
0.0,0.0,108,1,-1
0.0,0.0,62,1,1
0.0,0.0,108,1,-1
0.0,0.0,85,1,1
0.0,0.0,108,1,-1
0.0,0.0,62,1,1
0.0,0.0,108,1,-1
0.0,0.0,85,1,1
0.0,0.0,108,1,-1
0.0,0.0,62,1,1
0.0,0.0,108,1,-1
0.0,0.0,62,1,1
0.0,0.0,108,1,-1
0.0,0.0,85,1,1
0.0,0.0,108,1,-1
0.0,0.0,62,1,1
0.0,0.0,108,1,-1
0.0,0.0,108,1,-1
0.0,0.0,85,1,1
0.0,0.0,62,1,1
0.0,0.0,108,1,-1
0.0,0.0,62,1,1
0.0,0.0,108,1,-1
0.0,0.0,108,1,-1
0.0,0.0,85,1,1
0.0,0.0,62,1,1
0.0,0.0,108,1,-1
0.0,0.0,62,1,1
0.0,0.0,108,1,-1
0.0,0.0,108,1,-1
0.0,0.0,85,1,1
0.0,0.0,62,1,1
0.0,0.0,108,1,-1
0.0,0.0,62,1,1
0.0,0.0,108,1,-1
0.0,0.0,85,1,1
0.0,0.0,108,1,-1
0.0,0.0,62,1,1
0.0,0.0,108,1,-1
0.0,0.0,62,1,1
0.0,0.0,108,1,-1
0.0,0.0,85,1,1
0.0,0.0,108,1,-1
0.0,0.0,62,1,1
0.0,0.0,108,1,-1
0.0,0.0,85,1,1
0.0,0.0,108,1,-1
-0.00047361,0.00047361,219,2,1
0.0,0.0,108,1,-1
0.0,0.0,62,1,1
0.0,0.0,108,1,-1
0.0,0.0,85,1,1
0.0,0.0,108,1,-1
0.0,0.0,62,1,1
0.0,0.0,108,1,-1
0.0,0.0,85,1,1
0.0,0.0,108,1,-1
0.0,0.0,62,1,1
0.0,0.0,108,1,-1
0.0,0.0,108,1,-1
0.0,0.0,88,1,1
0.0,0.0,62,1,1
0.0,0.0,108,1,-1
0.0,0.0,62,1,1
0.0,0.0,108,1,-1
0.0,0.0,108,1,-1
0.0,0.0,85,1,1
0.0,0.0,62,1,1
0.0,0.0,108,1,-1
0.0,0.0,62,1,1
0.0,0.0,108,1,-1
0.0,0.0,108,1,-1
0.0,0.0,85,1,1
0.0,0.0,62,1,1
0.0,0.0,159,1,1
0.0,0.0,108,1,-1
0.0,0.0,62,1,1
0.0,0.0,108,1,-1
0.0,0.0,108,1,-1
0.0,0.0,85,1,1
0.0,0.0,62,1,1
0.0,0.0,108,1,-1
0.0,0.0,62,1,1
0.0,0.0,108,1,-1
0.0,0.0,108,1,-1
0.0,0.0,85,1,1
0.0,0.0,62,1,1
0.0,0.0,108,1,-1
0.0,0.0,62,1,1
0.0,0.0,108,1,-1
0.0,0.0,108,1,-1
0.0,0.0,85,1,1
0.0,0.0,62,1,1
0.0,0.0,108,1,-1
0.0,0.0,85,1,1
0.0,0.0,108,1,-1
0.0,0.0,108,1,-1
0.0,0.0,62,1,1
0.0,0.0,62,1,1
0.0,0.0,108,1,-1
0.0,0.0,85,1,1
0.0,0.0,108,1,-1
0.0,0.0,108,1,-1
0.0,0.0,85,1,1
0.0,0.0,118,1,1
0.0,0.0,108,1,-1
0.0,0.0,62,1,1
0.0,0.0,108,1,-1
0.0,0.0,85,1,1
0.0,0.0,108,1,-1
0.0,0.0,62,1,1
0.0,0.0,108,1,-1
0.0,0.0,62,1,1
0.0,0.0,157,1,1
0.0,0.0,108,1,-1
0.0,0.0,108,1,-1
0.0,0.0,124,1,1
0.0,0.0,62,1,1
0.0,0.0,108,1,-1
0.0,0.0,62,1,1
0.0,0.0,108,1,-1
0.0,0.0,108,1,-1
0.0,0.0,165,1,1
-0.000930313,0.000930313,225,2,1
0.0,0.0,108,1,-1
0.0,0.0,62,1,1
0.0,0.0,108,1,-1
0.0,0.0,85,1,1
0.0,0.0,108,1,-1
0.0,0.0,62,1,1
0.0,0.0,108,1,-1
0.0,0.0,62,1,1
0.0,0.0,108,1,-1
0.0,0.0,108,1,-1
0.0,0.0,85,1,1
0.0,0.0,62,1,1
0.0,0.0,157,1,1
0.0,0.0,108,1,-1
0.0,0.0,85,1,1
0.0,0.0,108,1,-1
0.0,0.0,62,1,1
0.0,0.0,108,1,-1
0.0,0.0,85,1,1
0.0,0.0,108,1,-1
0.0,0.0,62,1,1
0.0,0.0,108,1,-1
0.0,0.0,62,1,1
0.0,0.0,108,1,-1
0.0,0.0,100,1,1
0.0,0.0,108,1,-1
0.0,0.0,62,1,1
0.0,0.0,108,1,-1
0.0,0.0,108,1,-1
0.0,0.0,85,1,1
0.0,0.0,62,1,1
0.0,0.0,108,1,-1
0.0,0.0,62,1,1
0.0,0.0,108,1,-1
0.0,0.0,108,1,-1
0.0,0.0,85,1,1
0.0,0.0,62,1,1
0.0,0.0,108,1,-1
0.0,0.0,62,1,1
0.0,0.0,108,1,-1
0.0,0.0,108,1,-1
0.0,0.0,85,1,1
0.0,0.0,62,1,1
0.0,0.0,108,1,-1
0.0,0.0,62,1,1
0.0,0.0,108,1,-1
0.0,0.0,85,1,1
0.0,0.0,108,1,-1
0.0,0.0,62,1,1
0.0,0.0,108,1,-1
0.0,0.0,62,1,1
0.0,0.0,108,1,-1
0.0,0.0,85,1,1
0.0,0.0,108,1,-1
0.0,0.0,62,1,1
0.0,0.0,108,1,-1
0.0,0.0,85,1,1
0.0,0.0,108,1,-1
0.0,0.0,62,1,1
0.0,0.0,108,1,-1
0.0,0.0,62,1,1
0.0,0.0,108,1,-1
0.0,0.0,85,1,1
0.0,0.0,108,1,-1
0.0,0.0,62,1,1
0.0,0.0,108,1,-1
0.0,0.0,62,1,1
0.0,0.0,108,1,-1
0.0,0.0,85,1,1
0.0,0.0,108,1,-1
0.0,0.0,62,1,1
0.0,0.0,108,1,-1
-5.31e-07,5.31e-07,244,2,1
0.0,0.0,108,1,-1
0.0,0.0,62,1,1
0.0,0.0,108,1,-1
0.0,0.0,62,1,1
0.0,0.0,108,1,-1
0.0,0.0,85,1,1
0.0,0.0,108,1,-1
0.0,0.0,108,1,-1
0.0,0.0,62,1,1
0.0,0.0,62,1,1
0.0,0.0,108,1,-1
0.0,0.0,85,1,1
0.0,0.0,108,1,-1
0.0,0.0,108,1,-1
0.0,0.0,85,1,1
0.0,0.0,62,1,1
0.0,0.0,108,1,-1
0.0,0.0,62,1,1
0.0,0.0,108,1,-1
0.0,0.0,108,1,-1
0.0,0.0,85,1,1
0.0,0.0,62,1,1
0.0,0.0,108,1,-1
0.0,0.0,62,1,1
0.0,0.0,108,1,-1
0.0,0.0,108,1,-1
0.0,0.0,85,1,1
0.0,0.0,62,1,1
0.0,0.0,108,1,-1
0.0,0.0,62,1,1
0.0,0.0,108,1,-1
0.0,0.0,108,1,-1
0.0,0.0,85,1,1
0.0,0.0,62,1,1
0.0,0.0,108,1,-1
0.0,0.0,62,1,1
0.0,0.0,108,1,-1
0.0,0.0,85,1,1
0.0,0.0,108,1,-1
0.0,0.0,108,1,-1
0.0,0.0,62,1,1
0.0,0.0,62,1,1
0.0,0.0,108,1,-1
0.0,0.0,62,1,1
0.0,0.0,108,1,-1
0.0,0.0,85,1,1
0.0,0.0,108,1,-1
0.0,0.0,108,1,-1
0.0,0.0,62,1,1
0.0,0.0,85,1,1
0.0,0.0,108,1,-1
0.0,0.0,108,1,-1
0.0,0.0,62,1,1
0.0,0.0,155,1,1
0.0,0.0,108,1,-1
0.0,0.0,62,1,1
0.0,0.0,85,1,1
0.0,0.0,108,1,-1
0.0,0.0,108,1,-1
0.0,0.0,62,1,1
0.0,0.0,62,1,1
0.0,0.0,108,1,-1
0.0,0.0,85,1,1
0.0,0.0,108,1,-1
0.0,0.0,108,1,-1
0.0,0.0,62,1,1
0.0,0.0,89,1,1
0.0,0.0,108,1,-1
0.0,0.0,108,1,-1
0.0,0.0,62,1,1
0.0,0.0,62,1,1
0.0,0.0,108,1,-1
0.0,0.0,62,1,1
0.0,0.0,108,1,-1
0.0,0.0,108,1,-1
-4e-07,4e-07,147,2,1
0.0,0.0,108,1,-1
0.0,0.0,85,1,1
0.0,0.0,108,1,-1
0.0,0.0,108,1,-1
0.0,0.0,62,1,1
0.0,0.0,62,1,1
0.0,0.0,108,1,-1
0.0,0.0,85,1,1
0.0,0.0,108,1,-1
0.0,0.0,62,1,1
0.0,0.0,108,1,-1
0.0,0.0,108,1,-1
0.0,0.0,62,1,1
0.0,0.0,62,1,1
0.0,0.0,108,1,-1
0.0,0.0,85,1,1
0.0,0.0,108,1,-1
0.0,0.0,108,1,-1
0.0,0.0,62,1,1
-4.91e-07,4.91e-07,217,2,1
0.0,0.0,108,1,-1
0.0,0.0,85,1,1
0.0,0.0,108,1,-1
0.0,0.0,108,1,-1
0.0,0.0,85,1,1
0.0,0.0,62,1,1
0.0,0.0,108,1,-1
0.0,0.0,62,1,1
0.0,0.0,108,1,-1
0.0,0.0,108,1,-1
0.0,0.0,85,1,1
0.0,0.0,62,1,1
0.0,0.0,108,1,-1
0.0,0.0,62,1,1
0.0,0.0,159,1,1
0.0,0.0,108,1,-1
0.0,0.0,108,1,-1
0.0,0.0,85,1,1
0.0,0.0,62,1,1
0.0,0.0,155,1,1
0.0,0.0,108,1,-1
0.0,0.0,85,1,1
0.0,0.0,108,1,-1
0.0,0.0,108,1,-1
0.0,0.0,62,1,1
0.0,0.0,62,1,1
0.0,0.0,108,1,-1
0.0,0.0,85,1,1
0.0,0.0,108,1,-1
0.0,0.0,108,1,-1
0.0,0.0,62,1,1
0.0,0.0,66,1,1
0.0,0.0,108,1,-1
0.0,0.0,62,1,1
0.0,0.0,108,1,-1
0.0,0.0,85,1,1
0.0,0.0,108,1,-1
0.0,0.0,62,1,1
0.0,0.0,108,1,-1
0.0,0.0,85,1,1
0.0,0.0,108,1,-1
0.0,0.0,62,1,1
0.0,0.0,108,1,-1
0.0,0.0,62,1,1
0.0,0.0,108,1,-1
0.0,0.0,89,1,1
0.0,0.0,108,1,-1
0.0,0.0,62,1,1
0.0,0.0,108,1,-1
0.0,0.0,62,1,1
0.0,0.0,108,1,-1
0.0,0.0,62,1,1
0.0,0.0,108,1,-1
0.0,0.0,108,1,-1
0.0,0.0,88,1,1
0.0,0.0,157,1,1
0.0,0.0,62,1,1
0.0,0.0,108,1,-1
0.0,0.0,85,1,1
0.0,0.0,108,1,-1
0.0,0.0,108,1,-1
0.0,0.0,62,1,1
0.0,0.0,62,1,1
0.0,0.0,108,1,-1
0.0,0.0,85,1,1
0.0,0.0,108,1,-1
0.0,0.0,108,1,-1
0.0,0.0,62,1,1
0.0,0.0,62,1,1
0.0,0.0,108,1,-1
0.0,0.0,85,1,1
0.0,0.0,108,1,-1
0.0,0.0,108,1,-1
0.0,0.0,62,1,1
0.0,0.0,62,1,1
0.0,0.0,108,1,-1
0.0,0.0,85,1,1
0.0,0.0,108,1,-1
0.0,0.0,108,1,-1
0.0,0.0,62,1,1
0.0,0.0,62,1,1
0.0,0.0,108,1,-1
0.0,0.0,85,1,1
0.0,0.0,108,1,-1
0.0,0.0,108,1,-1
0.0,0.0,141,1,1
0.0,0.0,62,1,1
0.0,0.0,108,1,-1
0.0,0.0,62,1,1
0.0,0.0,108,1,-1
0.0,0.0,108,1,-1
0.0,0.0,121,1,1
0.0,0.0,62,1,1
0.0,0.0,108,1,-1
0.0,0.0,65,1,1
0.0,0.0,108,1,-1
0.0,0.0,165,1,1
0.0,0.0,108,1,-1
0.0,0.0,62,1,1
0.0,0.0,108,1,-1
0.0,0.0,62,1,1
0.0,0.0,108,1,-1
0.0,0.0,85,1,1
0.0,0.0,108,1,-1
0.0,0.0,65,1,1
0.0,0.0,108,1,-1
0.0,0.0,66,1,1
0.0,0.0,108,1,-1
0.0,0.0,85,1,1
0.0,0.0,108,1,-1
0.0,0.0,62,1,1
0.0,0.0,108,1,-1
0.0,0.0,85,1,1
0.0,0.0,108,1,-1
0.0,0.0,62,1,1
0.0,0.0,108,1,-1
0.0,0.0,85,1,1
0.0,0.0,108,1,-1
0.0,0.0,100,1,1
0.0,0.0,108,1,-1
0.0,0.0,62,1,1
0.0,0.0,108,1,-1
0.0,0.0,85,1,1
0.0,0.0,108,1,-1
0.0,0.0,62,1,1
0.0,0.0,108,1,-1
0.0,0.0,85,1,1
0.0,0.0,108,1,-1
0.0,0.0,62,1,1
0.0,0.0,108,1,-1
0.0,0.0,85,1,1
0.0,0.0,108,1,-1
0.0,0.0,62,1,1
0.0,0.0,108,1,-1
0.0,0.0,85,1,1
0.0,0.0,108,1,-1
0.0,0.0,62,1,1
0.0,0.0,108,1,-1
0.0,0.0,85,1,1
0.0,0.0,108,1,-1
0.0,0.0,62,1,1
0.0,0.0,108,1,-1
0.0,0.0,85,1,1
0.0,0.0,108,1,-1
0.0,0.0,62,1,1
0.0,0.0,108,1,-1
0.0,0.0,85,1,1
0.0,0.0,108,1,-1
0.0,0.0,62,1,1
0.0,0.0,108,1,-1
0.0,0.0,85,1,1
0.0,0.0,108,1,-1
0.0,0.0,85,1,1
0.0,0.0,108,1,-1
0.0,0.0,62,1,1
0.0,0.0,108,1,-1
0.0,0.0,85,1,1
0.0,0.0,108,1,-1
0.0,0.0,62,1,1
0.0,0.0,108,1,-1
0.0,0.0,85,1,1
0.0,0.0,108,1,-1
0.0,0.0,62,1,1
0.0,0.0,108,1,-1
0.0,0.0,85,1,1
0.0,0.0,108,1,-1
0.0,0.0,62,1,1
0.0,0.0,157,1,1
0.0,0.0,108,1,-1
0.0,0.0,85,1,1
0.0,0.0,108,1,-1
0.0,0.0,62,1,1
0.0,0.0,108,1,-1
0.0,0.0,85,1,1
0.0,0.0,108,1,-1
0.0,0.0,85,1,1
0.0,0.0,108,1,-1
0.0,0.0,62,1,1
0.0,0.0,108,1,-1
0.0,0.0,85,1,1
0.0,0.0,108,1,-1
0.0,0.0,62,1,1
0.0,0.0,108,1,-1
0.0,0.0,85,1,1
0.0,0.0,108,1,-1
0.0,0.0,62,1,1
0.0,0.0,155,1,1
0.0,0.0,108,1,-1
0.0,0.0,85,1,1
0.0,0.0,108,1,-1
0.0,0.0,62,1,1
0.0,0.0,108,1,-1
0.0,0.0,85,1,1
0.0,0.0,108,1,-1
0.0,0.0,62,1,1
0.0,0.0,108,1,-1
0.0,0.0,85,1,1
0.0,0.0,108,1,-1
0.0,0.0,62,1,1
0.0,0.0,108,1,-1
0.0,0.0,85,1,1
0.0,0.0,108,1,-1
0.0,0.0,62,1,1
0.0,0.0,108,1,-1
0.0,0.0,85,1,1
0.0,0.0,108,1,-1
0.0,0.0,62,1,1
0.0,0.0,157,1,1
0.0,0.0,108,1,-1
0.0,0.0,85,1,1
0.0,0.0,108,1,-1
0.0,0.0,85,1,1
0.0,0.0,108,1,-1
0.0,0.0,62,1,1
0.0,0.0,108,1,-1
0.0,0.0,85,1,1
0.0,0.0,108,1,-1
0.0,0.0,62,1,1
0.0,0.0,108,1,-1
0.0,0.0,85,1,1
0.0,0.0,108,1,-1
0.0,0.0,85,1,1
0.0,0.0,108,1,-1
0.0,0.0,62,1,1
0.0,0.0,108,1,-1
0.0,0.0,85,1,1
0.0,0.0,108,1,-1
0.0,0.0,62,1,1
0.0,0.0,157,1,1
0.0,0.0,108,1,-1
0.0,0.0,85,1,1
0.0,0.0,108,1,-1
0.0,0.0,62,1,1
0.0,0.0,108,1,-1
0.0,0.0,85,1,1
0.0,0.0,157,1,1
0.0,0.0,108,1,-1
0.0,0.0,62,1,1
0.0,0.0,108,1,-1
0.0,0.0,85,1,1
0.0,0.0,108,1,-1
0.0,0.0,62,1,1
0.0,0.0,108,1,-1
0.0,0.0,85,1,1
0.0,0.0,108,1,-1
0.0,0.0,62,1,1
0.0,0.0,108,1,-1
0.0,0.0,85,1,1
0.0,0.0,108,1,-1
0.0,0.0,66,1,1
0.0,0.0,108,1,-1
0.0,0.0,85,1,1
0.0,0.0,108,1,-1
0.0,0.0,85,1,1
0.0,0.0,108,1,-1
0.0,0.0,88,1,1
0.0,0.0,108,1,-1
0.0,0.0,85,1,1
0.0,0.0,108,1,-1
0.0,0.0,85,1,1
0.0,0.0,108,1,-1
0.0,0.0,85,1,1
0.0,0.0,108,1,-1
0.0,0.0,85,1,1
0.0,0.0,108,1,-1
0.0,0.0,85,1,1
0.0,0.0,108,1,-1
0.0,0.0,141,1,1
0.0,0.0,108,1,-1
0.0,0.0,124,1,1
0.0,0.0,108,1,-1
0.0,0.0,165,1,1
0.0,0.0,108,1,-1
0.0,0.0,85,1,1
0.0,0.0,108,1,-1
0.0,0.0,89,1,1
0.0,0.0,108,1,-1
0.0,0.0,85,1,1
0.0,0.0,108,1,-1
0.0,0.0,85,1,1
0.0,0.0,108,1,-1
0.0,0.0,85,1,1
0.0,0.0,108,1,-1
0.0,0.0,100,1,1
0.0,0.0,108,1,-1
0.0,0.0,85,1,1
0.0,0.0,108,1,-1
0.0,0.0,85,1,1
0.0,0.0,108,1,-1
0.0,0.0,85,1,1
0.0,0.0,108,1,-1
0.0,0.0,85,1,1
0.0,0.0,108,1,-1
0.0,0.0,85,1,1
0.0,0.0,108,1,-1
0.0,0.0,85,1,1
0.0,0.0,108,1,-1
0.0,0.0,85,1,1
0.0,0.0,108,1,-1
0.0,0.0,85,1,1
0.0,0.0,108,1,-1
0.0,0.0,85,1,1
0.0,0.0,108,1,-1
0.0,0.0,85,1,1
0.0,0.0,108,1,-1
0.0,0.0,85,1,1
0.0,0.0,108,1,-1
0.0,0.0,85,1,1
0.0,0.0,108,1,-1
0.0,0.0,85,1,1
0.0,0.0,108,1,-1
0.0,0.0,85,1,1
0.0,0.0,108,1,-1
0.0,0.0,85,1,1
0.0,0.0,108,1,-1
0.0,0.0,85,1,1
0.0,0.0,108,1,-1
0.0,0.0,85,1,1
0.0,0.0,108,1,-1
0.0,0.0,85,1,1
0.0,0.0,108,1,-1
0.0,0.0,85,1,1
0.0,0.0,108,1,-1
0.0,0.0,85,1,1
0.0,0.0,108,1,-1
0.0,0.0,85,1,1
0.0,0.0,108,1,-1
0.0,0.0,85,1,1
0.0,0.0,108,1,-1
0.0,0.0,85,1,1
0.0,0.0,108,1,-1
0.0,0.0,85,1,1
0.0,0.0,108,1,-1
0.0,0.0,85,1,1
0.0,0.0,108,1,-1
0.0,0.0,85,1,1
0.0,0.0,108,1,-1
0.0,0.0,85,1,1
0.0,0.0,108,1,-1
0.0,0.0,85,1,1
0.0,0.0,108,1,-1
0.0,0.0,85,1,1
0.0,0.0,108,1,-1
0.0,0.0,85,1,1
0.0,0.0,108,1,-1
0.0,0.0,85,1,1
0.0,0.0,108,1,-1
0.0,0.0,85,1,1
0.0,0.0,108,1,-1
0.0,0.0,85,1,1
0.0,0.0,108,1,-1
0.0,0.0,85,1,1
0.0,0.0,108,1,-1
0.0,0.0,85,1,1
0.0,0.0,108,1,-1
0.0,0.0,85,1,1
0.0,0.0,108,1,-1
0.0,0.0,85,1,1
0.0,0.0,108,1,-1
0.0,0.0,89,1,1
Clump Interarrival,Clump Duration,Clump Size,Clump Packets,Clump Direction
0.0,0.0,222,1,-1
0.0,0.0,89,1,1
0.0,0.0,173,1,-1
0.0,0.0,102,1,1
0.0,0.0,153,1,-1
-8.41e-07,8.41e-07,371,2,1
0.0,0.0,108,1,-1
0.0,0.0,65,1,1
0.0,0.0,108,1,-1
0.0,0.0,85,1,1
0.0,0.0,108,1,-1
0.0,0.0,89,1,1
0.0,0.0,108,1,-1
0.0,0.0,85,1,1
0.0,0.0,108,1,-1
0.0,0.0,85,1,1
0.0,0.0,108,1,-1
0.0,0.0,100,1,1
0.0,0.0,108,1,-1
0.0,0.0,85,1,1
0.0,0.0,108,1,-1
0.0,0.0,85,1,1
0.0,0.0,108,1,-1
0.0,0.0,85,1,1
0.0,0.0,108,1,-1
0.0,0.0,88,1,1
0.0,0.0,108,1,-1
0.0,0.0,85,1,1
0.0,0.0,108,1,-1
0.0,0.0,85,1,1
0.0,0.0,108,1,-1
0.0,0.0,85,1,1
0.0,0.0,108,1,-1
0.0,0.0,85,1,1
0.0,0.0,108,1,-1
0.0,0.0,85,1,1
0.0,0.0,108,1,-1
0.0,0.0,88,1,1
0.0,0.0,108,1,-1
0.0,0.0,62,1,1
0.0,0.0,108,1,-1
0.0,0.0,65,1,1
0.0,0.0,108,1,-1
0.0,0.0,89,1,1
0.0,0.0,283,1,-1
0.0,0.0,66,1,1
0.0,0.0,283,1,-1
0.0,0.0,62,1,1
0.0,0.0,334,1,1
0.0,0.0,283,1,-1
0.0,0.0,62,1,1
0.0,0.0,334,1,1
0.0,0.0,122,1,-1
-4.81e-07,4.81e-07,235,2,1
0.0,0.0,108,1,-1
0.0,0.0,62,1,1
0.0,0.0,108,1,-1
0.0,0.0,85,1,1
0.0,0.0,108,1,-1
0.0,0.0,85,1,1
0.0,0.0,108,1,-1
0.0,0.0,85,1,1
0.0,0.0,108,1,-1
-7.82e-07,7.82e-07,244,2,1
0.0,0.0,108,1,-1
0.0,0.0,85,1,1
0.0,0.0,159,1,1
0.0,0.0,108,1,-1
0.0,0.0,85,1,1
0.0,0.0,159,1,1
0.0,0.0,108,1,-1
0.0,0.0,85,1,1
0.0,0.0,108,1,-1
0.0,0.0,85,1,1
0.0,0.0,108,1,-1
0.0,0.0,85,1,1
0.0,0.0,108,1,-1
0.0,0.0,85,1,1
0.0,0.0,108,1,-1
0.0,0.0,85,1,1
0.0,0.0,108,1,-1
0.0,0.0,85,1,1
0.0,0.0,108,1,-1
0.0,0.0,85,1,1
0.0,0.0,108,1,-1
0.0,0.0,85,1,1
0.0,0.0,108,1,-1
0.0,0.0,85,1,1
0.0,0.0,108,1,-1
0.0,0.0,85,1,1
0.0,0.0,108,1,-1
0.0,0.0,85,1,1
0.0,0.0,108,1,-1
0.0,0.0,85,1,1
0.0,0.0,108,1,-1
0.0,0.0,85,1,1
0.0,0.0,108,1,-1
0.0,0.0,85,1,1
0.0,0.0,108,1,-1
0.0,0.0,85,1,1
0.0,0.0,108,1,-1
0.0,0.0,85,1,1
0.0,0.0,108,1,-1
0.0,0.0,89,1,1
0.0,0.0,108,1,-1
0.0,0.0,62,1,1
0.0,0.0,108,1,-1
0.0,0.0,66,1,1
0.0,0.0,283,1,-1
0.0,0.0,62,1,1
0.0,0.0,283,1,-1
0.0,0.0,85,1,1
0.0,0.0,283,1,-1
0.0,0.0,66,1,1
0.0,0.0,122,1,-1
-4.81e-07,4.81e-07,231,2,1
0.0,0.0,108,1,-1
0.0,0.0,62,1,1
0.0,0.0,108,1,-1
0.0,0.0,85,1,1
0.0,0.0,108,1,-1
0.0,0.0,177,1,1
0.0,0.0,108,1,-1
0.0,0.0,85,1,1
0.0,0.0,108,1,-1
0.0,0.0,85,1,1
0.0,0.0,108,1,-1
0.0,0.0,165,1,1
0.0,0.0,108,1,-1
0.0,0.0,85,1,1
0.0,0.0,108,1,-1
0.0,0.0,88,1,1
0.0,0.0,108,1,-1
0.0,0.0,89,1,1
0.0,0.0,108,1,-1
0.0,0.0,85,1,1
0.0,0.0,108,1,-1
0.0,0.0,100,1,1
0.0,0.0,108,1,-1
0.0,0.0,85,1,1
0.0,0.0,108,1,-1
0.0,0.0,85,1,1
0.0,0.0,108,1,-1
0.0,0.0,85,1,1
0.0,0.0,108,1,-1
0.0,0.0,85,1,1
0.0,0.0,108,1,-1
0.0,0.0,85,1,1
0.0,0.0,108,1,-1
0.0,0.0,85,1,1
0.0,0.0,108,1,-1
0.0,0.0,85,1,1
0.0,0.0,108,1,-1
0.0,0.0,85,1,1
0.0,0.0,108,1,-1
0.0,0.0,62,1,1
0.0,0.0,328,1,1
0.0,0.0,108,1,-1
0.0,0.0,66,1,1
0.0,0.0,283,1,-1
0.0,0.0,62,1,1
0.0,0.0,283,1,-1
0.0,0.0,85,1,1
0.0,0.0,283,1,-1
0.0,0.0,62,1,1
0.0,0.0,122,1,-1
0.0,0.0,66,1,1
0.0,0.0,108,1,-1
0.0,0.0,65,1,1
0.0,0.0,108,1,-1
0.0,0.0,85,1,1
0.0,0.0,157,1,1
0.0,0.0,108,1,-1
0.0,0.0,85,1,1
0.0,0.0,108,1,-1
0.0,0.0,85,1,1
0.0,0.0,108,1,-1
0.0,0.0,85,1,1
0.0,0.0,108,1,-1
0.0,0.0,85,1,1
0.0,0.0,108,1,-1
0.0,0.0,85,1,1
0.0,0.0,108,1,-1
0.0,0.0,85,1,1
0.0,0.0,108,1,-1
0.0,0.0,85,1,1
0.0,0.0,108,1,-1
0.0,0.0,89,1,1
0.0,0.0,222,1,-1
0.0,0.0,128,1,-1
0.0,0.0,89,1,1
0.0,0.0,108,1,-1
0.0,0.0,62,1,1
0.0,0.0,173,1,-1
0.0,0.0,89,1,1
0.0,0.0,108,1,-1
0.0,0.0,62,1,1
0.0,0.0,149,1,-1
0.0,0.0,85,1,1
0.0,0.0,200,1,1
0.0,0.0,283,1,-1
0.0,0.0,66,1,1
0.0,0.0,120,1,-1
0.0,0.0,62,1,1
0.0,0.0,108,1,-1
0.0,0.0,62,1,1
0.0,0.0,108,1,-1
0.0,0.0,62,1,1
0.0,0.0,155,1,1
0.0,0.0,108,1,-1
0.0,0.0,85,1,1
0.0,0.0,108,1,-1
0.0,0.0,62,1,1
0.0,0.0,108,1,-1
0.0,0.0,85,1,1
0.0,0.0,108,1,-1
0.0,0.0,62,1,1
0.0,0.0,108,1,-1
0.0,0.0,85,1,1
0.0,0.0,108,1,-1
0.0,0.0,62,1,1
0.0,0.0,159,1,1
0.0,0.0,108,1,-1
0.0,0.0,85,1,1
0.0,0.0,108,1,-1
0.0,0.0,62,1,1
0.0,0.0,155,1,1
0.0,0.0,108,1,-1
0.0,0.0,85,1,1
0.0,0.0,108,1,-1
0.0,0.0,85,1,1
0.0,0.0,108,1,-1
0.0,0.0,62,1,1
0.0,0.0,108,1,-1
0.0,0.0,85,1,1
0.0,0.0,108,1,-1
0.0,0.0,62,1,1
0.0,0.0,108,1,-1
0.0,0.0,85,1,1
0.0,0.0,108,1,-1
0.0,0.0,62,1,1
0.0,0.0,108,1,-1
0.0,0.0,85,1,1
0.0,0.0,108,1,-1
0.0,0.0,62,1,1
0.0,0.0,108,1,-1
0.0,0.0,85,1,1
0.0,0.0,108,1,-1
0.0,0.0,62,1,1
0.0,0.0,108,1,-1
0.0,0.0,85,1,1
0.0,0.0,108,1,-1
0.0,0.0,66,1,1
0.0,0.0,108,1,-1
0.0,0.0,85,1,1
0.0,0.0,108,1,-1
0.0,0.0,85,1,1
0.0,0.0,108,1,-1
0.0,0.0,85,1,1
0.0,0.0,108,1,-1
0.0,0.0,85,1,1
0.0,0.0,108,1,-1
0.0,0.0,177,1,1
0.0,0.0,108,1,-1
0.0,0.0,85,1,1
0.0,0.0,108,1,-1
0.0,0.0,85,1,1
0.0,0.0,108,1,-1
0.0,0.0,165,1,1
0.0,0.0,108,1,-1
-4.71e-07,4.71e-07,242,2,1
0.0,0.0,108,1,-1
0.0,0.0,85,1,1
0.0,0.0,108,1,-1
0.0,0.0,85,1,1
0.0,0.0,108,1,-1
0.0,0.0,88,1,1
0.0,0.0,108,1,-1
0.0,0.0,85,1,1
0.0,0.0,108,1,-1
0.0,0.0,100,1,1
0.0,0.0,108,1,-1
0.0,0.0,85,1,1
0.0,0.0,108,1,-1
0.0,0.0,85,1,1
0.0,0.0,108,1,-1
0.0,0.0,89,1,1
0.0,0.0,108,1,-1
0.0,0.0,85,1,1
0.0,0.0,108,1,-1
-4.91e-07,4.91e-07,242,2,1
0.0,0.0,108,1,-1
0.0,0.0,85,1,1
0.0,0.0,108,1,-1
0.0,0.0,85,1,1
0.0,0.0,108,1,-1
0.0,0.0,85,1,1
0.0,0.0,108,1,-1
0.0,0.0,85,1,1
0.0,0.0,108,1,-1
0.0,0.0,85,1,1
0.0,0.0,108,1,-1
0.0,0.0,88,1,1
0.0,0.0,108,1,-1
0.0,0.0,85,1,1
0.0,0.0,108,1,-1
0.0,0.0,85,1,1
0.0,0.0,108,1,-1
0.0,0.0,85,1,1
0.0,0.0,108,1,-1
0.0,0.0,85,1,1
0.0,0.0,108,1,-1
0.0,0.0,85,1,1
0.0,0.0,108,1,-1
0.0,0.0,85,1,1
0.0,0.0,108,1,-1
0.0,0.0,85,1,1
0.0,0.0,108,1,-1
0.0,0.0,85,1,1
0.0,0.0,108,1,-1
0.0,0.0,85,1,1
0.0,0.0,108,1,-1
0.0,0.0,85,1,1
0.0,0.0,108,1,-1
0.0,0.0,85,1,1
0.0,0.0,108,1,-1
-5.61e-07,5.61e-07,242,2,1
0.0,0.0,108,1,-1
0.0,0.0,85,1,1
0.0,0.0,108,1,-1
-5.51e-07,5.51e-07,244,2,1
0.0,0.0,108,1,-1
0.0,0.0,85,1,1
0.0,0.0,108,1,-1
0.0,0.0,85,1,1
0.0,0.0,108,1,-1
0.0,0.0,85,1,1
0.0,0.0,108,1,-1
0.0,0.0,85,1,1
0.0,0.0,108,1,-1
-5.01e-07,5.01e-07,320,2,1
0.0,0.0,222,1,-1
0.0,0.0,128,1,-1
0.0,0.0,65,1,1
0.0,0.0,108,1,-1
0.0,0.0,62,1,1
0.0,0.0,173,1,-1
0.0,0.0,88,1,1
0.0,0.0,108,1,-1
0.0,0.0,62,1,1
0.0,0.0,165,1,-1
0.0,0.0,89,1,1
0.0,0.0,108,1,-1
0.0,0.0,62,1,1
0.0,0.0,108,1,-1
0.0,0.0,62,1,1
0.0,0.0,108,1,-1
0.0,0.0,85,1,1
0.0,0.0,108,1,-1
0.0,0.0,62,1,1
0.0,0.0,108,1,-1
0.0,0.0,85,1,1
0.0,0.0,108,1,-1
0.0,0.0,85,1,1
0.0,0.0,108,1,-1
0.0,0.0,62,1,1
0.0,0.0,108,1,-1
0.0,0.0,85,1,1
0.0,0.0,108,1,-1
0.0,0.0,62,1,1
0.0,0.0,108,1,-1
0.0,0.0,85,1,1
0.0,0.0,108,1,-1
0.0,0.0,118,1,1
0.0,0.0,70,1,-1
-0.000669268,0.000669268,140,2,-1
-0.000206375,0.000206375,205,2,1
0.0,0.0,108,1,-1
0.0,0.0,62,1,1
0.0,0.0,62,1,1
0.0,0.0,283,1,-1
0.0,0.0,146,1,1
0.0,0.0,283,1,-1
0.0,0.0,62,1,1
0.0,0.0,236,1,-1
0.0,0.0,89,1,1
0.0,0.0,108,1,-1
0.0,0.0,108,1,-1
0.0,0.0,62,1,1
0.0,0.0,108,1,-1
0.0,0.0,108,1,-1
0.0,0.0,85,1,1
0.0,0.0,62,1,1
0.0,0.0,108,1,-1
0.0,0.0,108,1,-1
0.0,0.0,85,1,1
0.0,0.0,65,1,1
0.0,0.0,108,1,-1
0.0,0.0,108,1,-1
0.0,0.0,85,1,1
0.0,0.0,62,1,1
0.0,0.0,108,1,-1
0.0,0.0,108,1,-1
0.0,0.0,100,1,1
0.0,0.0,62,1,1
0.0,0.0,108,1,-1
0.0,0.0,108,1,-1
0.0,0.0,85,1,1
0.0,0.0,62,1,1
0.0,0.0,108,1,-1
0.0,0.0,108,1,-1
0.0,0.0,85,1,1
0.0,0.0,62,1,1
0.0,0.0,108,1,-1
0.0,0.0,108,1,-1
0.0,0.0,85,1,1
0.0,0.0,66,1,1
0.0,0.0,108,1,-1
0.0,0.0,108,1,-1
0.0,0.0,85,1,1
0.0,0.0,62,1,1
0.0,0.0,159,1,1
0.0,0.0,108,1,-1
0.0,0.0,108,1,-1
0.0,0.0,85,1,1
-5.01e-07,5.01e-07,217,2,1
0.0,0.0,108,1,-1
0.0,0.0,85,1,1
0.0,0.0,108,1,-1
0.0,0.0,62,1,1
0.0,0.0,108,1,-1
0.0,0.0,85,1,1
0.0,0.0,108,1,-1
0.0,0.0,62,1,1
0.0,0.0,108,1,-1
0.0,0.0,85,1,1
0.0,0.0,108,1,-1
0.0,0.0,85,1,1
0.0,0.0,108,1,-1
0.0,0.0,62,1,1
0.0,0.0,108,1,-1
0.0,0.0,85,1,1
0.0,0.0,157,1,1
0.0,0.0,108,1,-1
0.0,0.0,62,1,1
0.0,0.0,108,1,-1
0.0,0.0,85,1,1
0.0,0.0,108,1,-1
0.0,0.0,85,1,1
0.0,0.0,108,1,-1
0.0,0.0,65,1,1
0.0,0.0,108,1,-1
0.0,0.0,85,1,1
0.0,0.0,108,1,-1
0.0,0.0,62,1,1
0.0,0.0,108,1,-1
0.0,0.0,85,1,1
0.0,0.0,108,1,-1
0.0,0.0,85,1,1
0.0,0.0,108,1,-1
0.0,0.0,85,1,1
0.0,0.0,108,1,-1
0.0,0.0,85,1,1
0.0,0.0,108,1,-1
0.0,0.0,85,1,1
0.0,0.0,108,1,-1
0.0,0.0,89,1,1
Clump Interarrival,Clump Duration,Clump Size,Clump Packets,Clump Direction
0.0,0.0,53,1,-1
0.0,0.0,250,1,1
Clump Interarrival,Clump Duration,Clump Size,Clump Packets,Clump Direction
0.0,0.0,53,1,-1
0.0,0.0,250,1,1
Clump Interarrival,Clump Duration,Clump Size,Clump Packets,Clump Direction
0.0,0.0,53,1,-1
0.0,0.0,87,1,-1
-0.00046657,0.00046657,841,9,-1
0.0,0.0,250,1,1
-9.5207e-05,9.5207e-05,844,5,1
0.0,0.0,200,1,1
0.0,0.0,283,1,1
-0.000253613,0.000253613,410,4,-1
-0.00028501,0.00028501,256,3,-1
0.0,0.0,204,1,1
0.0,0.0,227,1,1
-0.000915878,0.000915878,410,4,-1
0.0,0.0,220,1,1
Clump Interarrival,Clump Duration,Clump Size,Clump Packets,Clump Direction
0.0,0.0,53,1,-1
0.0,0.0,250,1,1
Clump Interarrival,Clump Duration,Clump Size,Clump Packets,Clump Direction
0.0,0.0,53,1,-1
0.0,0.0,250,1,1
Clump Interarrival,Clump Duration,Clump Size,Clump Packets,Clump Direction
0.0,0.0,53,1,-1
0.0,0.0,250,1,1
Clump Interarrival,Clump Duration,Clump Size,Clump Packets,Clump Direction
0.0,0.0,53,1,-1
0.0,0.0,87,1,-1
-2.8663e-05,2.8663e-05,278,2,-1
-0.000116187,0.000116187,205,2,-1
0.0,0.0,250,1,1
-1.31e-07,1.31e-07,235,2,1
Clump Interarrival,Clump Duration,Clump Size,Clump Packets,Clump Direction
0.0,0.0,53,1,-1
0.0,0.0,87,1,-1
-0.000102441,0.000102441,278,2,-1
-7.0131e-05,7.0131e-05,205,2,-1
0.0,0.0,250,1,1
-2.01e-07,2.01e-07,235,2,1
Clump Interarrival,Clump Duration,Clump Size,Clump Packets,Clump Direction
0.0,0.0,222,1,-1
-0.000737542,0.000737542,485,2,1
0.0,0.0,173,1,-1
0.0,0.0,89,1,1
0.0,0.0,153,1,-1
-0.000533312,0.000533312,289,2,1
0.0,0.0,108,1,-1
-3.91e-07,3.91e-07,225,2,1
0.0,0.0,108,1,-1
0.0,0.0,85,1,1
0.0,0.0,108,1,-1
-0.000524158,0.000524158,243,2,1
0.0,0.0,108,1,-1
0.0,0.0,85,1,1
0.0,0.0,159,1,1
0.0,0.0,108,1,-1
0.0,0.0,88,1,1
0.0,0.0,108,1,-1
-0.000466713,0.000466713,240,2,1
0.0,0.0,108,1,-1
-0.0005063,0.0005063,244,2,1
0.0,0.0,108,1,-1
-0.000868145,0.000868145,240,2,1
0.0,0.0,108,1,-1
-0.00049748,0.00049748,240,2,1
0.0,0.0,108,1,-1
0.0,0.0,85,1,1
0.0,0.0,157,1,1
0.0,0.0,108,1,-1
-6.11e-07,6.11e-07,244,2,1
0.0,0.0,108,1,-1
0.0,0.0,88,1,1
0.0,0.0,328,1,1
0.0,0.0,108,1,-1
0.0,0.0,66,1,1
0.0,0.0,108,1,-1
-0.000936621,0.000936621,388,2,1
0.0,0.0,283,1,-1
-0.00057454,0.00057454,396,2,1
0.0,0.0,283,1,-1
0.0,0.0,66,1,1
0.0,0.0,332,1,1
0.0,0.0,283,1,-1
-0.000390393,0.000390393,400,2,1
0.0,0.0,122,1,-1
-0.000822935,0.000822935,260,2,1
0.0,0.0,108,1,-1
-0.000419651,0.000419651,219,2,1
0.0,0.0,108,1,-1
-0.000268214,0.000268214,240,2,1
0.0,0.0,108,1,-1
-0.000695118,0.000695118,240,2,1
0.0,0.0,108,1,-1
0.0,0.0,85,1,1
0.0,0.0,108,1,-1
-0.000540837,0.000540837,244,2,1
0.0,0.0,108,1,-1
0.0,0.0,85,1,1
0.0,0.0,108,1,-1
-0.000248084,0.000248084,242,2,1
0.0,0.0,108,1,-1
-0.000242536,0.000242536,242,2,1
0.0,0.0,108,1,-1
0.0,0.0,85,1,1
0.0,0.0,155,1,1
0.0,0.0,108,1,-1
0.0,0.0,85,1,1
0.0,0.0,108,1,-1
0.0,0.0,85,1,1
0.0,0.0,159,1,1
0.0,0.0,108,1,-1
0.0,0.0,85,1,1
0.0,0.0,108,1,-1
0.0,0.0,85,1,1
0.0,0.0,108,1,-1
0.0,0.0,85,1,1
0.0,0.0,108,1,-1
0.0,0.0,85,1,1
0.0,0.0,108,1,-1
-0.000369993,0.000369993,240,2,1
0.0,0.0,108,1,-1
-0.00057881,0.00057881,240,2,1
0.0,0.0,108,1,-1
-0.00048687,0.00048687,242,2,1
0.0,0.0,108,1,-1
-0.000525028,0.000525028,244,2,1
0.0,0.0,108,1,-1
-0.000493713,0.000493713,242,2,1
0.0,0.0,108,1,-1
-6.32e-07,6.32e-07,244,2,1
0.0,0.0,108,1,-1
-6.21e-07,6.21e-07,242,2,1
0.0,0.0,108,1,-1
-0.000477031,0.000477031,240,2,1
0.0,0.0,108,1,-1
-0.00060527,0.00060527,244,2,1
0.0,0.0,108,1,-1
0.0,0.0,85,1,1
0.0,0.0,108,1,-1
0.0,0.0,85,1,1
0.0,0.0,108,1,-1
-0.000418863,0.000418863,300,2,1
0.0,0.0,108,1,-1
-0.000474452,0.000474452,276,2,1
0.0,0.0,108,1,-1
-6.61e-07,6.61e-07,322,2,1
0.0,0.0,108,1,-1
0.0,0.0,100,1,1
0.0,0.0,155,1,1
0.0,0.0,108,1,-1
0.0,0.0,85,1,1
0.0,0.0,108,1,-1
0.0,0.0,85,1,1
0.0,0.0,108,1,-1
0.0,0.0,85,1,1
0.0,0.0,159,1,1
0.0,0.0,108,1,-1
0.0,0.0,85,1,1
0.0,0.0,157,1,1
0.0,0.0,108,1,-1
0.0,0.0,85,1,1
0.0,0.0,108,1,-1
-0.000279003,0.000279003,248,2,1
0.0,0.0,108,1,-1
0.0,0.0,88,1,1
0.0,0.0,108,1,-1
-0.000165823,0.000165823,244,2,1
0.0,0.0,108,1,-1
0.0,0.0,88,1,1
0.0,0.0,108,1,-1
0.0,0.0,85,1,1
0.0,0.0,108,1,-1
0.0,0.0,85,1,1
0.0,0.0,108,1,-1
0.0,0.0,85,1,1
0.0,0.0,108,1,-1
-0.00018999,0.00018999,242,2,1
0.0,0.0,108,1,-1
-0.000490345,0.000490345,240,2,1
0.0,0.0,108,1,-1
-0.000474013,0.000474013,244,2,1
0.0,0.0,108,1,-1
0.0,0.0,85,1,1
0.0,0.0,108,1,-1
0.0,0.0,85,1,1
0.0,0.0,157,1,1
0.0,0.0,108,1,-1
0.0,0.0,85,1,1
0.0,0.0,108,1,-1
0.0,0.0,85,1,1
0.0,0.0,108,1,-1
-9.32e-07,9.32e-07,244,2,1
0.0,0.0,108,1,-1
0.0,0.0,62,1,1
0.0,0.0,108,1,-1
-0.00049405,0.00049405,242,2,1
0.0,0.0,108,1,-1
-0.00050512,0.00050512,242,2,1
0.0,0.0,108,1,-1
-0.00049855,0.00049855,244,2,1
0.0,0.0,108,1,-1
0.0,0.0,85,1,1
0.0,0.0,159,1,1
0.0,0.0,108,1,-1
0.0,0.0,85,1,1
0.0,0.0,108,1,-1
0.0,0.0,85,1,1
0.0,0.0,108,1,-1
0.0,0.0,85,1,1
0.0,0.0,155,1,1
0.0,0.0,108,1,-1
0.0,0.0,85,1,1
0.0,0.0,108,1,-1
-0.000475582,0.000475582,242,2,1
0.0,0.0,108,1,-1
-0.000408204,0.000408204,244,2,1
0.0,0.0,108,1,-1
-0.000533825,0.000533825,240,2,1
0.0,0.0,108,1,-1
-0.000415987,0.000415987,244,2,1
0.0,0.0,108,1,-1
0.0,0.0,85,1,1
0.0,0.0,157,1,1
0.0,0.0,108,1,-1
-0.000800463,0.000800463,240,2,1
0.0,0.0,108,1,-1
-0.0008698,0.0008698,240,2,1
0.0,0.0,108,1,-1
0.0,0.0,85,1,1
0.0,0.0,108,1,-1
-0.000718997,0.000718997,240,2,1
0.0,0.0,108,1,-1
-0.000396387,0.000396387,240,2,1
0.0,0.0,108,1,-1
-0.000879577,0.000879577,240,2,1
0.0,0.0,108,1,-1
0.0,0.0,85,1,1
0.0,0.0,157,1,1
0.0,0.0,108,1,-1
-0.000271648,0.000271648,244,2,1
0.0,0.0,108,1,-1
-0.000350932,0.000350932,244,2,1
0.0,0.0,108,1,-1
0.0,0.0,85,1,1
0.0,0.0,108,1,-1
-0.000505582,0.000505582,240,2,1
0.0,0.0,108,1,-1
-0.000948742,0.000948742,240,2,1
0.0,0.0,108,1,-1
0.0,0.0,85,1,1
0.0,0.0,108,1,-1
0.0,0.0,85,1,1
0.0,0.0,108,1,-1
0.0,0.0,141,1,1
0.0,0.0,157,1,1
0.0,0.0,108,1,-1
0.0,0.0,121,1,1
0.0,0.0,108,1,-1
-0.000698255,0.000698255,320,2,1
0.0,0.0,108,1,-1
-0.000678887,0.000678887,255,2,1
0.0,0.0,108,1,-1
0.0,0.0,85,1,1
0.0,0.0,108,1,-1
0.0,0.0,85,1,1
0.0,0.0,159,1,1
0.0,0.0,108,1,-1
-0.00046904,0.00046904,244,2,1
0.0,0.0,108,1,-1
-0.00037112,0.00037112,244,2,1
0.0,0.0,108,1,-1
0.0,0.0,85,1,1
0.0,0.0,108,1,-1
0.0,0.0,85,1,1
0.0,0.0,108,1,-1
0.0,0.0,89,1,1
0.0,0.0,108,1,-1
-0.000358285,0.000358285,244,2,1
0.0,0.0,108,1,-1
0.0,0.0,88,1,1
0.0,0.0,155,1,1
0.0,0.0,108,1,-1
-0.000453262,0.000453262,245,2,1
0.0,0.0,108,1,-1
-0.000525088,0.000525088,240,2,1
0.0,0.0,108,1,-1
0.0,0.0,85,1,1
0.0,0.0,108,1,-1
-0.000316914,0.000316914,244,2,1
0.0,0.0,108,1,-1
-6.11e-07,6.11e-07,244,2,1
0.0,0.0,108,1,-1
0.0,0.0,85,1,1
0.0,0.0,159,1,1
0.0,0.0,108,1,-1
0.0,0.0,85,1,1
0.0,0.0,157,1,1
0.0,0.0,108,1,-1
-0.000162976,0.000162976,240,2,1
0.0,0.0,108,1,-1
0.0,0.0,85,1,1
0.0,0.0,108,1,-1
0.0,0.0,85,1,1
0.0,0.0,108,1,-1
-0.000364185,0.000364185,244,2,1
0.0,0.0,108,1,-1
0.0,0.0,85,1,1
0.0,0.0,157,1,1
0.0,0.0,108,1,-1
-0.000307025,0.000307025,242,2,1
0.0,0.0,108,1,-1
-0.000849255,0.000849255,242,2,1
0.0,0.0,108,1,-1
-0.000451712,0.000451712,244,2,1
0.0,0.0,108,1,-1
-0.000331883,0.000331883,240,2,1
0.0,0.0,108,1,-1
-0.000296712,0.000296712,240,2,1
0.0,0.0,108,1,-1
0.0,0.0,85,1,1
0.0,0.0,155,1,1
0.0,0.0,108,1,-1
-0.0003928,0.0003928,240,2,1
0.0,0.0,108,1,-1
0.0,0.0,85,1,1
0.0,0.0,108,1,-1
0.0,0.0,85,1,1
0.0,0.0,108,1,-1
0.0,0.0,85,1,1
0.0,0.0,108,1,-1
0.0,0.0,85,1,1
0.0,0.0,108,1,-1
0.0,0.0,85,1,1
0.0,0.0,155,1,1
0.0,0.0,108,1,-1
0.0,0.0,85,1,1
0.0,0.0,108,1,-1
0.0,0.0,85,1,1
0.0,0.0,108,1,-1
-0.000475189,0.000475189,240,2,1
0.0,0.0,108,1,-1
-0.000412809,0.000412809,244,2,1
0.0,0.0,108,1,-1
-0.00039478,0.00039478,240,2,1
0.0,0.0,108,1,-1
0.0,0.0,85,1,1
0.0,0.0,155,1,1
0.0,0.0,108,1,-1
-0.00049619,0.00049619,242,2,1
0.0,0.0,108,1,-1
0.0,0.0,85,1,1
0.0,0.0,108,1,-1
-0.000528442,0.000528442,242,2,1
0.0,0.0,108,1,-1
-0.000480927,0.000480927,240,2,1
0.0,0.0,108,1,-1
0.0,0.0,85,1,1
0.0,0.0,155,1,1
0.0,0.0,108,1,-1
-0.000685302,0.000685302,242,2,1
0.0,0.0,108,1,-1
0.0,0.0,85,1,1
0.0,0.0,108,1,-1
-0.000666749,0.000666749,242,2,1
0.0,0.0,108,1,-1
-0.000476311,0.000476311,296,2,1
0.0,0.0,108,1,-1
-0.000472009,0.000472009,280,2,1
0.0,0.0,108,1,-1
0.0,0.0,165,1,1
0.0,0.0,108,1,-1
-0.000252038,0.000252038,257,2,1
0.0,0.0,108,1,-1
-0.000592484,0.000592484,242,2,1
0.0,0.0,108,1,-1
-1.402e-06,1.402e-06,242,2,1
0.0,0.0,108,1,-1
-0.000290101,0.000290101,242,2,1
0.0,0.0,108,1,-1
-0.00073676,0.00073676,242,2,1
0.0,0.0,108,1,-1
-1.894e-06,1.894e-06,242,2,1
0.0,0.0,108,1,-1
0.0,0.0,85,1,1
0.0,0.0,159,1,1
0.0,0.0,108,1,-1
0.0,0.0,89,1,1
0.0,0.0,159,1,1
0.0,0.0,108,1,-1
0.0,0.0,85,1,1
0.0,0.0,108,1,-1
-0.000627101,0.000627101,274,2,1
0.0,0.0,222,1,-1
0.0,0.0,128,1,-1
-0.00088942,0.00088942,513,3,1
0.0,0.0,108,1,-1
-2.264e-06,2.264e-06,245,2,1
0.0,0.0,173,1,-1
-0.000675123,0.000675123,352,2,1
0.0,0.0,108,1,-1
0.0,0.0,85,1,1
0.0,0.0,143,1,-1
0.0,0.0,66,1,1
0.0,0.0,190,1,1
0.0,0.0,108,1,-1
-3.51e-07,3.51e-07,244,2,1
0.0,0.0,108,1,-1
-0.000734187,0.000734187,220,2,1
0.0,0.0,108,1,-1
-0.00037834,0.00037834,242,2,1
0.0,0.0,108,1,-1
-0.000190999,0.000190999,219,2,1
0.0,0.0,108,1,-1
-0.000165339,0.000165339,242,2,1
0.0,0.0,108,1,-1
-0.000188474,0.000188474,221,2,1
0.0,0.0,108,1,-1
-0.000761971,0.000761971,242,2,1
0.0,0.0,108,1,-1
-0.000245283,0.000245283,217,2,1
0.0,0.0,108,1,-1
0.0,0.0,85,1,1
0.0,0.0,108,1,-1
-0.000639474,0.000639474,219,2,1
0.0,0.0,108,1,-1
-0.000605385,0.000605385,240,2,1
0.0,0.0,108,1,-1
0.0,0.0,62,1,1
0.0,0.0,157,1,1
0.0,0.0,108,1,-1
0.0,0.0,85,1,1
0.0,0.0,159,1,1
0.0,0.0,108,1,-1
-6.42e-07,6.42e-07,217,2,1
0.0,0.0,108,1,-1
-0.000405072,0.000405072,240,2,1
0.0,0.0,108,1,-1
-0.000446899,0.000446899,219,2,1
0.0,0.0,108,1,-1
-0.000198941,0.000198941,244,2,1
0.0,0.0,108,1,-1
0.0,0.0,85,1,1
0.0,0.0,108,1,-1
-0.000408277,0.000408277,217,2,1
0.0,0.0,108,1,-1
-0.000409767,0.000409767,242,2,1
0.0,0.0,108,1,-1
-0.000375975,0.000375975,221,2,1
0.0,0.0,108,1,-1
-5.01e-07,5.01e-07,240,2,1
0.0,0.0,108,1,-1
0.0,0.0,85,1,1
0.0,0.0,108,1,-1
-0.000323671,0.000323671,221,2,1
0.0,0.0,108,1,-1
-0.000704599,0.000704599,244,2,1
0.0,0.0,108,1,-1
-3.6e-07,3.6e-07,221,2,1
0.0,0.0,108,1,-1
0.0,0.0,85,1,1
0.0,0.0,108,1,-1
-0.000708517,0.000708517,221,2,1
0.0,0.0,108,1,-1
-0.000511684,0.000511684,242,2,1
0.0,0.0,108,1,-1
0.0,0.0,62,1,1
0.0,0.0,108,1,-1
-0.000418374,0.000418374,240,2,1
0.0,0.0,108,1,-1
-0.000512779,0.000512779,219,2,1
0.0,0.0,108,1,-1
0.0,0.0,85,1,1
0.0,0.0,157,1,1
0.0,0.0,108,1,-1
-0.000462148,0.000462148,221,2,1
0.0,0.0,108,1,-1
0.0,0.0,108,1,-1
-0.000911979,0.000911979,240,2,1
-0.000446401,0.000446401,221,2,1
0.0,0.0,108,1,-1
0.0,0.0,108,1,-1
-0.000838457,0.000838457,244,2,1
-0.000491017,0.000491017,217,2,1
0.0,0.0,108,1,-1
-0.00017104,0.00017104,285,2,1
0.0,0.0,137,1,-1
-0.000788116,0.000788116,253,2,1
-0.000624637,0.000624637,216,2,-1
-0.000604596,0.000604596,283,3,1
0.0,0.0,108,1,-1
0.0,0.0,108,1,-1
-0.000534931,0.000534931,242,2,1
0.0,0.0,108,1,-1
0.0,0.0,108,1,-1
-0.000355395,0.000355395,221,2,1
0.0,0.0,62,1,1
0.0,0.0,157,1,1
0.0,0.0,108,1,-1
0.0,0.0,108,1,-1
0.0,0.0,85,1,1
0.0,0.0,159,1,1
-0.000453838,0.000453838,244,2,1
0.0,0.0,108,1,-1
0.0,0.0,108,1,-1
-0.000579337,0.000579337,242,2,1
-5.21e-07,5.21e-07,221,2,1
0.0,0.0,108,1,-1
0.0,0.0,108,1,-1
-0.000664367,0.000664367,242,2,1
0.0,0.0,62,1,1
0.0,0.0,108,1,-1
0.0,0.0,108,1,-1
0.0,0.0,85,1,1
0.0,0.0,159,1,1
-0.000224703,0.000224703,221,2,1
0.0,0.0,108,1,-1
0.0,0.0,108,1,-1
-0.000226463,0.000226463,240,2,1
-0.000478729,0.000478729,219,2,1
0.0,0.0,108,1,-1
0.0,0.0,108,1,-1
0.0,0.0,85,1,1
0.0,0.0,62,1,1
0.0,0.0,108,1,-1
0.0,0.0,108,1,-1
0.0,0.0,85,1,1
0.0,0.0,62,1,1
0.0,0.0,108,1,-1
0.0,0.0,108,1,-1
-0.000304857,0.000304857,242,2,1
-0.000417391,0.000417391,277,2,1
0.0,0.0,108,1,-1
0.0,0.0,108,1,-1
0.0,0.0,85,1,1
0.0,0.0,159,1,1
0.0,0.0,108,1,-1
-0.000876819,0.000876819,217,2,1
-0.000532135,0.000532135,217,2,1
0.0,0.0,108,1,-1
0.0,0.0,121,1,1
0.0,0.0,108,1,-1
-0.000277014,0.000277014,221,2,1
0.0,0.0,108,1,-1
0.0,0.0,165,1,1
0.0,0.0,108,1,-1
-0.000569818,0.000569818,217,2,1
0.0,0.0,108,1,-1
0.0,0.0,108,1,-1
-0.000462358,0.000462358,259,2,1
-0.00043052,0.00043052,217,2,1
0.0,0.0,108,1,-1
0.0,0.0,108,1,-1
0.0,0.0,85,1,1
0.0,0.0,157,1,1
0.0,0.0,85,1,1
0.0,0.0,155,1,1
0.0,0.0,108,1,-1
-0.000732451,0.000732451,221,2,1
0.0,0.0,108,1,-1
0.0,0.0,85,1,1
0.0,0.0,155,1,1
0.0,0.0,108,1,-1
-0.00043144,0.00043144,240,2,1
0.0,0.0,108,1,-1
-0.00039961,0.00039961,221,2,1
0.0,0.0,108,1,-1
0.0,0.0,108,1,-1
-0.000232548,0.000232548,242,2,1
0.0,0.0,62,1,1
0.0,0.0,108,1,-1
0.0,0.0,108,1,-1
-6.11e-07,6.11e-07,147,2,1
0.0,0.0,108,1,-1
0.0,0.0,108,1,-1
-0.000463753,0.000463753,248,2,1
-0.000902033,0.000902033,219,2,1
0.0,0.0,108,1,-1
0.0,0.0,108,1,-1
-0.000892087,0.000892087,240,2,1
-0.000510092,0.000510092,281,2,1
0.0,0.0,108,1,-1
-0.000503118,0.000503118,244,2,1
0.0,0.0,108,1,-1
-0.000316198,0.000316198,242,2,1
0.0,0.0,108,1,-1
-0.000626957,0.000626957,240,2,1
0.0,0.0,108,1,-1
-0.000202099,0.000202099,240,2,1
0.0,0.0,108,1,-1
-0.000892561,0.000892561,245,2,1
0.0,0.0,108,1,-1
-0.000541075,0.000541075,244,2,1
0.0,0.0,108,1,-1
-0.000231105,0.000231105,301,2,1
Clump Interarrival,Clump Duration,Clump Size,Clump Packets,Clump Direction
0.0,0.0,222,1,-1
-6.01e-07,6.01e-07,489,2,1
0.0,0.0,173,1,-1
0.0,0.0,89,1,1
0.0,0.0,284,1,1
0.0,0.0,153,1,-1
0.0,0.0,89,1,1
0.0,0.0,200,1,1
0.0,0.0,108,1,-1
0.0,0.0,66,1,1
0.0,0.0,108,1,-1
-0.000716269,0.000716269,243,2,1
0.0,0.0,108,1,-1
-0.000489433,0.000489433,245,2,1
0.0,0.0,108,1,-1
-0.000855457,0.000855457,244,2,1
0.0,0.0,108,1,-1
0.0,0.0,85,1,1
0.0,0.0,155,1,1
0.0,0.0,108,1,-1
0.0,0.0,85,1,1
0.0,0.0,108,1,-1
0.0,0.0,85,1,1
0.0,0.0,108,1,-1
-0.000999583,0.000999583,240,2,1
0.0,0.0,108,1,-1
0.0,0.0,85,1,1
0.0,0.0,157,1,1
0.0,0.0,108,1,-1
0.0,0.0,85,1,1
0.0,0.0,157,1,1
0.0,0.0,108,1,-1
-0.000494168,0.000494168,244,2,1
0.0,0.0,108,1,-1
-0.000242064,0.000242064,240,2,1
0.0,0.0,108,1,-1
0.0,0.0,85,1,1
0.0,0.0,108,1,-1
0.0,0.0,88,1,1
0.0,0.0,108,1,-1
-0.000602434,0.000602434,393,2,1
0.0,0.0,108,1,-1
-0.00027535,0.00027535,413,2,1
0.0,0.0,108,1,-1
-0.000690979,0.000690979,252,2,1
0.0,0.0,283,1,-1
-0.000671358,0.000671358,396,2,1
0.0,0.0,283,1,-1
0.0,0.0,62,1,1
0.0,0.0,283,1,-1
-0.000640109,0.000640109,398,2,1
0.0,0.0,122,1,-1
-7.52e-07,7.52e-07,237,2,1
-0.000179148,0.000179148,242,2,1
0.0,0.0,108,1,-1
0.0,0.0,85,1,1
0.0,0.0,155,1,1
0.0,0.0,108,1,-1
-0.000654685,0.000654685,240,2,1
0.0,0.0,108,1,-1
-0.00071656,0.00071656,240,2,1
0.0,0.0,108,1,-1
-0.000358935,0.000358935,242,2,1
0.0,0.0,108,1,-1
0.0,0.0,85,1,1
0.0,0.0,157,1,1
0.0,0.0,108,1,-1
-4.6e-07,4.6e-07,244,2,1
0.0,0.0,108,1,-1
-0.000388103,0.000388103,242,2,1
0.0,0.0,108,1,-1
0.0,0.0,88,1,1
0.0,0.0,207,1,1
0.0,0.0,222,1,-1
0.0,0.0,128,1,-1
-0.000509813,0.000509813,626,3,1
0.0,0.0,108,1,-1
-0.00077734,0.00077734,242,2,1
0.0,0.0,173,1,-1
-0.000265157,0.000265157,352,2,1
0.0,0.0,108,1,-1
-0.000185058,0.000185058,244,2,1
0.0,0.0,155,1,-1
0.0,0.0,65,1,1
0.0,0.0,283,1,-1
-0.000900199,0.000900199,392,2,1
0.0,0.0,240,1,-1
-0.000667706,0.000667706,355,2,1
0.0,0.0,108,1,-1
-0.000955107,0.000955107,240,2,1
0.0,0.0,108,1,-1
-0.000725865,0.000725865,221,2,1
0.0,0.0,108,1,-1
0.0,0.0,85,1,1
0.0,0.0,157,1,1
0.0,0.0,108,1,-1
-0.000565021,0.000565021,217,2,1
0.0,0.0,108,1,-1
0.0,0.0,85,1,1
0.0,0.0,108,1,-1
-0.000951448,0.000951448,222,2,1
0.0,0.0,108,1,-1
-7.02e-07,7.02e-07,245,2,1
0.0,0.0,108,1,-1
-0.000258372,0.000258372,275,2,1
0.0,0.0,108,1,-1
0.0,0.0,86,1,1
0.0,0.0,159,1,1
0.0,0.0,108,1,-1
-0.000569348,0.000569348,222,2,1
0.0,0.0,108,1,-1
-0.000735107,0.000735107,281,2,1
0.0,0.0,108,1,-1
-6.11e-07,6.11e-07,220,2,1
0.0,0.0,108,1,-1
-0.000781909,0.000781909,324,2,1
0.0,0.0,108,1,-1
-0.000694004,0.000694004,217,2,1
0.0,0.0,108,1,-1
-0.000745556,0.000745556,242,2,1
0.0,0.0,108,1,-1
-0.000565966,0.000565966,217,2,1
0.0,0.0,108,1,-1
0.0,0.0,108,1,-1
-0.000503666,0.000503666,244,2,1
0.0,0.0,62,1,1
0.0,0.0,157,1,1
0.0,0.0,108,1,-1
0.0,0.0,108,1,-1
-0.000216739,0.000216739,240,2,1
-0.000747619,0.000747619,219,2,1
0.0,0.0,108,1,-1
-0.000254263,0.000254263,242,2,1
0.0,0.0,108,1,-1
0.0,0.0,85,1,1
0.0,0.0,155,1,1
0.0,0.0,108,1,-1
0.0,0.0,108,1,-1
0.0,0.0,100,1,1
0.0,0.0,155,1,1
0.0,0.0,62,1,1
0.0,0.0,108,1,-1
0.0,0.0,108,1,-1
0.0,0.0,85,1,1
0.0,0.0,159,1,1
0.0,0.0,62,1,1
0.0,0.0,159,1,1
0.0,0.0,108,1,-1
-0.000568197,0.000568197,240,2,1
0.0,0.0,108,1,-1
-0.000444487,0.000444487,217,2,1
0.0,0.0,108,1,-1
0.0,0.0,85,1,1
0.0,0.0,108,1,-1
-0.000451662,0.000451662,219,2,1
0.0,0.0,108,1,-1
-0.000891128,0.000891128,240,2,1
0.0,0.0,108,1,-1
-4.41e-07,4.41e-07,217,2,1
0.0,0.0,108,1,-1
-0.000453063,0.000453063,248,2,1
0.0,0.0,108,1,-1
-0.000378117,0.000378117,220,2,1
0.0,0.0,108,1,-1
-0.000916235,0.000916235,244,2,1
0.0,0.0,108,1,-1
-0.000482361,0.000482361,217,2,1
0.0,0.0,108,1,-1
-8.7392e-05,8.7392e-05,240,2,1
0.0,0.0,108,1,-1
0.0,0.0,65,1,1
0.0,0.0,157,1,1
0.0,0.0,108,1,-1
0.0,0.0,85,1,1
0.0,0.0,108,1,-1
-0.000801991,0.000801991,221,2,1
0.0,0.0,108,1,-1
0.0,0.0,89,1,1
0.0,0.0,202,1,1
0.0,0.0,222,1,-1
0.0,0.0,108,1,-1
0.0,0.0,128,1,-1
0.0,0.0,85,1,1
0.0,0.0,381,1,1
0.0,0.0,108,1,-1
0.0,0.0,62,1,1
0.0,0.0,173,1,-1
0.0,0.0,108,1,-1
0.0,0.0,89,1,1
0.0,0.0,108,1,-1
0.0,0.0,62,1,1
0.0,0.0,157,1,1
0.0,0.0,151,1,-1
0.0,0.0,108,1,-1
0.0,0.0,88,1,1
0.0,0.0,198,1,1
0.0,0.0,108,1,-1
-0.000639192,0.000639192,219,2,1
-0.000458432,0.000458432,217,2,1
0.0,0.0,108,1,-1
-0.000759483,0.000759483,219,2,1
0.0,0.0,108,1,-1
-0.00054674,0.00054674,244,2,1
0.0,0.0,108,1,-1
0.0,0.0,108,1,-1
-0.000710101,0.000710101,221,2,1
-0.000736573,0.000736573,221,2,1
0.0,0.0,108,1,-1
-9.22e-07,9.22e-07,240,2,1
0.0,0.0,108,1,-1
0.0,0.0,108,1,-1
0.0,0.0,62,1,1
0.0,0.0,157,1,1
-0.000816054,0.000816054,221,2,1
0.0,0.0,108,1,-1
0.0,0.0,85,1,1
0.0,0.0,108,1,-1
0.0,0.0,155,1,1
-0.000567527,0.000567527,219,2,1
0.0,0.0,108,1,-1
-0.000813037,0.000813037,217,2,1
0.0,0.0,108,1,-1
-0.000515293,0.000515293,240,2,1
0.0,0.0,108,1,-1
0.0,0.0,108,1,-1
-0.00083028,0.00083028,221,2,1
0.0,0.0,62,1,1
0.0,0.0,159,1,1
0.0,0.0,108,1,-1
0.0,0.0,108,1,-1
0.0,0.0,85,1,1
0.0,0.0,159,1,1
0.0,0.0,108,1,-1
0.0,0.0,62,1,1
0.0,0.0,157,1,1
0.0,0.0,85,1,1
0.0,0.0,155,1,1
0.0,0.0,108,1,-1
0.0,0.0,108,1,-1
-0.000809519,0.000809519,219,2,1
0.0,0.0,85,1,1
0.0,0.0,108,1,-1
0.0,0.0,62,1,1
0.0,0.0,157,1,1
0.0,0.0,108,1,-1
0.0,0.0,108,1,-1
0.0,0.0,85,1,1
0.0,0.0,108,1,-1
0.0,0.0,62,1,1
0.0,0.0,62,1,1
0.0,0.0,108,1,-1
0.0,0.0,108,1,-1
0.0,0.0,85,1,1
0.0,0.0,108,1,-1
-0.000834678,0.000834678,221,2,1
-0.00092843,0.00092843,217,2,1
0.0,0.0,108,1,-1
0.0,0.0,85,1,1
0.0,0.0,157,1,1
0.0,0.0,108,1,-1
0.0,0.0,108,1,-1
-0.000748536,0.000748536,219,2,1
0.0,0.0,62,1,1
0.0,0.0,155,1,1
0.0,0.0,108,1,-1
0.0,0.0,108,1,-1
0.0,0.0,85,1,1
0.0,0.0,157,1,1
0.0,0.0,108,1,-1
-0.000709148,0.000709148,219,2,1
-0.000907578,0.000907578,217,2,1
0.0,0.0,108,1,-1
0.0,0.0,108,1,-1
-0.000353307,0.000353307,242,2,1
0.0,0.0,62,1,1
0.0,0.0,108,1,-1
-0.000718417,0.000718417,219,2,1
0.0,0.0,108,1,-1
0.0,0.0,108,1,-1
0.0,0.0,85,1,1
0.0,0.0,108,1,-1
-0.00077162,0.00077162,219,2,1
0.0,0.0,62,1,1
0.0,0.0,108,1,-1
0.0,0.0,108,1,-1
0.0,0.0,85,1,1
0.0,0.0,108,1,-1
-0.000796417,0.000796417,217,2,1
0.0,0.0,62,1,1
0.0,0.0,157,1,1
0.0,0.0,108,1,-1
0.0,0.0,108,1,-1
-0.000841756,0.000841756,242,2,1
0.0,0.0,108,1,-1
-0.000960056,0.000960056,219,2,1
0.0,0.0,85,1,1
0.0,0.0,159,1,1
0.0,0.0,108,1,-1
0.0,0.0,108,1,-1
-0.000437184,0.000437184,221,2,1
0.0,0.0,62,1,1
0.0,0.0,108,1,-1
0.0,0.0,85,1,1
0.0,0.0,108,1,-1
0.0,0.0,108,1,-1
-0.000254597,0.000254597,240,2,1
0.0,0.0,108,1,-1
0.0,0.0,62,1,1
0.0,0.0,155,1,1
0.0,0.0,62,1,1
0.0,0.0,108,1,-1
0.0,0.0,108,1,-1
0.0,0.0,85,1,1
0.0,0.0,108,1,-1
-0.000424339,0.000424339,217,2,1
-0.000337429,0.000337429,219,2,1
0.0,0.0,108,1,-1
0.0,0.0,108,1,-1
0.0,0.0,85,1,1
0.0,0.0,159,1,1
0.0,0.0,108,1,-1
0.0,0.0,62,1,1
0.0,0.0,155,1,1
-0.000704475,0.000704475,217,2,1
0.0,0.0,108,1,-1
0.0,0.0,108,1,-1
0.0,0.0,85,1,1
0.0,0.0,159,1,1
0.0,0.0,108,1,-1
0.0,0.0,62,1,1
0.0,0.0,62,1,1
0.0,0.0,155,1,1
0.0,0.0,108,1,-1
0.0,0.0,108,1,-1
0.0,0.0,85,1,1
0.0,0.0,62,1,1
0.0,0.0,108,1,-1
-0.000673184,0.000673184,219,2,1
0.0,0.0,108,1,-1
0.0,0.0,108,1,-1
-6.21e-07,6.21e-07,240,2,1
0.0,0.0,62,1,1
0.0,0.0,108,1,-1
-0.000526386,0.000526386,217,2,1
0.0,0.0,108,1,-1
0.0,0.0,108,1,-1
0.0,0.0,85,1,1
0.0,0.0,155,1,1
0.0,0.0,62,1,1
0.0,0.0,159,1,1
0.0,0.0,108,1,-1
-0.000925786,0.000925786,217,2,1
0.0,0.0,108,1,-1
0.0,0.0,108,1,-1
-0.000307881,0.000307881,244,2,1
0.0,0.0,62,1,1
0.0,0.0,155,1,1
0.0,0.0,108,1,-1
0.0,0.0,85,1,1
0.0,0.0,155,1,1
0.0,0.0,108,1,-1
0.0,0.0,108,1,-1
-0.000419017,0.000419017,219,2,1
-0.00027971,0.00027971,219,2,1
0.0,0.0,108,1,-1
-0.000248714,0.000248714,244,2,1
0.0,0.0,108,1,-1
0.0,0.0,108,1,-1
-0.000528631,0.000528631,273,2,1
-0.000372657,0.000372657,221,2,1
0.0,0.0,108,1,-1
-0.000327588,0.000327588,244,2,1
0.0,0.0,108,1,-1
0.0,0.0,108,1,-1
0.0,0.0,66,1,1
-6.21e-07,6.21e-07,309,2,1
0.0,0.0,108,1,-1
-0.000825117,0.000825117,320,2,1
0.0,0.0,108,1,-1
0.0,0.0,62,1,1
0.0,0.0,108,1,-1
-0.000675235,0.000675235,242,2,1
0.0,0.0,108,1,-1
-0.000928838,0.000928838,217,2,1
0.0,0.0,108,1,-1
-6.01e-07,6.01e-07,244,2,1
0.0,0.0,108,1,-1
-0.00095119,0.00095119,244,2,1
0.0,0.0,108,1,-1
-0.000552244,0.000552244,217,2,1
0.0,0.0,108,1,-1
-0.00027743,0.00027743,244,2,1
0.0,0.0,108,1,-1
-0.000793143,0.000793143,280,2,1
0.0,0.0,108,1,-1
-5.31e-07,5.31e-07,255,2,1
0.0,0.0,108,1,-1
0.0,0.0,85,1,1
0.0,0.0,157,1,1
0.0,0.0,108,1,-1
0.0,0.0,85,1,1
0.0,0.0,159,1,1
0.0,0.0,108,1,-1
0.0,0.0,85,1,1
0.0,0.0,157,1,1
0.0,0.0,108,1,-1
0.0,0.0,85,1,1
0.0,0.0,108,1,-1
0.0,0.0,88,1,1
Clump Interarrival,Clump Duration,Clump Size,Clump Packets,Clump Direction
0.0,0.0,222,1,-1
0.0,0.0,93,1,1
0.0,0.0,173,1,-1
0.0,0.0,261,1,1
0.0,0.0,153,1,-1
0.0,0.0,89,1,1
0.0,0.0,108,1,-1
0.0,0.0,65,1,1
0.0,0.0,108,1,-1
0.0,0.0,88,1,1
0.0,0.0,108,1,-1
0.0,0.0,89,1,1
0.0,0.0,108,1,-1
0.0,0.0,85,1,1
0.0,0.0,108,1,-1
0.0,0.0,85,1,1
0.0,0.0,108,1,-1
0.0,0.0,85,1,1
0.0,0.0,108,1,-1
0.0,0.0,85,1,1
0.0,0.0,108,1,-1
0.0,0.0,85,1,1
0.0,0.0,108,1,-1
0.0,0.0,85,1,1
0.0,0.0,108,1,-1
0.0,0.0,85,1,1
0.0,0.0,108,1,-1
0.0,0.0,85,1,1
0.0,0.0,108,1,-1
0.0,0.0,85,1,1
0.0,0.0,108,1,-1
0.0,0.0,85,1,1
0.0,0.0,108,1,-1
0.0,0.0,85,1,1
0.0,0.0,108,1,-1
0.0,0.0,85,1,1
0.0,0.0,108,1,-1
0.0,0.0,85,1,1
0.0,0.0,108,1,-1
0.0,0.0,85,1,1
0.0,0.0,108,1,-1
0.0,0.0,85,1,1
0.0,0.0,108,1,-1
0.0,0.0,85,1,1
0.0,0.0,108,1,-1
0.0,0.0,85,1,1
0.0,0.0,108,1,-1
0.0,0.0,85,1,1
0.0,0.0,108,1,-1
0.0,0.0,85,1,1
0.0,0.0,108,1,-1
0.0,0.0,85,1,1
0.0,0.0,108,1,-1
0.0,0.0,85,1,1
0.0,0.0,108,1,-1
0.0,0.0,85,1,1
0.0,0.0,108,1,-1
0.0,0.0,88,1,1
0.0,0.0,108,1,-1
0.0,0.0,104,1,1
0.0,0.0,108,1,-1
0.0,0.0,66,1,1
0.0,0.0,283,1,-1
0.0,0.0,66,1,1
0.0,0.0,283,1,-1
-6.32e-07,6.32e-07,398,2,1
0.0,0.0,283,1,-1
0.0,0.0,66,1,1
0.0,0.0,122,1,-1
0.0,0.0,66,1,1
0.0,0.0,108,1,-1
0.0,0.0,62,1,1
0.0,0.0,108,1,-1
0.0,0.0,85,1,1
0.0,0.0,108,1,-1
0.0,0.0,85,1,1
0.0,0.0,108,1,-1
0.0,0.0,85,1,1
0.0,0.0,108,1,-1
0.0,0.0,85,1,1
0.0,0.0,108,1,-1
0.0,0.0,85,1,1
0.0,0.0,108,1,-1
-0.000245269,0.000245269,240,2,1
0.0,0.0,108,1,-1
0.0,0.0,85,1,1
0.0,0.0,108,1,-1
0.0,0.0,85,1,1
0.0,0.0,108,1,-1
0.0,0.0,85,1,1
0.0,0.0,108,1,-1
0.0,0.0,85,1,1
0.0,0.0,108,1,-1
0.0,0.0,85,1,1
0.0,0.0,108,1,-1
0.0,0.0,85,1,1
0.0,0.0,108,1,-1
0.0,0.0,85,1,1
0.0,0.0,108,1,-1
0.0,0.0,89,1,1
0.0,0.0,222,1,-1
0.0,0.0,128,1,-1
-3.61e-07,3.61e-07,449,2,1
0.0,0.0,108,1,-1
0.0,0.0,85,1,1
0.0,0.0,173,1,-1
0.0,0.0,122,1,1
0.0,0.0,108,1,-1
0.0,0.0,201,1,1
0.0,0.0,151,1,-1
0.0,0.0,65,1,1
0.0,0.0,159,1,-1
0.0,0.0,66,1,1
0.0,0.0,128,1,-1
0.0,0.0,65,1,1
0.0,0.0,108,1,-1
0.0,0.0,88,1,1
0.0,0.0,108,1,-1
0.0,0.0,88,1,1
0.0,0.0,108,1,-1
0.0,0.0,85,1,1
0.0,0.0,108,1,-1
0.0,0.0,85,1,1
0.0,0.0,108,1,-1
0.0,0.0,85,1,1
0.0,0.0,108,1,-1
0.0,0.0,85,1,1
0.0,0.0,108,1,-1
0.0,0.0,85,1,1
0.0,0.0,108,1,-1
0.0,0.0,85,1,1
0.0,0.0,108,1,-1
0.0,0.0,89,1,1
0.0,0.0,108,1,-1
0.0,0.0,85,1,1
0.0,0.0,108,1,-1
0.0,0.0,85,1,1
0.0,0.0,108,1,-1
0.0,0.0,85,1,1
0.0,0.0,108,1,-1
0.0,0.0,85,1,1
0.0,0.0,108,1,-1
0.0,0.0,85,1,1
0.0,0.0,108,1,-1
0.0,0.0,85,1,1
0.0,0.0,108,1,-1
0.0,0.0,85,1,1
0.0,0.0,108,1,-1
0.0,0.0,85,1,1
0.0,0.0,108,1,-1
0.0,0.0,85,1,1
0.0,0.0,108,1,-1
0.0,0.0,85,1,1
0.0,0.0,108,1,-1
0.0,0.0,85,1,1
0.0,0.0,108,1,-1
0.0,0.0,85,1,1
0.0,0.0,108,1,-1
-3e-07,3e-07,242,2,1
0.0,0.0,108,1,-1
0.0,0.0,85,1,1
0.0,0.0,108,1,-1
0.0,0.0,85,1,1
0.0,0.0,108,1,-1
0.0,0.0,85,1,1
0.0,0.0,108,1,-1
0.0,0.0,100,1,1
0.0,0.0,108,1,-1
0.0,0.0,85,1,1
0.0,0.0,108,1,-1
0.0,0.0,85,1,1
0.0,0.0,108,1,-1
0.0,0.0,85,1,1
0.0,0.0,155,1,1
0.0,0.0,108,1,-1
0.0,0.0,85,1,1
0.0,0.0,108,1,-1
0.0,0.0,85,1,1
0.0,0.0,108,1,-1
-4.91e-07,4.91e-07,244,2,1
0.0,0.0,108,1,-1
0.0,0.0,85,1,1
0.0,0.0,108,1,-1
0.0,0.0,85,1,1
0.0,0.0,108,1,-1
0.0,0.0,85,1,1
0.0,0.0,108,1,-1
0.0,0.0,85,1,1
0.0,0.0,108,1,-1
0.0,0.0,85,1,1
0.0,0.0,108,1,-1
0.0,0.0,85,1,1
0.0,0.0,108,1,-1
0.0,0.0,85,1,1
0.0,0.0,108,1,-1
0.0,0.0,85,1,1
0.0,0.0,108,1,-1
0.0,0.0,85,1,1
0.0,0.0,108,1,-1
0.0,0.0,85,1,1
0.0,0.0,108,1,-1
0.0,0.0,85,1,1
0.0,0.0,108,1,-1
0.0,0.0,85,1,1
0.0,0.0,222,1,-1
0.0,0.0,128,1,-1
0.0,0.0,66,1,1
0.0,0.0,108,1,-1
0.0,0.0,62,1,1
0.0,0.0,173,1,-1
0.0,0.0,88,1,1
0.0,0.0,108,1,-1
0.0,0.0,257,1,1
0.0,0.0,149,1,-1
0.0,0.0,65,1,1
0.0,0.0,108,1,-1
0.0,0.0,62,1,1
0.0,0.0,108,1,-1
0.0,0.0,85,1,1
0.0,0.0,108,1,-1
0.0,0.0,62,1,1
0.0,0.0,108,1,-1
0.0,0.0,85,1,1
0.0,0.0,108,1,-1
0.0,0.0,62,1,1
0.0,0.0,108,1,-1
0.0,0.0,85,1,1
0.0,0.0,108,1,-1
0.0,0.0,65,1,1
0.0,0.0,108,1,-1
0.0,0.0,88,1,1
0.0,0.0,108,1,-1
0.0,0.0,62,1,1
0.0,0.0,108,1,-1
0.0,0.0,85,1,1
0.0,0.0,108,1,-1
0.0,0.0,62,1,1
0.0,0.0,108,1,-1
0.0,0.0,85,1,1
0.0,0.0,108,1,-1
0.0,0.0,62,1,1
0.0,0.0,108,1,-1
0.0,0.0,85,1,1
0.0,0.0,108,1,-1
0.0,0.0,62,1,1
0.0,0.0,108,1,-1
0.0,0.0,85,1,1
0.0,0.0,108,1,-1
0.0,0.0,62,1,1
0.0,0.0,108,1,-1
0.0,0.0,85,1,1
0.0,0.0,108,1,-1
0.0,0.0,62,1,1
0.0,0.0,108,1,-1
-4.51e-07,4.51e-07,240,2,1
0.0,0.0,108,1,-1
0.0,0.0,62,1,1
0.0,0.0,108,1,-1
0.0,0.0,85,1,1
0.0,0.0,108,1,-1
0.0,0.0,62,1,1
0.0,0.0,108,1,-1
0.0,0.0,89,1,1
0.0,0.0,108,1,-1
0.0,0.0,62,1,1
0.0,0.0,108,1,-1
0.0,0.0,85,1,1
0.0,0.0,108,1,-1
0.0,0.0,85,1,1
0.0,0.0,108,1,-1
0.0,0.0,62,1,1
0.0,0.0,108,1,-1
0.0,0.0,85,1,1
0.0,0.0,108,1,-1
0.0,0.0,62,1,1
0.0,0.0,108,1,-1
0.0,0.0,85,1,1
0.0,0.0,108,1,-1
0.0,0.0,62,1,1
0.0,0.0,108,1,-1
0.0,0.0,85,1,1
0.0,0.0,108,1,-1
0.0,0.0,62,1,1
0.0,0.0,108,1,-1
0.0,0.0,85,1,1
0.0,0.0,108,1,-1
0.0,0.0,62,1,1
0.0,0.0,108,1,-1
0.0,0.0,85,1,1
0.0,0.0,108,1,-1
0.0,0.0,62,1,1
0.0,0.0,108,1,-1
0.0,0.0,85,1,1
0.0,0.0,108,1,-1
-3.51e-07,3.51e-07,221,2,1
0.0,0.0,108,1,-1
0.0,0.0,85,1,1
0.0,0.0,108,1,-1
0.0,0.0,85,1,1
0.0,0.0,108,1,-1
0.0,0.0,62,1,1
0.0,0.0,108,1,-1
0.0,0.0,85,1,1
0.0,0.0,108,1,-1
0.0,0.0,62,1,1
0.0,0.0,108,1,-1
0.0,0.0,88,1,1
0.0,0.0,128,1,-1
0.0,0.0,222,1,-1
-4.3e-07,4.3e-07,245,2,1
0.0,0.0,108,1,-1
0.0,0.0,108,1,-1
0.0,0.0,66,1,1
0.0,0.0,62,1,1
0.0,0.0,173,1,-1
0.0,0.0,108,1,-1
0.0,0.0,85,1,1
0.0,0.0,108,1,-1
0.0,0.0,62,1,1
0.0,0.0,62,1,1
0.0,0.0,149,1,-1
0.0,0.0,108,1,-1
0.0,0.0,100,1,1
0.0,0.0,108,1,-1
0.0,0.0,283,1,-1
0.0,0.0,62,1,1
-0.000183794,0.000183794,221,2,1
0.0,0.0,66,1,1
0.0,0.0,334,1,1
0.0,0.0,120,1,-1
0.0,0.0,66,1,1
0.0,0.0,108,1,-1
0.0,0.0,62,1,1
0.0,0.0,108,1,-1
0.0,0.0,108,1,-1
0.0,0.0,85,1,1
0.0,0.0,62,1,1
0.0,0.0,108,1,-1
-0.00056569,0.00056569,242,2,1
0.0,0.0,108,1,-1
0.0,0.0,108,1,-1
0.0,0.0,62,1,1
0.0,0.0,62,1,1
0.0,0.0,108,1,-1
0.0,0.0,85,1,1
0.0,0.0,108,1,-1
0.0,0.0,108,1,-1
0.0,0.0,62,1,1
0.0,0.0,62,1,1
0.0,0.0,108,1,-1
0.0,0.0,85,1,1
0.0,0.0,108,1,-1
0.0,0.0,108,1,-1
0.0,0.0,85,1,1
0.0,0.0,62,1,1
0.0,0.0,108,1,-1
0.0,0.0,62,1,1
0.0,0.0,108,1,-1
0.0,0.0,108,1,-1
0.0,0.0,85,1,1
0.0,0.0,62,1,1
0.0,0.0,108,1,-1
0.0,0.0,62,1,1
0.0,0.0,108,1,-1
0.0,0.0,108,1,-1
0.0,0.0,85,1,1
0.0,0.0,62,1,1
0.0,0.0,108,1,-1
0.0,0.0,62,1,1
0.0,0.0,108,1,-1
0.0,0.0,108,1,-1
0.0,0.0,85,1,1
0.0,0.0,108,1,-1
0.0,0.0,62,1,1
0.0,0.0,108,1,-1
0.0,0.0,108,1,-1
0.0,0.0,85,1,1
0.0,0.0,62,1,1
0.0,0.0,108,1,-1
0.0,0.0,62,1,1
0.0,0.0,108,1,-1
0.0,0.0,108,1,-1
0.0,0.0,85,1,1
0.0,0.0,62,1,1
0.0,0.0,108,1,-1
0.0,0.0,62,1,1
0.0,0.0,108,1,-1
0.0,0.0,108,1,-1
0.0,0.0,85,1,1
0.0,0.0,62,1,1
0.0,0.0,108,1,-1
0.0,0.0,85,1,1
0.0,0.0,108,1,-1
0.0,0.0,108,1,-1
0.0,0.0,62,1,1
0.0,0.0,62,1,1
0.0,0.0,155,1,1
0.0,0.0,108,1,-1
0.0,0.0,85,1,1
0.0,0.0,108,1,-1
0.0,0.0,108,1,-1
0.0,0.0,62,1,1
0.0,0.0,62,1,1
0.0,0.0,108,1,-1
0.0,0.0,85,1,1
0.0,0.0,108,1,-1
0.0,0.0,108,1,-1
0.0,0.0,62,1,1
0.0,0.0,62,1,1
0.0,0.0,155,1,1
0.0,0.0,108,1,-1
0.0,0.0,85,1,1
0.0,0.0,108,1,-1
0.0,0.0,108,1,-1
0.0,0.0,62,1,1
0.0,0.0,62,1,1
0.0,0.0,108,1,-1
0.0,0.0,85,1,1
0.0,0.0,108,1,-1
0.0,0.0,108,1,-1
0.0,0.0,85,1,1
0.0,0.0,62,1,1
0.0,0.0,108,1,-1
0.0,0.0,62,1,1
0.0,0.0,108,1,-1
0.0,0.0,108,1,-1
0.0,0.0,85,1,1
0.0,0.0,62,1,1
0.0,0.0,108,1,-1
0.0,0.0,62,1,1
0.0,0.0,108,1,-1
0.0,0.0,108,1,-1
0.0,0.0,85,1,1
0.0,0.0,118,1,1
0.0,0.0,108,1,-1
0.0,0.0,62,1,1
0.0,0.0,108,1,-1
0.0,0.0,108,1,-1
0.0,0.0,201,1,1
0.0,0.0,62,1,1
0.0,0.0,108,1,-1
0.0,0.0,62,1,1
0.0,0.0,108,1,-1
0.0,0.0,108,1,-1
0.0,0.0,85,1,1
0.0,0.0,62,1,1
0.0,0.0,108,1,-1
0.0,0.0,62,1,1
0.0,0.0,108,1,-1
0.0,0.0,108,1,-1
0.0,0.0,85,1,1
0.0,0.0,62,1,1
0.0,0.0,108,1,-1
0.0,0.0,62,1,1
0.0,0.0,108,1,-1
0.0,0.0,108,1,-1
0.0,0.0,85,1,1
0.0,0.0,62,1,1
0.0,0.0,108,1,-1
0.0,0.0,62,1,1
0.0,0.0,108,1,-1
0.0,0.0,108,1,-1
0.0,0.0,85,1,1
0.0,0.0,62,1,1
0.0,0.0,108,1,-1
0.0,0.0,88,1,1
0.0,0.0,108,1,-1
0.0,0.0,108,1,-1
0.0,0.0,62,1,1
0.0,0.0,62,1,1
0.0,0.0,108,1,-1
0.0,0.0,88,1,1
0.0,0.0,108,1,-1
0.0,0.0,108,1,-1
0.0,0.0,62,1,1
0.0,0.0,62,1,1
0.0,0.0,108,1,-1
0.0,0.0,85,1,1
0.0,0.0,108,1,-1
0.0,0.0,108,1,-1
0.0,0.0,62,1,1
0.0,0.0,62,1,1
0.0,0.0,108,1,-1
0.0,0.0,85,1,1
0.0,0.0,108,1,-1
0.0,0.0,108,1,-1
0.0,0.0,62,1,1
0.0,0.0,85,1,1
0.0,0.0,108,1,-1
0.0,0.0,62,1,1
0.0,0.0,108,1,-1
0.0,0.0,108,1,-1
0.0,0.0,85,1,1
0.0,0.0,62,1,1
0.0,0.0,108,1,-1
0.0,0.0,62,1,1
0.0,0.0,108,1,-1
0.0,0.0,108,1,-1
0.0,0.0,85,1,1
0.0,0.0,62,1,1
0.0,0.0,108,1,-1
0.0,0.0,62,1,1
0.0,0.0,108,1,-1
0.0,0.0,108,1,-1
0.0,0.0,85,1,1
-3.11e-07,3.11e-07,219,2,1
0.0,0.0,108,1,-1
0.0,0.0,62,1,1
0.0,0.0,108,1,-1
0.0,0.0,108,1,-1
0.0,0.0,85,1,1
0.0,0.0,62,1,1
0.0,0.0,108,1,-1
0.0,0.0,62,1,1
0.0,0.0,108,1,-1
0.0,0.0,108,1,-1
0.0,0.0,89,1,1
0.0,0.0,62,1,1
0.0,0.0,108,1,-1
0.0,0.0,62,1,1
0.0,0.0,108,1,-1
0.0,0.0,108,1,-1
0.0,0.0,85,1,1
0.0,0.0,62,1,1
0.0,0.0,108,1,-1
0.0,0.0,85,1,1
0.0,0.0,108,1,-1
0.0,0.0,108,1,-1
0.0,0.0,62,1,1
-5.31e-07,5.31e-07,219,2,1
0.0,0.0,108,1,-1
0.0,0.0,85,1,1
0.0,0.0,108,1,-1
0.0,0.0,108,1,-1
0.0,0.0,62,1,1
0.0,0.0,62,1,1
0.0,0.0,108,1,-1
0.0,0.0,85,1,1
0.0,0.0,108,1,-1
0.0,0.0,108,1,-1
0.0,0.0,62,1,1
0.0,0.0,62,1,1
0.0,0.0,108,1,-1
0.0,0.0,85,1,1
0.0,0.0,108,1,-1
0.0,0.0,108,1,-1
0.0,0.0,62,1,1
0.0,0.0,62,1,1
0.0,0.0,108,1,-1
0.0,0.0,85,1,1
0.0,0.0,108,1,-1
0.0,0.0,108,1,-1
0.0,0.0,62,1,1
0.0,0.0,62,1,1
0.0,0.0,108,1,-1
0.0,0.0,85,1,1
0.0,0.0,108,1,-1
0.0,0.0,108,1,-1
0.0,0.0,62,1,1
-5.61e-07,5.61e-07,240,2,1
0.0,0.0,108,1,-1
0.0,0.0,62,1,1
0.0,0.0,108,1,-1
0.0,0.0,108,1,-1
0.0,0.0,85,1,1
0.0,0.0,62,1,1
0.0,0.0,108,1,-1
0.0,0.0,62,1,1
0.0,0.0,108,1,-1
0.0,0.0,108,1,-1
0.0,0.0,85,1,1
0.0,0.0,62,1,1
0.0,0.0,108,1,-1
0.0,0.0,62,1,1
0.0,0.0,108,1,-1
0.0,0.0,108,1,-1
0.0,0.0,85,1,1
0.0,0.0,62,1,1
0.0,0.0,108,1,-1
0.0,0.0,62,1,1
0.0,0.0,108,1,-1
0.0,0.0,108,1,-1
0.0,0.0,85,1,1
0.0,0.0,62,1,1
0.0,0.0,108,1,-1
0.0,0.0,62,1,1
0.0,0.0,108,1,-1
0.0,0.0,108,1,-1
0.0,0.0,85,1,1
0.0,0.0,62,1,1
0.0,0.0,155,1,1
0.0,0.0,108,1,-1
0.0,0.0,62,1,1
0.0,0.0,108,1,-1
0.0,0.0,108,1,-1
0.0,0.0,85,1,1
-4.91e-07,4.91e-07,219,2,1
0.0,0.0,108,1,-1
0.0,0.0,62,1,1
0.0,0.0,108,1,-1
0.0,0.0,108,1,-1
0.0,0.0,100,1,1
0.0,0.0,62,1,1
0.0,0.0,108,1,-1
0.0,0.0,85,1,1
0.0,0.0,108,1,-1
0.0,0.0,108,1,-1
0.0,0.0,62,1,1
0.0,0.0,62,1,1
0.0,0.0,108,1,-1
0.0,0.0,85,1,1
0.0,0.0,108,1,-1
0.0,0.0,108,1,-1
0.0,0.0,62,1,1
0.0,0.0,62,1,1
0.0,0.0,108,1,-1
0.0,0.0,85,1,1
0.0,0.0,108,1,-1
0.0,0.0,108,1,-1
0.0,0.0,62,1,1
0.0,0.0,85,1,1
0.0,0.0,108,1,-1
0.0,0.0,62,1,1
0.0,0.0,108,1,-1
0.0,0.0,108,1,-1
0.0,0.0,85,1,1
0.0,0.0,62,1,1
0.0,0.0,108,1,-1
0.0,0.0,62,1,1
0.0,0.0,108,1,-1
0.0,0.0,108,1,-1
0.0,0.0,85,1,1
0.0,0.0,62,1,1
0.0,0.0,108,1,-1
0.0,0.0,62,1,1
0.0,0.0,108,1,-1
0.0,0.0,108,1,-1
0.0,0.0,85,1,1
0.0,0.0,62,1,1
0.0,0.0,108,1,-1
0.0,0.0,62,1,1
0.0,0.0,108,1,-1
0.0,0.0,108,1,-1
0.0,0.0,85,1,1
0.0,0.0,62,1,1
0.0,0.0,108,1,-1
0.0,0.0,62,1,1
0.0,0.0,108,1,-1
0.0,0.0,108,1,-1
0.0,0.0,85,1,1
0.0,0.0,62,1,1
0.0,0.0,108,1,-1
0.0,0.0,62,1,1
0.0,0.0,108,1,-1
0.0,0.0,108,1,-1
0.0,0.0,85,1,1
0.0,0.0,62,1,1
0.0,0.0,108,1,-1
0.0,0.0,62,1,1
0.0,0.0,108,1,-1
0.0,0.0,108,1,-1
0.0,0.0,85,1,1
0.0,0.0,62,1,1
0.0,0.0,108,1,-1
0.0,0.0,62,1,1
0.0,0.0,108,1,-1
0.0,0.0,108,1,-1
0.0,0.0,85,1,1
0.0,0.0,62,1,1
0.0,0.0,108,1,-1
0.0,0.0,85,1,1
0.0,0.0,108,1,-1
0.0,0.0,108,1,-1
0.0,0.0,62,1,1
0.0,0.0,62,1,1
0.0,0.0,108,1,-1
0.0,0.0,85,1,1
0.0,0.0,108,1,-1
0.0,0.0,108,1,-1
0.0,0.0,62,1,1
0.0,0.0,62,1,1
0.0,0.0,108,1,-1
0.0,0.0,85,1,1
0.0,0.0,108,1,-1
0.0,0.0,108,1,-1
0.0,0.0,62,1,1
0.0,0.0,62,1,1
0.0,0.0,108,1,-1
0.0,0.0,85,1,1
0.0,0.0,108,1,-1
0.0,0.0,108,1,-1
0.0,0.0,85,1,1
0.0,0.0,62,1,1
0.0,0.0,108,1,-1
0.0,0.0,66,1,1
0.0,0.0,108,1,-1
0.0,0.0,108,1,-1
0.0,0.0,85,1,1
0.0,0.0,62,1,1
0.0,0.0,108,1,-1
0.0,0.0,108,1,-1
0.0,0.0,85,1,1
0.0,0.0,62,1,1
0.0,0.0,108,1,-1
0.0,0.0,108,1,-1
0.0,0.0,85,1,1
0.0,0.0,118,1,1
0.0,0.0,108,1,-1
0.0,0.0,108,1,-1
0.0,0.0,205,1,1
0.0,0.0,62,1,1
0.0,0.0,108,1,-1
0.0,0.0,85,1,1
0.0,0.0,108,1,-1
0.0,0.0,85,1,1
0.0,0.0,108,1,-1
0.0,0.0,85,1,1
0.0,0.0,108,1,-1
0.0,0.0,85,1,1
0.0,0.0,108,1,-1
0.0,0.0,85,1,1
0.0,0.0,108,1,-1
0.0,0.0,85,1,1
0.0,0.0,108,1,-1
0.0,0.0,88,1,1
0.0,0.0,108,1,-1
0.0,0.0,88,1,1
0.0,0.0,108,1,-1
0.0,0.0,85,1,1
Clump Interarrival,Clump Duration,Clump Size,Clump Packets,Clump Direction
0.0,0.0,222,1,-1
0.0,0.0,104,1,1
0.0,0.0,173,1,-1
0.0,0.0,89,1,1
0.0,0.0,153,1,-1
0.0,0.0,89,1,1
0.0,0.0,108,1,-1
0.0,0.0,66,1,1
0.0,0.0,108,1,-1
0.0,0.0,85,1,1
0.0,0.0,108,1,-1
0.0,0.0,88,1,1
0.0,0.0,108,1,-1
0.0,0.0,85,1,1
0.0,0.0,108,1,-1
0.0,0.0,85,1,1
0.0,0.0,108,1,-1
0.0,0.0,85,1,1
0.0,0.0,108,1,-1
0.0,0.0,85,1,1
0.0,0.0,108,1,-1
0.0,0.0,85,1,1
0.0,0.0,108,1,-1
0.0,0.0,85,1,1
0.0,0.0,108,1,-1
0.0,0.0,88,1,1
0.0,0.0,108,1,-1
0.0,0.0,85,1,1
0.0,0.0,108,1,-1
0.0,0.0,85,1,1
0.0,0.0,108,1,-1
0.0,0.0,88,1,1
0.0,0.0,108,1,-1
0.0,0.0,62,1,1
0.0,0.0,108,1,-1
0.0,0.0,62,1,1
0.0,0.0,108,1,-1
0.0,0.0,88,1,1
0.0,0.0,283,1,-1
0.0,0.0,66,1,1
0.0,0.0,283,1,-1
0.0,0.0,62,1,1
0.0,0.0,283,1,-1
0.0,0.0,66,1,1
0.0,0.0,122,1,-1
0.0,0.0,66,1,1
0.0,0.0,108,1,-1
0.0,0.0,62,1,1
0.0,0.0,108,1,-1
0.0,0.0,85,1,1
0.0,0.0,108,1,-1
0.0,0.0,85,1,1
0.0,0.0,108,1,-1
0.0,0.0,85,1,1
0.0,0.0,108,1,-1
0.0,0.0,85,1,1
0.0,0.0,108,1,-1
0.0,0.0,85,1,1
0.0,0.0,108,1,-1
0.0,0.0,85,1,1
0.0,0.0,108,1,-1
0.0,0.0,85,1,1
0.0,0.0,108,1,-1
0.0,0.0,85,1,1
0.0,0.0,108,1,-1
0.0,0.0,85,1,1
0.0,0.0,108,1,-1
0.0,0.0,85,1,1
0.0,0.0,108,1,-1
0.0,0.0,85,1,1
0.0,0.0,157,1,1
0.0,0.0,108,1,-1
0.0,0.0,85,1,1
0.0,0.0,108,1,-1
0.0,0.0,85,1,1
0.0,0.0,108,1,-1
0.0,0.0,85,1,1
0.0,0.0,108,1,-1
0.0,0.0,85,1,1
0.0,0.0,108,1,-1
0.0,0.0,85,1,1
0.0,0.0,108,1,-1
0.0,0.0,85,1,1
0.0,0.0,108,1,-1
0.0,0.0,85,1,1
0.0,0.0,108,1,-1
0.0,0.0,85,1,1
0.0,0.0,108,1,-1
0.0,0.0,85,1,1
0.0,0.0,157,1,1
0.0,0.0,108,1,-1
0.0,0.0,85,1,1
0.0,0.0,108,1,-1
0.0,0.0,141,1,1
0.0,0.0,108,1,-1
0.0,0.0,121,1,1
0.0,0.0,108,1,-1
0.0,0.0,165,1,1
0.0,0.0,108,1,-1
0.0,0.0,85,1,1
0.0,0.0,108,1,-1
0.0,0.0,85,1,1
0.0,0.0,108,1,-1
0.0,0.0,85,1,1
0.0,0.0,108,1,-1
0.0,0.0,85,1,1
0.0,0.0,108,1,-1
0.0,0.0,89,1,1
0.0,0.0,222,1,-1
0.0,0.0,128,1,-1
0.0,0.0,81,1,1
0.0,0.0,108,1,-1
0.0,0.0,62,1,1
0.0,0.0,173,1,-1
0.0,0.0,89,1,1
0.0,0.0,108,1,-1
0.0,0.0,89,1,1
0.0,0.0,149,1,-1
0.0,0.0,65,1,1
0.0,0.0,198,1,1
0.0,0.0,108,1,-1
0.0,0.0,108,1,-1
0.0,0.0,88,1,1
0.0,0.0,62,1,1
0.0,0.0,108,1,-1
0.0,0.0,85,1,1
0.0,0.0,108,1,-1
0.0,0.0,62,1,1
0.0,0.0,108,1,-1
0.0,0.0,85,1,1
0.0,0.0,108,1,-1
0.0,0.0,62,1,1
0.0,0.0,108,1,-1
0.0,0.0,85,1,1
0.0,0.0,157,1,1
0.0,0.0,108,1,-1
0.0,0.0,85,1,1
0.0,0.0,108,1,-1
0.0,0.0,62,1,1
0.0,0.0,108,1,-1
0.0,0.0,85,1,1
0.0,0.0,108,1,-1
0.0,0.0,62,1,1
0.0,0.0,108,1,-1
0.0,0.0,85,1,1
0.0,0.0,108,1,-1
0.0,0.0,62,1,1
0.0,0.0,108,1,-1
0.0,0.0,89,1,1
0.0,0.0,222,1,-1
0.0,0.0,108,1,-1
0.0,0.0,128,1,-1
0.0,0.0,85,1,1
0.0,0.0,108,1,-1
0.0,0.0,62,1,1
0.0,0.0,173,1,-1
0.0,0.0,89,1,1
0.0,0.0,108,1,-1
0.0,0.0,108,1,-1
0.0,0.0,62,1,1
0.0,0.0,62,1,1
0.0,0.0,149,1,-1
0.0,0.0,108,1,-1
0.0,0.0,85,1,1
0.0,0.0,108,1,-1
0.0,0.0,157,1,-1
0.0,0.0,62,1,1
0.0,0.0,62,1,1
0.0,0.0,65,1,1
0.0,0.0,128,1,-1
0.0,0.0,65,1,1
0.0,0.0,108,1,-1
0.0,0.0,108,1,-1
0.0,0.0,85,1,1
0.0,0.0,62,1,1
0.0,0.0,108,1,-1
0.0,0.0,108,1,-1
0.0,0.0,85,1,1
0.0,0.0,62,1,1
0.0,0.0,108,1,-1
0.0,0.0,108,1,-1
0.0,0.0,85,1,1
0.0,0.0,62,1,1
0.0,0.0,108,1,-1
0.0,0.0,85,1,1
0.0,0.0,108,1,-1
0.0,0.0,85,1,1
0.0,0.0,108,1,-1
0.0,0.0,108,1,-1
0.0,0.0,62,1,1
0.0,0.0,85,1,1
0.0,0.0,108,1,-1
0.0,0.0,108,1,-1
0.0,0.0,85,1,1
0.0,0.0,62,1,1
0.0,0.0,108,1,-1
0.0,0.0,108,1,-1
0.0,0.0,85,1,1
0.0,0.0,62,1,1
0.0,0.0,108,1,-1
0.0,0.0,108,1,-1
0.0,0.0,88,1,1
0.0,0.0,62,1,1
0.0,0.0,108,1,-1
0.0,0.0,85,1,1
0.0,0.0,108,1,-1
0.0,0.0,85,1,1
0.0,0.0,108,1,-1
0.0,0.0,85,1,1
0.0,0.0,108,1,-1
0.0,0.0,85,1,1
0.0,0.0,108,1,-1
0.0,0.0,89,1,1
